ISO-10303-21;
HEADER;
FILE_DESCRIPTION (( 'STEP AP214' ),
    '1' );
FILE_NAME ('CUI_DEVICES_DS01C-254-S-03BE.step',
    '2020-04-22T20:38:25',
    ( '' ),
    ( '' ),
    'SwSTEP 2.0',
    'SolidWorks 2020',
    '' );
FILE_SCHEMA (( 'AUTOMOTIVE_DESIGN' ));
ENDSEC;

DATA;
#1 = STYLED_ITEM ( 'NONE', ( #800 ), #5175 ) ;
#2 = SURFACE_SIDE_STYLE ('',( #482 ) ) ;
#3 = VECTOR ( 'NONE', #1268, 39.37007874015748143 ) ;
#4 = ORIENTED_EDGE ( 'NONE', *, *, #1536, .T. ) ;
#5 = CIRCLE ( 'NONE', #827, 0.005168431248992117963 ) ;
#6 = ORIENTED_EDGE ( 'NONE', *, *, #3888, .F. ) ;
#7 = CARTESIAN_POINT ( 'NONE',  ( 0.1535433070866144833, -0.1407480314960625756, 0.01515748031496108768 ) ) ;
#8 = VERTEX_POINT ( 'NONE', #4287 ) ;
#9 = PRESENTATION_LAYER_ASSIGNMENT (  '', '', ( #5490 ) ) ;
#10 =( LENGTH_UNIT ( ) NAMED_UNIT ( * ) SI_UNIT ( $, .METRE. ) );
#11 = VERTEX_POINT ( 'NONE', #6212 ) ;
#12 = EDGE_CURVE ( 'NONE', #1378, #2682, #804, .T. ) ;
#13 = CARTESIAN_POINT ( 'NONE',  ( 9.505842145891429112E-17, -0.06003937007874016185, 9.816816480438417514E-17 ) ) ;
#14 = ORIENTED_EDGE ( 'NONE', *, *, #23, .F. ) ;
#15 = PLANE ( 'NONE',  #2683 ) ;
#16 = VECTOR ( 'NONE', #3766, 39.37007874015748143 ) ;
#17 = EDGE_CURVE ( 'NONE', #2962, #4560, #213, .T. ) ;
#18 = CARTESIAN_POINT ( 'NONE',  ( -0.06929133858267740032, 0.1269685039370080926, 0.03366141732283462612 ) ) ;
#19 = DIRECTION ( 'NONE',  ( 8.640684008184001570E-13, -1.644517855224633408E-15, -1.000000000000000000 ) ) ;
#20 = SURFACE_STYLE_USAGE ( .BOTH. , #5856 ) ;
#21 = DIRECTION ( 'NONE',  ( 1.602884491802569361E-15, -1.000000000000000000, 1.644517855226017859E-15 ) ) ;
#22 = SURFACE_STYLE_FILL_AREA ( #4867 ) ;
#23 = EDGE_CURVE ( 'NONE', #3327, #3212, #1433, .T. ) ;
#24 = CARTESIAN_POINT ( 'NONE',  ( -0.06929133858267749746, 0.1958661417322837550, -0.06633858267716551127 ) ) ;
#25 = CYLINDRICAL_SURFACE ( 'NONE', #5069, 0.009105439123007872879 ) ;
#26 = DIRECTION ( 'NONE',  ( 2.348093788196917952E-30, -1.644517855226018450E-15, -1.000000000000000000 ) ) ;
#27 = DIRECTION ( 'NONE',  ( 0.0000000000000000000, 0.0000000000000000000, 1.000000000000000000 ) ) ;
#28 = SURFACE_STYLE_FILL_AREA ( #3768 ) ;
#29 = AXIS2_PLACEMENT_3D ( 'NONE', #5970, #3622, #653 ) ;
#30 = VECTOR ( 'NONE', #3403, 39.37007874015748143 ) ;
#31 = DIRECTION ( 'NONE',  ( -2.348093788196917952E-30, 1.644517855226018450E-15, 1.000000000000000000 ) ) ;
#32 = ORIENTED_EDGE ( 'NONE', *, *, #3215, .F. ) ;
#33 = AXIS2_PLACEMENT_3D ( 'NONE', #5221, #281, #3743 ) ;
#34 = AXIS2_PLACEMENT_3D ( 'NONE', #2188, #159, #2686 ) ;
#35 = ORIENTED_EDGE ( 'NONE', *, *, #2918, .T. ) ;
#36 = SURFACE_STYLE_FILL_AREA ( #3977 ) ;
#37 = EDGE_LOOP ( 'NONE', ( #1087, #1622, #5959, #3864 ) ) ;
#38 = DIMENSIONAL_EXPONENTS ( 1.000000000000000000, 0.0000000000000000000, 0.0000000000000000000, 0.0000000000000000000, 0.0000000000000000000, 0.0000000000000000000, 0.0000000000000000000 ) ;
#39 =( GEOMETRIC_REPRESENTATION_CONTEXT ( 3 ) GLOBAL_UNCERTAINTY_ASSIGNED_CONTEXT ( ( #4998 ) ) GLOBAL_UNIT_ASSIGNED_CONTEXT ( ( #2456, #5326, #2018 ) ) REPRESENTATION_CONTEXT ( 'NONE', 'WORKASPACE' ) );
#40 = VECTOR ( 'NONE', #500, 39.37007874015748143 ) ;
#41 =( LENGTH_UNIT ( ) NAMED_UNIT ( * ) SI_UNIT ( $, .METRE. ) );
#42 = CARTESIAN_POINT ( 'NONE',  ( -0.1464566929133861994, 0.2273622047244093780, 0.05413385826771639764 ) ) ;
#43 = VERTEX_POINT ( 'NONE', #949 ) ;
#44 =( GEOMETRIC_REPRESENTATION_CONTEXT ( 3 ) GLOBAL_UNCERTAINTY_ASSIGNED_CONTEXT ( ( #4502 ) ) GLOBAL_UNIT_ASSIGNED_CONTEXT ( ( #3310, #3374, #969 ) ) REPRESENTATION_CONTEXT ( 'NONE', 'WORKASPACE' ) );
#45 = SURFACE_STYLE_USAGE ( .BOTH. , #4338 ) ;
#46 = ORIENTED_EDGE ( 'NONE', *, *, #4548, .F. ) ;
#47 = LINE ( 'NONE', #563, #4323 ) ;
#48 = TOROIDAL_SURFACE ( 'NONE', #1185, 0.005168431248992125769, 0.003937007874015747977 ) ;
#49 = FILL_AREA_STYLE_COLOUR ( '', #5629 ) ;
#50 = EDGE_CURVE ( 'NONE', #1316, #844, #4008, .T. ) ;
#51 = SURFACE_STYLE_USAGE ( .BOTH. , #4517 ) ;
#52 = CARTESIAN_POINT ( 'NONE',  ( -0.1464566929133855611, -0.1722440944881890312, 0.01200787401574855001 ) ) ;
#53 = CARTESIAN_POINT ( 'NONE',  ( 0.1535433070866144833, -0.1407480314960625756, -0.1068897637795270944 ) ) ;
#54 = ADVANCED_FACE ( 'NONE', ( #1327 ), #3247, .T. ) ;
#55 = PLANE ( 'NONE',  #3143 ) ;
#56 = ADVANCED_FACE ( 'NONE', ( #5410 ), #5830, .F. ) ;
#57 = EDGE_CURVE ( 'NONE', #3702, #707, #1463, .T. ) ;
#58 = CARTESIAN_POINT ( 'NONE',  ( 0.01934165959544855914, 0.1643700787401578267, -0.07544402180015759296 ) ) ;
#59 = PRESENTATION_LAYER_ASSIGNMENT (  '', '', ( #4247 ) ) ;
#60 = SURFACE_SIDE_STYLE ('',( #3903 ) ) ;
#61 = FACE_OUTER_BOUND ( 'NONE', #1779, .T. ) ;
#62 = PRESENTATION_STYLE_ASSIGNMENT (( #4419 ) ) ;
#63 = SURFACE_SIDE_STYLE ('',( #28 ) ) ;
#64 = VERTEX_POINT ( 'NONE', #1588 ) ;
#65 = ORIENTED_EDGE ( 'NONE', *, *, #4208, .F. ) ;
#66 = DIRECTION ( 'NONE',  ( 1.602884491802569361E-15, -1.000000000000000000, 1.644517855226018450E-15 ) ) ;
#67 =( CONVERSION_BASED_UNIT ( 'INCH', #1082 ) LENGTH_UNIT ( ) NAMED_UNIT ( #2379 ) );
#68 = FACE_OUTER_BOUND ( 'NONE', #2986, .T. ) ;
#69 = ORIENTED_EDGE ( 'NONE', *, *, #2532, .T. ) ;
#70 = LINE ( 'NONE', #3914, #4584 ) ;
#71 = DIRECTION ( 'NONE',  ( 6.254816746612918849E-10, -1.000000000000000000, 1.644517855226017859E-15 ) ) ;
#72 = AXIS2_PLACEMENT_3D ( 'NONE', #4174, #1212, #290 ) ;
#73 = VERTEX_POINT ( 'NONE', #4874 ) ;
#74 = LINE ( 'NONE', #2961, #3814 ) ;
#75 = ORIENTED_EDGE ( 'NONE', *, *, #2026, .F. ) ;
#76 = DIRECTION ( 'NONE',  ( -1.000000000000000000, -1.602884491802569361E-15, 2.711709361697226329E-31 ) ) ;
#77 =( NAMED_UNIT ( * ) PLANE_ANGLE_UNIT ( ) SI_UNIT ( $, .RADIAN. ) );
#78 =( NAMED_UNIT ( * ) SI_UNIT ( $, .STERADIAN. ) SOLID_ANGLE_UNIT ( ) );
#79 = SURFACE_SIDE_STYLE ('',( #5398 ) ) ;
#80 = CARTESIAN_POINT ( 'NONE',  ( 0.06929133858267692847, 0.1564960629921264001, -0.06633858267716544188 ) ) ;
#81 =( NAMED_UNIT ( * ) SI_UNIT ( $, .STERADIAN. ) SOLID_ANGLE_UNIT ( ) );
#82 =( GEOMETRIC_REPRESENTATION_CONTEXT ( 3 ) GLOBAL_UNCERTAINTY_ASSIGNED_CONTEXT ( ( #5067 ) ) GLOBAL_UNIT_ASSIGNED_CONTEXT ( ( #4218, #5724, #5269 ) ) REPRESENTATION_CONTEXT ( 'NONE', 'WORKASPACE' ) );
#83 = FACE_OUTER_BOUND ( 'NONE', #249, .T. ) ;
#84 = CARTESIAN_POINT ( 'NONE',  ( -0.007480314960630246417, 0.1998031496062994683, 0.004133858267716384455 ) ) ;
#85 = DIRECTION ( 'NONE',  ( 0.0000000000000000000, -1.875148439272792120E-15, -1.000000000000000000 ) ) ;
#86 = LINE ( 'NONE', #5372, #1338 ) ;
#87 = MECHANICAL_DESIGN_GEOMETRIC_PRESENTATION_REPRESENTATION (  '', ( #2258 ), #2959 ) ;
#88 = EDGE_CURVE ( 'NONE', #43, #3301, #3389, .T. ) ;
#89 = VECTOR ( 'NONE', #5050, 39.37007874015748143 ) ;
#90 = CARTESIAN_POINT ( 'NONE',  ( 0.06018589945968484678, 0.1269685039370082313, 0.02455597819984248892 ) ) ;
#91 = CARTESIAN_POINT ( 'NONE',  ( 0.1464566929133862272, -0.1722440944881885594, 0.01200787401574855001 ) ) ;
#92 =( CONVERSION_BASED_UNIT ( 'INCH', #3906 ) LENGTH_UNIT ( ) NAMED_UNIT ( #3318 ) );
#93 = ADVANCED_FACE ( 'NONE', ( #6281 ), #3010, .T. ) ;
#94 = VERTEX_POINT ( 'NONE', #1499 ) ;
#95 = AXIS2_PLACEMENT_3D ( 'NONE', #6166, #329, #3659 ) ;
#96 = AXIS2_PLACEMENT_3D ( 'NONE', #2292, #1785, #719 ) ;
#97 = DIMENSIONAL_EXPONENTS ( 1.000000000000000000, 0.0000000000000000000, 0.0000000000000000000, 0.0000000000000000000, 0.0000000000000000000, 0.0000000000000000000, 0.0000000000000000000 ) ;
#98 = UNCERTAINTY_MEASURE_WITH_UNIT (LENGTH_MEASURE( 1.000000000000000082E-05 ), #6232, 'distance_accuracy_value', 'NONE');
#99 = ORIENTED_EDGE ( 'NONE', *, *, #3242, .F. ) ;
#100 = ORIENTED_EDGE ( 'NONE', *, *, #3097, .T. ) ;
#101 = SURFACE_STYLE_FILL_AREA ( #4479 ) ;
#102 = FACE_OUTER_BOUND ( 'NONE', #4257, .T. ) ;
#103 = VECTOR ( 'NONE', #1905, 39.37007874015748143 ) ;
#104 =( NAMED_UNIT ( * ) PLANE_ANGLE_UNIT ( ) SI_UNIT ( $, .RADIAN. ) );
#105 = VERTEX_POINT ( 'NONE', #1942 ) ;
#106 = MECHANICAL_DESIGN_GEOMETRIC_PRESENTATION_REPRESENTATION (  '', ( #1964 ), #3668 ) ;
#107 = EDGE_CURVE ( 'NONE', #560, #4622, #4805, .T. ) ;
#108 = CARTESIAN_POINT ( 'NONE',  ( -0.1464566929133855611, -0.1722440944881890867, 0.09625984251968555672 ) ) ;
#109 =( LENGTH_UNIT ( ) NAMED_UNIT ( * ) SI_UNIT ( $, .METRE. ) );
#110 = AXIS2_PLACEMENT_3D ( 'NONE', #6109, #3791, #5134 ) ;
#111 =( GEOMETRIC_REPRESENTATION_CONTEXT ( 3 ) GLOBAL_UNCERTAINTY_ASSIGNED_CONTEXT ( ( #2274 ) ) GLOBAL_UNIT_ASSIGNED_CONTEXT ( ( #1975, #4986, #5380 ) ) REPRESENTATION_CONTEXT ( 'NONE', 'WORKASPACE' ) );
#112 = ORIENTED_EDGE ( 'NONE', *, *, #1370, .T. ) ;
#113 = FACE_OUTER_BOUND ( 'NONE', #3211, .T. ) ;
#114 = CARTESIAN_POINT ( 'NONE',  ( 0.1535433070866139005, 0.2273622047244098776, -0.04586614173228362179 ) ) ;
#115 = CIRCLE ( 'NONE', #3077, 0.009105439123007879818 ) ;
#116 = LINE ( 'NONE', #3057, #89 ) ;
#117 = SURFACE_SIDE_STYLE ('',( #4581 ) ) ;
#118 = SURFACE_STYLE_FILL_AREA ( #1101 ) ;
#119 = DIRECTION ( 'NONE',  ( -2.364801230464485631E-30, 1.644517855226018450E-15, 1.000000000000000000 ) ) ;
#120 = ORIENTED_EDGE ( 'NONE', *, *, #1793, .F. ) ;
#121 = DIRECTION ( 'NONE',  ( -2.047288890593917993E-10, 1.000000000000000000, -2.688773770073551715E-10 ) ) ;
#122 = DIRECTION ( 'NONE',  ( 1.602884491802569361E-15, -1.000000000000000000, 1.548860246407864322E-15 ) ) ;
#123 = ORIENTED_EDGE ( 'NONE', *, *, #1368, .F. ) ;
#124 = VERTEX_POINT ( 'NONE', #1073 ) ;
#125 = VECTOR ( 'NONE', #1934, 39.37007874015748143 ) ;
#126 = ADVANCED_FACE ( 'NONE', ( #4472 ), #4903, .T. ) ;
#127 = EDGE_LOOP ( 'NONE', ( #3429, #2236, #2346, #5626 ) ) ;
#128 = CYLINDRICAL_SURFACE ( 'NONE', #134, 0.009105439123007878083 ) ;
#129 = DIRECTION ( 'NONE',  ( 2.255666698845082219E-10, 1.000000000000000000, -2.962197096095551764E-10 ) ) ;
#130 =( GEOMETRIC_REPRESENTATION_CONTEXT ( 3 ) GLOBAL_UNCERTAINTY_ASSIGNED_CONTEXT ( ( #4391 ) ) GLOBAL_UNIT_ASSIGNED_CONTEXT ( ( #1751, #684, #4601 ) ) REPRESENTATION_CONTEXT ( 'NONE', 'WORKASPACE' ) );
#131 = CARTESIAN_POINT ( 'NONE',  ( -0.007480314960630246417, 0.1998031496062994405, 0.1041338582677163865 ) ) ;
#132 = ORIENTED_EDGE ( 'NONE', *, *, #2000, .F. ) ;
#133 =( CONVERSION_BASED_UNIT ( 'INCH', #1538 ) LENGTH_UNIT ( ) NAMED_UNIT ( #2466 ) );
#134 = AXIS2_PLACEMENT_3D ( 'NONE', #4104, #2101, #5449 ) ;
#135 = CARTESIAN_POINT ( 'NONE',  ( 0.06018589943271623194, 0.1998031496062995238, 0.07460629921259827324 ) ) ;
#136 = PRESENTATION_LAYER_ASSIGNMENT (  '', '', ( #5617 ) ) ;
#137 = ADVANCED_FACE ( 'NONE', ( #604 ), #3868, .F. ) ;
#138 = ADVANCED_FACE ( 'NONE', ( #4154 ), #4997, .T. ) ;
#139 = FACE_OUTER_BOUND ( 'NONE', #4336, .T. ) ;
#140 =( LENGTH_UNIT ( ) NAMED_UNIT ( * ) SI_UNIT ( $, .METRE. ) );
#141 =( CONVERSION_BASED_UNIT ( 'INCH', #2082 ) LENGTH_UNIT ( ) NAMED_UNIT ( #1428 ) );
#142 = CARTESIAN_POINT ( 'NONE',  ( -0.08720472440944881942, -0.06003937007874013410, 0.1007874015748034119 ) ) ;
#143 = DIRECTION ( 'NONE',  ( 1.000000000000000000, 1.602884491802569361E-15, -2.711709361697226329E-31 ) ) ;
#144 = DIRECTION ( 'NONE',  ( 1.602884491802569361E-15, -1.000000000000000000, 1.644517855226017859E-15 ) ) ;
#145 = MECHANICAL_DESIGN_GEOMETRIC_PRESENTATION_REPRESENTATION (  '', ( #4441 ), #6042 ) ;
#146 = VECTOR ( 'NONE', #3362, 39.37007874015748143 ) ;
#147 = DIRECTION ( 'NONE',  ( 0.0000000000000000000, 1.875148439272793303E-15, 1.000000000000000000 ) ) ;
#148 = SURFACE_STYLE_USAGE ( .BOTH. , #1669 ) ;
#149 = ORIENTED_EDGE ( 'NONE', *, *, #5948, .T. ) ;
#150 = PRESENTATION_STYLE_ASSIGNMENT (( #1128 ) ) ;
#151 = CARTESIAN_POINT ( 'NONE',  ( -0.06929133858267740032, 0.1269685039370080371, 0.1336614173228346247 ) ) ;
#152 = DIRECTION ( 'NONE',  ( -1.602884491802569361E-15, 1.000000000000000000, -1.644517855226017859E-15 ) ) ;
#153 = ORIENTED_EDGE ( 'NONE', *, *, #1048, .F. ) ;
#154 = ORIENTED_EDGE ( 'NONE', *, *, #362, .F. ) ;
#155 = MECHANICAL_DESIGN_GEOMETRIC_PRESENTATION_REPRESENTATION (  '', ( #2114 ), #5975 ) ;
#156 = UNCERTAINTY_MEASURE_WITH_UNIT (LENGTH_MEASURE( 1.000000000000000082E-05 ), #597, 'distance_accuracy_value', 'NONE');
#157 = CARTESIAN_POINT ( 'NONE',  ( -0.04940944881889766660, -0.05413385826771646009, 0.1007874015748034119 ) ) ;
#158 = VERTEX_POINT ( 'NONE', #5981 ) ;
#159 = DIRECTION ( 'NONE',  ( -1.602884491802569361E-15, 1.000000000000000000, -1.644517855226017859E-15 ) ) ;
#160 = ORIENTED_EDGE ( 'NONE', *, *, #5702, .F. ) ;
#161 = CARTESIAN_POINT ( 'NONE',  ( 0.06743043410952737071, 0.1269685039370082036, 0.1190400250338188581 ) ) ;
#162 = PRESENTATION_STYLE_ASSIGNMENT (( #1020 ) ) ;
#163 = DIRECTION ( 'NONE',  ( 1.602884491802569361E-15, -1.000000000000000000, 1.644517855226017859E-15 ) ) ;
#164 =( CONVERSION_BASED_UNIT ( 'INCH', #4546 ) LENGTH_UNIT ( ) NAMED_UNIT ( #880 ) );
#165 = EDGE_CURVE ( 'NONE', #1224, #1951, #3121, .T. ) ;
#166 =( CONVERSION_BASED_UNIT ( 'INCH', #2608 ) LENGTH_UNIT ( ) NAMED_UNIT ( #1914 ) );
#167 = EDGE_CURVE ( 'NONE', #834, #4798, #1731, .T. ) ;
#168 = DIRECTION ( 'NONE',  ( -2.364801230464485631E-30, 1.644517855226018450E-15, 1.000000000000000000 ) ) ;
#169 = CARTESIAN_POINT ( 'NONE',  ( 0.1535433070866145389, -0.1722440944881885594, -0.1037401574803144821 ) ) ;
#170 = LENGTH_MEASURE_WITH_UNIT ( LENGTH_MEASURE( 0.02539999999999999897 ), #6029 );
#171 = PLANE ( 'NONE',  #4121 ) ;
#172 = EDGE_CURVE ( 'NONE', #5839, #4339, #115, .T. ) ;
#173 = DIRECTION ( 'NONE',  ( -1.000000000000000000, -1.602884491802569361E-15, 2.878783784372901366E-31 ) ) ;
#174 = CARTESIAN_POINT ( 'NONE',  ( -0.06929133858267740032, 0.1269685039370080093, -0.1253937007874016407 ) ) ;
#175 =( CONVERSION_BASED_UNIT ( 'INCH', #1615 ) LENGTH_UNIT ( ) NAMED_UNIT ( #3457 ) );
#176 = DIRECTION ( 'NONE',  ( -0.7956271577887876756, 0.0000000000000000000, 0.6057866173735895199 ) ) ;
#177 = PLANE ( 'NONE',  #5407 ) ;
#178 = CARTESIAN_POINT ( 'NONE',  ( -0.1535433070866139282, -0.1407480314960630752, -0.08484251968503893349 ) ) ;
#179 = VERTEX_POINT ( 'NONE', #3638 ) ;
#180 = CARTESIAN_POINT ( 'NONE',  ( 0.1464566929133862272, -0.1722440944881885316, -0.08484251968503886410 ) ) ;
#181 = CARTESIAN_POINT ( 'NONE',  ( 0.04940944881889763191, -0.06003937007873992593, 0.1007874015748034119 ) ) ;
#182 =( NAMED_UNIT ( * ) SI_UNIT ( $, .STERADIAN. ) SOLID_ANGLE_UNIT ( ) );
#183 = ORIENTED_EDGE ( 'NONE', *, *, #899, .F. ) ;
#184 = ORIENTED_EDGE ( 'NONE', *, *, #933, .F. ) ;
#185 =( CONVERSION_BASED_UNIT ( 'INCH', #4072 ) LENGTH_UNIT ( ) NAMED_UNIT ( #3789 ) );
#186 = FILL_AREA_STYLE ('',( #3070 ) ) ;
#187 = CARTESIAN_POINT ( 'NONE',  ( 0.01522951533058629695, 0.1998031496062995238, -0.1131572951809371869 ) ) ;
#188 = ORIENTED_EDGE ( 'NONE', *, *, #1839, .T. ) ;
#189 =( GEOMETRIC_REPRESENTATION_CONTEXT ( 3 ) GLOBAL_UNCERTAINTY_ASSIGNED_CONTEXT ( ( #1771 ) ) GLOBAL_UNIT_ASSIGNED_CONTEXT ( ( #185, #5032, #2624 ) ) REPRESENTATION_CONTEXT ( 'NONE', 'WORKASPACE' ) );
#190 =( GEOMETRIC_REPRESENTATION_CONTEXT ( 3 ) GLOBAL_UNCERTAINTY_ASSIGNED_CONTEXT ( ( #4679 ) ) GLOBAL_UNIT_ASSIGNED_CONTEXT ( ( #3268, #759, #3691 ) ) REPRESENTATION_CONTEXT ( 'NONE', 'WORKASPACE' ) );
#191 = DIRECTION ( 'NONE',  ( 2.348093788196917952E-30, -1.644517855226018450E-15, -1.000000000000000000 ) ) ;
#192 = MECHANICAL_DESIGN_GEOMETRIC_PRESENTATION_REPRESENTATION (  '', ( #3771 ), #1448 ) ;
#193 = LINE ( 'NONE', #1850, #2104 ) ;
#194 = DIRECTION ( 'NONE',  ( -2.348093788196917952E-30, 1.644517855226018450E-15, 1.000000000000000000 ) ) ;
#195 = TOROIDAL_SURFACE ( 'NONE', #1040, 0.005168431248992125769, 0.003937007874015747977 ) ;
#196 = FILL_AREA_STYLE_COLOUR ( '', #2965 ) ;
#197 = CARTESIAN_POINT ( 'NONE',  ( 0.1535433070866145389, -0.1722440944881885316, -0.08799212598425146248 ) ) ;
#198 = EDGE_CURVE ( 'NONE', #4186, #5913, #2650, .T. ) ;
#199 = DIRECTION ( 'NONE',  ( -1.000000000000000000, -1.602884491802569361E-15, 2.711709361697226329E-31 ) ) ;
#200 = EDGE_CURVE ( 'NONE', #5283, #4536, #1472, .T. ) ;
#201 =( CONVERSION_BASED_UNIT ( 'INCH', #261 ) LENGTH_UNIT ( ) NAMED_UNIT ( #5706 ) );
#202 = CIRCLE ( 'NONE', #5396, 0.02854330708661418844 ) ;
#203 = FILL_AREA_STYLE ('',( #5614 ) ) ;
#204 = CARTESIAN_POINT ( 'NONE',  ( 0.1464566929133862272, -0.1722440944881885871, 0.1151574803149611470 ) ) ;
#205 =( LENGTH_UNIT ( ) NAMED_UNIT ( * ) SI_UNIT ( $, .METRE. ) );
#206 = AXIS2_PLACEMENT_3D ( 'NONE', #4036, #5956, #5828 ) ;
#207 = FILL_AREA_STYLE_COLOUR ( '', #255 ) ;
#208 = EDGE_CURVE ( 'NONE', #1953, #105, #2592, .T. ) ;
#209 = EDGE_CURVE ( 'NONE', #5750, #94, #1646, .T. ) ;
#210 = FILL_AREA_STYLE ('',( #696 ) ) ;
#211 = CARTESIAN_POINT ( 'NONE',  ( 0.06018589945968472882, 0.1998031496062995516, -0.01628826166439385770 ) ) ;
#212 = ORIENTED_EDGE ( 'NONE', *, *, #4816, .T. ) ;
#213 = CIRCLE ( 'NONE', #6014, 0.005168431248992119698 ) ;
#214 = DIRECTION ( 'NONE',  ( -1.000000000000000000, -1.602884491802569361E-15, 2.711709361697226329E-31 ) ) ;
#215 = ORIENTED_EDGE ( 'NONE', *, *, #1119, .T. ) ;
#216 = ORIENTED_EDGE ( 'NONE', *, *, #5228, .T. ) ;
#217 = AXIS2_PLACEMENT_3D ( 'NONE', #5310, #4963, #5894 ) ;
#218 = UNCERTAINTY_MEASURE_WITH_UNIT (LENGTH_MEASURE( 1.000000000000000082E-05 ), #789, 'distance_accuracy_value', 'NONE');
#219 = PLANE ( 'NONE',  #5896 ) ;
#220 =( NAMED_UNIT ( * ) SI_UNIT ( $, .STERADIAN. ) SOLID_ANGLE_UNIT ( ) );
#221 = CARTESIAN_POINT ( 'NONE',  ( 0.1535433070866143168, -0.02263779527559005300, -0.08484251968503912777 ) ) ;
#222 = ORIENTED_EDGE ( 'NONE', *, *, #644, .F. ) ;
#223 = VECTOR ( 'NONE', #268, 39.37007874015748143 ) ;
#224 = CARTESIAN_POINT ( 'NONE',  ( -0.1464566929133855611, -0.1722440944881890312, -0.1068897637795270666 ) ) ;
#225 = LINE ( 'NONE', #5563, #1453 ) ;
#226 =( NAMED_UNIT ( * ) SI_UNIT ( $, .STERADIAN. ) SOLID_ANGLE_UNIT ( ) );
#227 = MECHANICAL_DESIGN_GEOMETRIC_PRESENTATION_REPRESENTATION (  '', ( #2897 ), #1589 ) ;
#228 = VECTOR ( 'NONE', #998, 39.37007874015748143 ) ;
#229 = LINE ( 'NONE', #2257, #5480 ) ;
#230 = CARTESIAN_POINT ( 'NONE',  ( 0.08700787401574773539, 0.1998031496062995793, 0.1041338582677163865 ) ) ;
#231 = CIRCLE ( 'NONE', #4522, 0.003937007874015741038 ) ;
#232 = DIRECTION ( 'NONE',  ( 0.7956271577886170343, 0.0000000000000000000, 0.6057866173738133408 ) ) ;
#233 = EDGE_CURVE ( 'NONE', #6186, #5353, #6202, .T. ) ;
#234 = CARTESIAN_POINT ( 'NONE',  ( 0.01934165959544861813, 0.1269685039370081203, -0.02539370078740161782 ) ) ;
#235 = TOROIDAL_SURFACE ( 'NONE', #3509, 0.02854330708661417110, 0.003937007874015747977 ) ;
#236 = FACE_OUTER_BOUND ( 'NONE', #1918, .T. ) ;
#237 = LINE ( 'NONE', #3598, #5718 ) ;
#238 = ORIENTED_EDGE ( 'NONE', *, *, #3531, .F. ) ;
#239 = MECHANICAL_DESIGN_GEOMETRIC_PRESENTATION_REPRESENTATION (  '', ( #3418 ), #2014 ) ;
#240 = EDGE_CURVE ( 'NONE', #3022, #5135, #4114, .T. ) ;
#241 = DIRECTION ( 'NONE',  ( -1.000000000000000000, -1.602884491802569361E-15, 2.711709361697226329E-31 ) ) ;
#242 = ORIENTED_EDGE ( 'NONE', *, *, #4168, .T. ) ;
#243 = EDGE_CURVE ( 'NONE', #5901, #5360, #401, .T. ) ;
#244 = EDGE_CURVE ( 'NONE', #846, #1377, #2373, .T. ) ;
#245 = ORIENTED_EDGE ( 'NONE', *, *, #4061, .T. ) ;
#246 = DIRECTION ( 'NONE',  ( -0.7956271577883994306, 0.0000000000000000000, 0.6057866173740991123 ) ) ;
#247 = FILL_AREA_STYLE_COLOUR ( '', #5708 ) ;
#248 = DIRECTION ( 'NONE',  ( 2.348093788196917952E-30, -1.644517855226018450E-15, -1.000000000000000000 ) ) ;
#249 = EDGE_LOOP ( 'NONE', ( #1854, #769, #350, #3639 ) ) ;
#250 = AXIS2_PLACEMENT_3D ( 'NONE', #4912, #4886, #3075 ) ;
#251 =( NAMED_UNIT ( * ) PLANE_ANGLE_UNIT ( ) SI_UNIT ( $, .RADIAN. ) );
#252 = FILL_AREA_STYLE ('',( #3161 ) ) ;
#253 = ORIENTED_EDGE ( 'NONE', *, *, #6088, .F. ) ;
#254 = PRESENTATION_STYLE_ASSIGNMENT (( #3649 ) ) ;
#255 = COLOUR_RGB ( '',0.7607843137254901578, 0.7607843137254901578, 0.0000000000000000000 ) ;
#256 = CARTESIAN_POINT ( 'NONE',  ( 0.01934165959544861813, 0.1269685039370081203, -0.1253937007874016407 ) ) ;
#257 =( CONVERSION_BASED_UNIT ( 'INCH', #3163 ) LENGTH_UNIT ( ) NAMED_UNIT ( #2943 ) );
#258 = CARTESIAN_POINT ( 'NONE',  ( 0.06018589945980290512, 0.1564960629921262614, -0.02539370078740165945 ) ) ;
#259 = SURFACE_STYLE_USAGE ( .BOTH. , #4571 ) ;
#260 = FILL_AREA_STYLE_COLOUR ( '', #4370 ) ;
#261 = LENGTH_MEASURE_WITH_UNIT ( LENGTH_MEASURE( 0.02539999999999999897 ), #4115 );
#262 = LINE ( 'NONE', #2330, #1225 ) ;
#263 = DIRECTION ( 'NONE',  ( 0.0000000000000000000, 1.387778780781445676E-15, 1.000000000000000000 ) ) ;
#264 = PRESENTATION_LAYER_ASSIGNMENT (  '', '', ( #1937 ) ) ;
#265 = CARTESIAN_POINT ( 'NONE',  ( -0.06929133858267749746, 0.1958661417322835607, 0.07460629921259828712 ) ) ;
#266 = ORIENTED_EDGE ( 'NONE', *, *, #4160, .F. ) ;
#267 = FACE_OUTER_BOUND ( 'NONE', #3393, .T. ) ;
#268 = DIRECTION ( 'NONE',  ( 1.000000000000000000, 1.602884491802569361E-15, -2.711709361697226329E-31 ) ) ;
#269 = ORIENTED_EDGE ( 'NONE', *, *, #5734, .T. ) ;
#270 = DIRECTION ( 'NONE',  ( -2.348093788196917952E-30, 1.644517855226018450E-15, 1.000000000000000000 ) ) ;
#271 = ORIENTED_EDGE ( 'NONE', *, *, #6168, .F. ) ;
#272 = EDGE_CURVE ( 'NONE', #3700, #4300, #2773, .T. ) ;
#273 = UNCERTAINTY_MEASURE_WITH_UNIT (LENGTH_MEASURE( 1.000000000000000082E-05 ), #1768, 'distance_accuracy_value', 'NONE');
#274 = LINE ( 'NONE', #4999, #615 ) ;
#275 = ADVANCED_FACE ( 'NONE', ( #3830 ), #4219, .T. ) ;
#276 = SURFACE_STYLE_FILL_AREA ( #2217 ) ;
#277 = ORIENTED_EDGE ( 'NONE', *, *, #2332, .T. ) ;
#278 = DIMENSIONAL_EXPONENTS ( 1.000000000000000000, 0.0000000000000000000, 0.0000000000000000000, 0.0000000000000000000, 0.0000000000000000000, 0.0000000000000000000, 0.0000000000000000000 ) ;
#279 = ORIENTED_EDGE ( 'NONE', *, *, #6169, .T. ) ;
#280 = ADVANCED_FACE ( 'NONE', ( #1389 ), #3277, .F. ) ;
#281 = DIRECTION ( 'NONE',  ( 0.6057866173738770676, -3.374170927559055893E-16, -0.7956271577885687396 ) ) ;
#282 =( CONVERSION_BASED_UNIT ( 'INCH', #4204 ) LENGTH_UNIT ( ) NAMED_UNIT ( #4302 ) );
#283 = CIRCLE ( 'NONE', #4971, 0.003937007874015750579 ) ;
#284 = COLOUR_RGB ( '',1.000000000000000000, 1.000000000000000000, 1.000000000000000000 ) ;
#285 = DIRECTION ( 'NONE',  ( 2.255666698845082219E-10, 1.000000000000000000, -2.962197096095551764E-10 ) ) ;
#286 = SURFACE_STYLE_USAGE ( .BOTH. , #2697 ) ;
#287 = AXIS2_PLACEMENT_3D ( 'NONE', #4343, #4865, #968 ) ;
#288 = UNCERTAINTY_MEASURE_WITH_UNIT (LENGTH_MEASURE( 1.000000000000000082E-05 ), #67, 'distance_accuracy_value', 'NONE');
#289 = AXIS2_PLACEMENT_3D ( 'NONE', #6135, #2264, #3723 ) ;
#290 = DIRECTION ( 'NONE',  ( 0.7956271577886170343, 0.0000000000000000000, 0.6057866173738133408 ) ) ;
#291 = ORIENTED_EDGE ( 'NONE', *, *, #4320, .F. ) ;
#292 = CARTESIAN_POINT ( 'NONE',  ( -0.1464566929133855611, -0.1722440944881890590, 0.1120078740157485764 ) ) ;
#293 = FILL_AREA_STYLE ('',( #2149 ) ) ;
#294 = AXIS2_PLACEMENT_3D ( 'NONE', #2424, #493, #2863 ) ;
#295 = DIRECTION ( 'NONE',  ( 1.602884491802569361E-15, -1.000000000000000000, 1.644517855226017859E-15 ) ) ;
#296 = DIRECTION ( 'NONE',  ( -2.348093788196917952E-30, 1.644517855226018450E-15, 1.000000000000000000 ) ) ;
#297 =( GEOMETRIC_REPRESENTATION_CONTEXT ( 3 ) GLOBAL_UNCERTAINTY_ASSIGNED_CONTEXT ( ( #3882 ) ) GLOBAL_UNIT_ASSIGNED_CONTEXT ( ( #1640, #4152, #5522 ) ) REPRESENTATION_CONTEXT ( 'NONE', 'WORKASPACE' ) );
#298 = DIRECTION ( 'NONE',  ( 2.364801230464485631E-30, -1.644517855226018450E-15, -1.000000000000000000 ) ) ;
#299 = LINE ( 'NONE', #5657, #3371 ) ;
#300 = ORIENTED_EDGE ( 'NONE', *, *, #1357, .F. ) ;
#301 =( NAMED_UNIT ( * ) SI_UNIT ( $, .STERADIAN. ) SOLID_ANGLE_UNIT ( ) );
#302 = ORIENTED_EDGE ( 'NONE', *, *, #6170, .T. ) ;
#303 = CIRCLE ( 'NONE', #4892, 0.009105439123007878083 ) ;
#304 =( LENGTH_UNIT ( ) NAMED_UNIT ( * ) SI_UNIT ( $, .METRE. ) );
#305 = ORIENTED_EDGE ( 'NONE', *, *, #172, .T. ) ;
#306 = AXIS2_PLACEMENT_3D ( 'NONE', #2442, #2507, #27 ) ;
#307 = CARTESIAN_POINT ( 'NONE',  ( 0.1464566929133862272, -0.1722440944881885871, 0.1120078740157485764 ) ) ;
#308 = ORIENTED_EDGE ( 'NONE', *, *, #1445, .F. ) ;
#309 = SURFACE_SIDE_STYLE ('',( #1811 ) ) ;
#310 = VECTOR ( 'NONE', #4252, 39.37007874015748143 ) ;
#311 =( NAMED_UNIT ( * ) PLANE_ANGLE_UNIT ( ) SI_UNIT ( $, .RADIAN. ) );
#312 = ORIENTED_EDGE ( 'NONE', *, *, #2745, .F. ) ;
#313 = LENGTH_MEASURE_WITH_UNIT ( LENGTH_MEASURE( 0.02539999999999999897 ), #2789 );
#314 = CARTESIAN_POINT ( 'NONE',  ( 0.06018589946023603088, 0.1269685039370082036, -0.1253937007874016407 ) ) ;
#315 = CARTESIAN_POINT ( 'NONE',  ( 0.1500000000000003553, -0.1564960629921255675, 0.01358267716535481971 ) ) ;
#316 = EDGE_CURVE ( 'NONE', #834, #4431, #938, .T. ) ;
#317 = APPLICATION_CONTEXT ( 'automotive_design' ) ;
#318 = FILL_AREA_STYLE ('',( #196 ) ) ;
#319 = ADVANCED_FACE ( 'NONE', ( #4839 ), #476, .T. ) ;
#320 = ADVANCED_FACE ( 'NONE', ( #4298 ), #5803, .T. ) ;
#321 =( LENGTH_UNIT ( ) NAMED_UNIT ( * ) SI_UNIT ( $, .METRE. ) );
#322 = COLOUR_RGB ( '',1.000000000000000000, 1.000000000000000000, 1.000000000000000000 ) ;
#323 = VERTEX_POINT ( 'NONE', #813 ) ;
#324 = VERTEX_POINT ( 'NONE', #2791 ) ;
#325 = LINE ( 'NONE', #3855, #1382 ) ;
#326 = DIRECTION ( 'NONE',  ( 0.7956271577886169233, 1.875148439272792514E-15, 0.6057866173738137849 ) ) ;
#327 =( GEOMETRIC_REPRESENTATION_CONTEXT ( 3 ) GLOBAL_UNCERTAINTY_ASSIGNED_CONTEXT ( ( #4820 ) ) GLOBAL_UNIT_ASSIGNED_CONTEXT ( ( #3112, #1725, #3305 ) ) REPRESENTATION_CONTEXT ( 'NONE', 'WORKASPACE' ) );
#328 = FACE_OUTER_BOUND ( 'NONE', #6263, .T. ) ;
#329 = DIRECTION ( 'NONE',  ( 1.602884491802569361E-15, -1.000000000000000000, 1.644517855226017859E-15 ) ) ;
#330 = MECHANICAL_DESIGN_GEOMETRIC_PRESENTATION_REPRESENTATION (  '', ( #439 ), #4911 ) ;
#331 = CARTESIAN_POINT ( 'NONE',  ( 0.06018589945968472882, 0.1998031496062995516, -0.02145669291338597739 ) ) ;
#332 = LINE ( 'NONE', #4774, #1146 ) ;
#333 = ORIENTED_EDGE ( 'NONE', *, *, #944, .T. ) ;
#334 = DIRECTION ( 'NONE',  ( 1.602884491802569361E-15, -1.000000000000000000, 1.644517855226017859E-15 ) ) ;
#335 = ORIENTED_EDGE ( 'NONE', *, *, #2560, .F. ) ;
#336 = STYLED_ITEM ( 'NONE', ( #561 ), #2372 ) ;
#337 = MECHANICAL_DESIGN_GEOMETRIC_PRESENTATION_REPRESENTATION (  '', ( #4134 ), #5322 ) ;
#338 = CARTESIAN_POINT ( 'NONE',  ( -0.1464566929133857831, -0.02263779527559060811, -0.006889763779527295282 ) ) ;
#339 = STYLED_ITEM ( 'NONE', ( #6002 ), #2452 ) ;
#340 =( GEOMETRIC_REPRESENTATION_CONTEXT ( 3 ) GLOBAL_UNCERTAINTY_ASSIGNED_CONTEXT ( ( #485 ) ) GLOBAL_UNIT_ASSIGNED_CONTEXT ( ( #1749, #4637, #784 ) ) REPRESENTATION_CONTEXT ( 'NONE', 'WORKASPACE' ) );
#341 = DIRECTION ( 'NONE',  ( -0.7956271577887870095, 0.0000000000000000000, 0.6057866173735904081 ) ) ;
#342 = CARTESIAN_POINT ( 'NONE',  ( -0.06889763779527563470, 0.008858267716535609890, 0.1702755905511812995 ) ) ;
#343 =( CONVERSION_BASED_UNIT ( 'INCH', #910 ) LENGTH_UNIT ( ) NAMED_UNIT ( #5292 ) );
#344 = VERTEX_POINT ( 'NONE', #4264 ) ;
#345 =( NAMED_UNIT ( * ) SI_UNIT ( $, .STERADIAN. ) SOLID_ANGLE_UNIT ( ) );
#346 = DIRECTION ( 'NONE',  ( -0.7213327287321937842, -1.723857616130148874E-17, 0.6925886906813937260 ) ) ;
#347 = EDGE_LOOP ( 'NONE', ( #2318, #2822, #183, #5087 ) ) ;
#348 = PLANE ( 'NONE',  #664 ) ;
#349 = UNCERTAINTY_MEASURE_WITH_UNIT (LENGTH_MEASURE( 1.000000000000000082E-05 ), #1506, 'distance_accuracy_value', 'NONE');
#350 = ORIENTED_EDGE ( 'NONE', *, *, #2299, .F. ) ;
#351 = PRESENTATION_LAYER_ASSIGNMENT (  '', '', ( #1911 ) ) ;
#352 = DIRECTION ( 'NONE',  ( -2.208151064125262763E-16, 1.634031787452694499E-15, 1.000000000000000000 ) ) ;
#353 =( CONVERSION_BASED_UNIT ( 'INCH', #3331 ) LENGTH_UNIT ( ) NAMED_UNIT ( #1820 ) );
#354 = DIMENSIONAL_EXPONENTS ( 1.000000000000000000, 0.0000000000000000000, 0.0000000000000000000, 0.0000000000000000000, 0.0000000000000000000, 0.0000000000000000000, 0.0000000000000000000 ) ;
#355 = VECTOR ( 'NONE', #5021, 39.37007874015748143 ) ;
#356 = UNCERTAINTY_MEASURE_WITH_UNIT (LENGTH_MEASURE( 1.000000000000000082E-05 ), #4125, 'distance_accuracy_value', 'NONE');
#357 = ORIENTED_EDGE ( 'NONE', *, *, #4955, .T. ) ;
#358 = ADVANCED_FACE ( 'NONE', ( #4761 ), #2891, .F. ) ;
#359 = ORIENTED_EDGE ( 'NONE', *, *, #2994, .F. ) ;
#360 = ORIENTED_EDGE ( 'NONE', *, *, #4812, .F. ) ;
#361 = CARTESIAN_POINT ( 'NONE',  ( 0.06929133858267687296, 0.1958661417322839216, -0.06633858267716551127 ) ) ;
#362 = EDGE_CURVE ( 'NONE', #5036, #1043, #1063, .T. ) ;
#363 = CARTESIAN_POINT ( 'NONE',  ( 0.01934165962243668963, 0.1998031496062995793, 0.03366141732283450816 ) ) ;
#364 = LINE ( 'NONE', #728, #1394 ) ;
#365 =( LENGTH_UNIT ( ) NAMED_UNIT ( * ) SI_UNIT ( $, .METRE. ) );
#366 = DIRECTION ( 'NONE',  ( -1.602884491802569361E-15, 1.000000000000000000, -1.644517855226017859E-15 ) ) ;
#367 = ORIENTED_EDGE ( 'NONE', *, *, #5780, .F. ) ;
#368 = EDGE_CURVE ( 'NONE', #1532, #531, #541, .T. ) ;
#369 = DIRECTION ( 'NONE',  ( 1.602884491802569361E-15, -1.000000000000000000, 1.644517855226017859E-15 ) ) ;
#370 = VERTEX_POINT ( 'NONE', #3744 ) ;
#371 = DIMENSIONAL_EXPONENTS ( 1.000000000000000000, 0.0000000000000000000, 0.0000000000000000000, 0.0000000000000000000, 0.0000000000000000000, 0.0000000000000000000, 0.0000000000000000000 ) ;
#372 = COLOUR_RGB ( '',0.7607843137254901578, 0.7607843137254901578, 0.0000000000000000000 ) ;
#373 =( LENGTH_UNIT ( ) NAMED_UNIT ( * ) SI_UNIT ( $, .METRE. ) );
#374 =( NAMED_UNIT ( * ) SI_UNIT ( $, .STERADIAN. ) SOLID_ANGLE_UNIT ( ) );
#375 = ORIENTED_EDGE ( 'NONE', *, *, #4086, .T. ) ;
#376 = CARTESIAN_POINT ( 'NONE',  ( 0.06018589945968472882, 0.2037401574803154036, -0.07027559055118128006 ) ) ;
#377 = EDGE_LOOP ( 'NONE', ( #277, #6251, #3834, #924 ) ) ;
#378 = DIRECTION ( 'NONE',  ( 1.602884491802569361E-15, -1.000000000000000000, 1.644517855226018450E-15 ) ) ;
#379 =( GEOMETRIC_REPRESENTATION_CONTEXT ( 3 ) GLOBAL_UNCERTAINTY_ASSIGNED_CONTEXT ( ( #6160 ) ) GLOBAL_UNIT_ASSIGNED_CONTEXT ( ( #2688, #840, #345 ) ) REPRESENTATION_CONTEXT ( 'NONE', 'WORKASPACE' ) );
#380 = ORIENTED_EDGE ( 'NONE', *, *, #1872, .F. ) ;
#381 = CARTESIAN_POINT ( 'NONE',  ( -0.1948818897637798475, 0.1564960629921260116, 0.1820866141732282728 ) ) ;
#382 = FILL_AREA_STYLE_COLOUR ( '', #1150 ) ;
#383 = DIRECTION ( 'NONE',  ( 0.0000000000000000000, -1.000000000000000000, 1.644517855226017859E-15 ) ) ;
#384 = ORIENTED_EDGE ( 'NONE', *, *, #4281, .F. ) ;
#385 = AXIS2_PLACEMENT_3D ( 'NONE', #1330, #5282, #346 ) ;
#386 = AXIS2_PLACEMENT_3D ( 'NONE', #4442, #2910, #3796 ) ;
#387 = ORIENTED_EDGE ( 'NONE', *, *, #3205, .T. ) ;
#388 = ORIENTED_EDGE ( 'NONE', *, *, #2914, .T. ) ;
#389 = CARTESIAN_POINT ( 'NONE',  ( 0.06929133858267698398, 0.1269685039370082313, -0.1162882616642480771 ) ) ;
#390 = DIRECTION ( 'NONE',  ( -2.348093788196916901E-30, 1.644517855226017859E-15, 1.000000000000000000 ) ) ;
#391 =( GEOMETRIC_REPRESENTATION_CONTEXT ( 3 ) GLOBAL_UNCERTAINTY_ASSIGNED_CONTEXT ( ( #273 ) ) GLOBAL_UNIT_ASSIGNED_CONTEXT ( ( #1768, #3731, #5171 ) ) REPRESENTATION_CONTEXT ( 'NONE', 'WORKASPACE' ) );
#392 = AXIS2_PLACEMENT_3D ( 'NONE', #3079, #1662, #1607 ) ;
#393 = DIRECTION ( 'NONE',  ( -2.364801230464485631E-30, 1.644517855226018450E-15, 1.000000000000000000 ) ) ;
#394 = CYLINDRICAL_SURFACE ( 'NONE', #6041, 0.02460629921259843006 ) ;
#395 = EDGE_CURVE ( 'NONE', #2678, #1377, #5673, .T. ) ;
#396 =( NAMED_UNIT ( * ) PLANE_ANGLE_UNIT ( ) SI_UNIT ( $, .RADIAN. ) );
#397 = CARTESIAN_POINT ( 'NONE',  ( -0.06929133858267740032, 0.1269685039370080926, 0.03366141732283462612 ) ) ;
#398 = DIRECTION ( 'NONE',  ( -1.594929680954394613E-15, 0.9950371902099890420, -0.09950371902100052512 ) ) ;
#399 = TOROIDAL_SURFACE ( 'NONE', #1032, 0.005168431248992125769, 0.003937007874015747977 ) ;
#400 = CIRCLE ( 'NONE', #5484, 0.003937007874015749712 ) ;
#401 = LINE ( 'NONE', #6112, #223 ) ;
#402 = DIRECTION ( 'NONE',  ( -1.766520851300210063E-16, 1.634031787452694499E-15, 1.000000000000000000 ) ) ;
#403 =( NAMED_UNIT ( * ) PLANE_ANGLE_UNIT ( ) SI_UNIT ( $, .RADIAN. ) );
#404 = MECHANICAL_DESIGN_GEOMETRIC_PRESENTATION_REPRESENTATION (  '', ( #4682 ), #2969 ) ;
#405 = EDGE_CURVE ( 'NONE', #1543, #3042, #6189, .T. ) ;
#406 = CIRCLE ( 'NONE', #2870, 0.003937007874015749712 ) ;
#407 = EDGE_LOOP ( 'NONE', ( #2070, #2338, #3323, #5955 ) ) ;
#408 = CARTESIAN_POINT ( 'NONE',  ( 0.06018589945980290512, 0.1564960629921262614, -0.02539370078740165945 ) ) ;
#409 = CARTESIAN_POINT ( 'NONE',  ( -0.06889763779527563470, 0.008858267716535609890, 0.1702755905511812995 ) ) ;
#410 = SURFACE_STYLE_FILL_AREA ( #3244 ) ;
#411 = PRESENTATION_LAYER_ASSIGNMENT (  '', '', ( #833 ) ) ;
#412 = FILL_AREA_STYLE ('',( #3245 ) ) ;
#413 = ORIENTED_EDGE ( 'NONE', *, *, #5651, .T. ) ;
#414 = LENGTH_MEASURE_WITH_UNIT ( LENGTH_MEASURE( 0.02539999999999999897 ), #1464 );
#415 = CARTESIAN_POINT ( 'NONE',  ( -0.1464566929133855611, -0.1722440944881890590, 0.1120078740157485764 ) ) ;
#416 = DIMENSIONAL_EXPONENTS ( 1.000000000000000000, 0.0000000000000000000, 0.0000000000000000000, 0.0000000000000000000, 0.0000000000000000000, 0.0000000000000000000, 0.0000000000000000000 ) ;
#417 = ORIENTED_EDGE ( 'NONE', *, *, #3385, .T. ) ;
#418 = PRESENTATION_LAYER_ASSIGNMENT (  '', '', ( #6009 ) ) ;
#419 = UNCERTAINTY_MEASURE_WITH_UNIT (LENGTH_MEASURE( 1.000000000000000082E-05 ), #2811, 'distance_accuracy_value', 'NONE');
#420 = ORIENTED_EDGE ( 'NONE', *, *, #3761, .F. ) ;
#421 = LENGTH_MEASURE_WITH_UNIT ( LENGTH_MEASURE( 0.02539999999999999897 ), #5350 );
#422 = FILL_AREA_STYLE ('',( #4727 ) ) ;
#423 = CLOSED_SHELL ( 'NONE', ( #2136, #1197, #3456, #3647, #4406, #1012, #5304, #5610, #56, #5347, #2927, #1681, #5071, #2605, #1676, #4016, #4238, #5458, #5460, #2640, #2956, #2497, #3340, #1414, #4772, #4438, #5818, #6253, #5620, #3616, #1061, #2034, #280, #93, #3614, #452, #5825, #4810, #2105, #6130, #680, #2450, #5258, #5487, #5268, #4549, #4356, #3065, #2452, #3248, #54, #4158, #5063, #3286, #2792, #6201, #2634, #2529, #5186, #6241, #443, #5041, #2782, #2172, #1679, #726, #3034, #1123, #2533, #3727, #1917, #1666, #772, #138, #1523, #2498, #3689, #1206, #1718, #4365, #4271, #275, #2487, #4655, #5902, #2879, #2832, #6004, #1874, #3757, #3847, #3452, #3493, #931, #126, #1412, #3422, #722, #2796, #2289, #358, #678, #5572, #4958, #1329 ) ) ;
#424 = DIRECTION ( 'NONE',  ( 0.7213327287317047309, 1.723857615967974480E-17, -0.6925886906819032074 ) ) ;
#425 = CARTESIAN_POINT ( 'NONE',  ( -0.06889763779527570409, 0.05610236220472458041, 0.1624015748031496786 ) ) ;
#426 = UNCERTAINTY_MEASURE_WITH_UNIT (LENGTH_MEASURE( 1.000000000000000082E-05 ), #5597, 'distance_accuracy_value', 'NONE');
#427 = EDGE_LOOP ( 'NONE', ( #1602, #2651, #6173, #1789 ) ) ;
#428 = AXIS2_PLACEMENT_3D ( 'NONE', #3758, #1354, #1898 ) ;
#429 = VERTEX_POINT ( 'NONE', #5223 ) ;
#430 = ORIENTED_EDGE ( 'NONE', *, *, #316, .F. ) ;
#431 = DIRECTION ( 'NONE',  ( 1.602884491802569361E-15, -1.000000000000000000, 1.644517855226017859E-15 ) ) ;
#432 = COLOUR_RGB ( '',0.7607843137254901578, 0.7607843137254901578, 0.0000000000000000000 ) ;
#433 = LINE ( 'NONE', #4894, #6306 ) ;
#434 =( LENGTH_UNIT ( ) NAMED_UNIT ( * ) SI_UNIT ( $, .METRE. ) );
#435 =( CONVERSION_BASED_UNIT ( 'INCH', #1486 ) LENGTH_UNIT ( ) NAMED_UNIT ( #444 ) );
#436 = PRESENTATION_LAYER_ASSIGNMENT (  '', '', ( #2392 ) ) ;
#437 = DIRECTION ( 'NONE',  ( -1.000000000000000000, -1.602884491802569361E-15, 2.711709361697224578E-31 ) ) ;
#438 = SURFACE_STYLE_FILL_AREA ( #2436 ) ;
#439 = STYLED_ITEM ( 'NONE', ( #1980 ), #1912 ) ;
#440 = LENGTH_MEASURE_WITH_UNIT ( LENGTH_MEASURE( 0.02539999999999999897 ), #4379 );
#441 = VECTOR ( 'NONE', #5443, 39.37007874015748143 ) ;
#442 = DIRECTION ( 'NONE',  ( 0.7956271577885690727, 2.775557561562890562E-15, 0.6057866173738766236 ) ) ;
#443 = ADVANCED_FACE ( 'NONE', ( #3209 ), #177, .T. ) ;
#444 = DIMENSIONAL_EXPONENTS ( 1.000000000000000000, 0.0000000000000000000, 0.0000000000000000000, 0.0000000000000000000, 0.0000000000000000000, 0.0000000000000000000, 0.0000000000000000000 ) ;
#445 =( NAMED_UNIT ( * ) SI_UNIT ( $, .STERADIAN. ) SOLID_ANGLE_UNIT ( ) );
#446 = AXIS2_PLACEMENT_3D ( 'NONE', #2344, #1362, #4628 ) ;
#447 =( NAMED_UNIT ( * ) PLANE_ANGLE_UNIT ( ) SI_UNIT ( $, .RADIAN. ) );
#448 = AXIS2_PLACEMENT_3D ( 'NONE', #2633, #1059, #3957 ) ;
#449 = DIRECTION ( 'NONE',  ( -1.000000000000000000, -1.602884491802569361E-15, 2.878783784372901366E-31 ) ) ;
#450 = EDGE_CURVE ( 'NONE', #4426, #2240, #4151, .T. ) ;
#451 = ORIENTED_EDGE ( 'NONE', *, *, #1134, .T. ) ;
#452 = ADVANCED_FACE ( 'NONE', ( #6069 ), #2267, .T. ) ;
#453 = CARTESIAN_POINT ( 'NONE',  ( -2.057162640966502078E-16, 0.1269685039370080926, -0.1458661417322834886 ) ) ;
#454 = ORIENTED_EDGE ( 'NONE', *, *, #6013, .F. ) ;
#455 =( GEOMETRIC_REPRESENTATION_CONTEXT ( 3 ) GLOBAL_UNCERTAINTY_ASSIGNED_CONTEXT ( ( #5250 ) ) GLOBAL_UNIT_ASSIGNED_CONTEXT ( ( #4513, #1147, #2606 ) ) REPRESENTATION_CONTEXT ( 'NONE', 'WORKASPACE' ) );
#456 = ORIENTED_EDGE ( 'NONE', *, *, #5354, .F. ) ;
#457 = CARTESIAN_POINT ( 'NONE',  ( 0.01934165959544849669, 0.2037401574803152926, 0.02455597819984235014 ) ) ;
#458 = LENGTH_MEASURE_WITH_UNIT ( LENGTH_MEASURE( 0.02539999999999999897 ), #3382 );
#459 = EDGE_CURVE ( 'NONE', #1988, #2397, #237, .T. ) ;
#460 = VECTOR ( 'NONE', #2198, 39.37007874015748143 ) ;
#461 =( NAMED_UNIT ( * ) SI_UNIT ( $, .STERADIAN. ) SOLID_ANGLE_UNIT ( ) );
#462 = FILL_AREA_STYLE_COLOUR ( '', #5031 ) ;
#463 = MECHANICAL_DESIGN_GEOMETRIC_PRESENTATION_REPRESENTATION (  '', ( #5037 ), #3109 ) ;
#464 = ORIENTED_EDGE ( 'NONE', *, *, #4281, .T. ) ;
#465 = DIMENSIONAL_EXPONENTS ( 1.000000000000000000, 0.0000000000000000000, 0.0000000000000000000, 0.0000000000000000000, 0.0000000000000000000, 0.0000000000000000000, 0.0000000000000000000 ) ;
#466 = ORIENTED_EDGE ( 'NONE', *, *, #4995, .T. ) ;
#467 =( CONVERSION_BASED_UNIT ( 'INCH', #821 ) LENGTH_UNIT ( ) NAMED_UNIT ( #5788 ) );
#468 = CARTESIAN_POINT ( 'NONE',  ( 0.06018589945968479821, 0.1564960629921263446, 0.1336614173228345692 ) ) ;
#469 = COLOUR_RGB ( '',0.7607843137254901578, 0.7607843137254901578, 0.0000000000000000000 ) ;
#470 = CARTESIAN_POINT ( 'NONE',  ( 0.1535433070866144833, -0.1407480314960625478, -0.08484251968503893349 ) ) ;
#471 = CARTESIAN_POINT ( 'NONE',  ( 0.06018589945968484678, 0.1269685039370082591, -0.07544402180015752357 ) ) ;
#472 = DIRECTION ( 'NONE',  ( -6.234788562956082048E-10, -1.000000000000000000, -8.959562889578396700E-14 ) ) ;
#473 = CARTESIAN_POINT ( 'NONE',  ( -0.1464566929133855888, -0.1407480314960630752, 0.01515748031496108768 ) ) ;
#474 = LINE ( 'NONE', #5819, #2256 ) ;
#475 =( NAMED_UNIT ( * ) SI_UNIT ( $, .STERADIAN. ) SOLID_ANGLE_UNIT ( ) );
#476 = PLANE ( 'NONE',  #4904 ) ;
#477 = DIRECTION ( 'NONE',  ( 1.594929680954418377E-16, -0.09950371902100052512, -0.9950371902099890420 ) ) ;
#478 = CARTESIAN_POINT ( 'NONE',  ( -0.1464566929133857831, -0.02263779527559053872, -0.08484251968503912777 ) ) ;
#479 = DIRECTION ( 'NONE',  ( -2.364801230464485631E-30, 1.644517855226018450E-15, 1.000000000000000000 ) ) ;
#480 = DIRECTION ( 'NONE',  ( 0.0000000000000000000, 0.0000000000000000000, 1.000000000000000000 ) ) ;
#481 = FILL_AREA_STYLE ('',( #984 ) ) ;
#482 = SURFACE_STYLE_FILL_AREA ( #985 ) ;
#483 = EDGE_CURVE ( 'NONE', #4041, #3948, #2676, .T. ) ;
#484 = ORIENTED_EDGE ( 'NONE', *, *, #2185, .T. ) ;
#485 = UNCERTAINTY_MEASURE_WITH_UNIT (LENGTH_MEASURE( 1.000000000000000082E-05 ), #1749, 'distance_accuracy_value', 'NONE');
#486 = ADVANCED_FACE ( 'NONE', ( #5618 ), #793, .T. ) ;
#487 = VECTOR ( 'NONE', #5078, 39.37007874015748143 ) ;
#488 = AXIS2_PLACEMENT_3D ( 'NONE', #3139, #6065, #6098 ) ;
#489 = EDGE_LOOP ( 'NONE', ( #3433, #1137, #5056, #35 ) ) ;
#490 = CARTESIAN_POINT ( 'NONE',  ( 0.06929133858267692847, 0.1564960629921263446, 0.1336614173228345692 ) ) ;
#491 = EDGE_LOOP ( 'NONE', ( #359, #3485, #5791, #2931 ) ) ;
#492 = DIMENSIONAL_EXPONENTS ( 1.000000000000000000, 0.0000000000000000000, 0.0000000000000000000, 0.0000000000000000000, 0.0000000000000000000, 0.0000000000000000000, 0.0000000000000000000 ) ;
#493 = DIRECTION ( 'NONE',  ( 1.602884491802569361E-15, -1.000000000000000000, 1.644517855226017859E-15 ) ) ;
#494 = FILL_AREA_STYLE_COLOUR ( '', #4632 ) ;
#495 = EDGE_CURVE ( 'NONE', #1951, #5118, #4214, .T. ) ;
#496 = ORIENTED_EDGE ( 'NONE', *, *, #4054, .F. ) ;
#497 = LENGTH_MEASURE_WITH_UNIT ( LENGTH_MEASURE( 0.02539999999999999897 ), #1987 );
#498 = ORIENTED_EDGE ( 'NONE', *, *, #1992, .T. ) ;
#499 = CARTESIAN_POINT ( 'NONE',  ( 0.06889763779527559306, 0.008858267716535823261, 0.1624015748031497619 ) ) ;
#500 = DIRECTION ( 'NONE',  ( 1.000000000000000000, 1.602884491802569361E-15, -2.711709361697226329E-31 ) ) ;
#501 = AXIS2_PLACEMENT_3D ( 'NONE', #6114, #4721, #4685 ) ;
#502 = SURFACE_STYLE_USAGE ( .BOTH. , #4768 ) ;
#503 = DIRECTION ( 'NONE',  ( 2.348093788196917952E-30, -1.644517855226018450E-15, -1.000000000000000000 ) ) ;
#504 = SURFACE_STYLE_USAGE ( .BOTH. , #4866 ) ;
#505 =( LENGTH_UNIT ( ) NAMED_UNIT ( * ) SI_UNIT ( $, .METRE. ) );
#506 = VECTOR ( 'NONE', #5237, 39.37007874015748143 ) ;
#507 =( GEOMETRIC_REPRESENTATION_CONTEXT ( 3 ) GLOBAL_UNCERTAINTY_ASSIGNED_CONTEXT ( ( #5113 ) ) GLOBAL_UNIT_ASSIGNED_CONTEXT ( ( #3592, #2613, #4580 ) ) REPRESENTATION_CONTEXT ( 'NONE', 'WORKASPACE' ) );
#508 = DIRECTION ( 'NONE',  ( 1.000000000000000000, 1.602884491802569361E-15, -2.711709361697224578E-31 ) ) ;
#509 = CARTESIAN_POINT ( 'NONE',  ( -0.1535433070866141225, -0.02263779527559061505, 0.1151574803149608972 ) ) ;
#510 = SURFACE_SIDE_STYLE ('',( #3740 ) ) ;
#511 = VERTEX_POINT ( 'NONE', #6139 ) ;
#512 = VECTOR ( 'NONE', #6117, 39.37007874015748143 ) ;
#513 = CIRCLE ( 'NONE', #392, 0.003937007874015746242 ) ;
#514 = CARTESIAN_POINT ( 'NONE',  ( -0.06889763779527570409, 0.05610236220472458041, 0.1624015748031496786 ) ) ;
#515 = DIRECTION ( 'NONE',  ( -1.602884491802569361E-15, 1.000000000000000000, -1.644517855226017859E-15 ) ) ;
#516 = FILL_AREA_STYLE_COLOUR ( '', #2096 ) ;
#517 = CIRCLE ( 'NONE', #3249, 0.003937007874015750579 ) ;
#518 = VECTOR ( 'NONE', #4656, 39.37007874015748143 ) ;
#519 =( NAMED_UNIT ( * ) SI_UNIT ( $, .STERADIAN. ) SOLID_ANGLE_UNIT ( ) );
#520 = ORIENTED_EDGE ( 'NONE', *, *, #5530, .F. ) ;
#521 = VECTOR ( 'NONE', #2723, 39.37007874015748143 ) ;
#522 = ORIENTED_EDGE ( 'NONE', *, *, #6089, .F. ) ;
#523 =( LENGTH_UNIT ( ) NAMED_UNIT ( * ) SI_UNIT ( $, .METRE. ) );
#524 = EDGE_CURVE ( 'NONE', #5360, #4616, #4424, .T. ) ;
#525 = FILL_AREA_STYLE_COLOUR ( '', #2786 ) ;
#526 = ORIENTED_EDGE ( 'NONE', *, *, #3604, .F. ) ;
#527 =( GEOMETRIC_REPRESENTATION_CONTEXT ( 3 ) GLOBAL_UNCERTAINTY_ASSIGNED_CONTEXT ( ( #3364 ) ) GLOBAL_UNIT_ASSIGNED_CONTEXT ( ( #257, #917, #1470 ) ) REPRESENTATION_CONTEXT ( 'NONE', 'WORKASPACE' ) );
#528 = CARTESIAN_POINT ( 'NONE',  ( -2.057162640966502078E-16, 0.1269685039370080371, -0.04586614173228350383 ) ) ;
#529 = ORIENTED_EDGE ( 'NONE', *, *, #495, .T. ) ;
#530 =( NAMED_UNIT ( * ) SI_UNIT ( $, .STERADIAN. ) SOLID_ANGLE_UNIT ( ) );
#531 = VERTEX_POINT ( 'NONE', #1192 ) ;
#532 = SURFACE_STYLE_FILL_AREA ( #1514 ) ;
#533 =( GEOMETRIC_REPRESENTATION_CONTEXT ( 3 ) GLOBAL_UNCERTAINTY_ASSIGNED_CONTEXT ( ( #5256 ) ) GLOBAL_UNIT_ASSIGNED_CONTEXT ( ( #1296, #705, #220 ) ) REPRESENTATION_CONTEXT ( 'NONE', 'WORKASPACE' ) );
#534 = ADVANCED_FACE ( 'NONE', ( #3235 ), #5052, .F. ) ;
#535 =( CONVERSION_BASED_UNIT ( 'INCH', #1795 ) LENGTH_UNIT ( ) NAMED_UNIT ( #975 ) );
#536 = EDGE_CURVE ( 'NONE', #6292, #3238, #4248, .T. ) ;
#537 = CARTESIAN_POINT ( 'NONE',  ( 0.06018589945968472882, 0.2037401574803152648, 0.07854330708661401428 ) ) ;
#538 = LENGTH_MEASURE_WITH_UNIT ( LENGTH_MEASURE( 0.02539999999999999897 ), #6270 );
#539 = DIRECTION ( 'NONE',  ( 1.602884491802569361E-15, -1.000000000000000000, 1.644517855226017859E-15 ) ) ;
#540 = DIMENSIONAL_EXPONENTS ( 1.000000000000000000, 0.0000000000000000000, 0.0000000000000000000, 0.0000000000000000000, 0.0000000000000000000, 0.0000000000000000000, 0.0000000000000000000 ) ;
#541 = CIRCLE ( 'NONE', #1671, 0.009105439123007878083 ) ;
#542 = SURFACE_STYLE_USAGE ( .BOTH. , #4840 ) ;
#543 = FILL_AREA_STYLE ('',( #6275 ) ) ;
#544 = LINE ( 'NONE', #4382, #2469 ) ;
#545 = LINE ( 'NONE', #602, #835 ) ;
#546 = LINE ( 'NONE', #1105, #1590 ) ;
#547 = CARTESIAN_POINT ( 'NONE',  ( -0.1948818897637795144, -0.05413385826771657111, -0.1738188976377951778 ) ) ;
#548 = PRESENTATION_LAYER_ASSIGNMENT (  '', '', ( #2897 ) ) ;
#549 = DIMENSIONAL_EXPONENTS ( 1.000000000000000000, 0.0000000000000000000, 0.0000000000000000000, 0.0000000000000000000, 0.0000000000000000000, 0.0000000000000000000, 0.0000000000000000000 ) ;
#550 = UNCERTAINTY_MEASURE_WITH_UNIT (LENGTH_MEASURE( 1.000000000000000082E-05 ), #535, 'distance_accuracy_value', 'NONE');
#551 = VECTOR ( 'NONE', #1841, 39.37007874015748143 ) ;
#552 = AXIS2_PLACEMENT_3D ( 'NONE', #5989, #1654, #4595 ) ;
#553 = ORIENTED_EDGE ( 'NONE', *, *, #5429, .F. ) ;
#554 = VERTEX_POINT ( 'NONE', #2768 ) ;
#555 = DIRECTION ( 'NONE',  ( 2.348093788196917952E-30, -1.644517855226018450E-15, -1.000000000000000000 ) ) ;
#556 = DIRECTION ( 'NONE',  ( -2.364801230464485631E-30, 1.644517855226018450E-15, 1.000000000000000000 ) ) ;
#557 = VERTEX_POINT ( 'NONE', #5299 ) ;
#558 = AXIS2_PLACEMENT_3D ( 'NONE', #2474, #2411, #4352 ) ;
#559 = DIRECTION ( 'NONE',  ( 0.7956271577886169233, 1.875148439272792514E-15, 0.6057866173738137849 ) ) ;
#560 = VERTEX_POINT ( 'NONE', #4707 ) ;
#561 = PRESENTATION_STYLE_ASSIGNMENT (( #4916 ) ) ;
#562 = VERTEX_POINT ( 'NONE', #5689 ) ;
#563 = CARTESIAN_POINT ( 'NONE',  ( 0.04940944881889763191, -0.06003937007873992593, 0.1007874015748034119 ) ) ;
#564 = VECTOR ( 'NONE', #5942, 39.37007874015748143 ) ;
#565 = LINE ( 'NONE', #593, #5434 ) ;
#566 = DIRECTION ( 'NONE',  ( 1.602884491802569361E-15, -1.000000000000000000, 1.644517855226017859E-15 ) ) ;
#567 = PRESENTATION_STYLE_ASSIGNMENT (( #3470 ) ) ;
#568 = EDGE_CURVE ( 'NONE', #1846, #562, #2337, .T. ) ;
#569 = DIRECTION ( 'NONE',  ( 1.602884491802569361E-15, -1.000000000000000000, 1.644517855226017859E-15 ) ) ;
#570 = EDGE_CURVE ( 'NONE', #2394, #2397, #6301, .T. ) ;
#571 = DIRECTION ( 'NONE',  ( 0.7956271577883997637, 0.0000000000000000000, -0.6057866173740987792 ) ) ;
#572 = PLANE ( 'NONE',  #5272 ) ;
#573 = CARTESIAN_POINT ( 'NONE',  ( 0.01934165959543282173, 0.1564960629921263169, 0.03366141732283457061 ) ) ;
#574 = FILL_AREA_STYLE_COLOUR ( '', #4243 ) ;
#575 = VECTOR ( 'NONE', #472, 39.37007874015748143 ) ;
#576 = EDGE_CURVE ( 'NONE', #1529, #5036, #4018, .T. ) ;
#577 = SURFACE_STYLE_USAGE ( .BOTH. , #60 ) ;
#578 = LINE ( 'NONE', #3420, #5187 ) ;
#579 = ORIENTED_EDGE ( 'NONE', *, *, #5564, .T. ) ;
#580 = ORIENTED_EDGE ( 'NONE', *, *, #2000, .T. ) ;
#581 = ORIENTED_EDGE ( 'NONE', *, *, #4117, .F. ) ;
#582 = DIRECTION ( 'NONE',  ( 0.0000000000000000000, 0.0000000000000000000, -1.000000000000000000 ) ) ;
#583 = CARTESIAN_POINT ( 'NONE',  ( 0.01934165959544861813, 0.1269685039370081203, -0.1162882616643937522 ) ) ;
#584 =( CONVERSION_BASED_UNIT ( 'INCH', #1083 ) LENGTH_UNIT ( ) NAMED_UNIT ( #4349 ) );
#585 = ORIENTED_EDGE ( 'NONE', *, *, #3375, .F. ) ;
#586 = SURFACE_STYLE_FILL_AREA ( #5876 ) ;
#587 = CARTESIAN_POINT ( 'NONE',  ( -0.06929133858267749746, 0.1958661417322836162, -0.02539370078740171843 ) ) ;
#588 = STYLED_ITEM ( 'NONE', ( #1031 ), #3340 ) ;
#589 = ORIENTED_EDGE ( 'NONE', *, *, #4198, .F. ) ;
#590 = CARTESIAN_POINT ( 'NONE',  ( 0.06018589945968472882, 0.2037401574803152926, -0.01628826166439385770 ) ) ;
#591 = ORIENTED_EDGE ( 'NONE', *, *, #1992, .F. ) ;
#592 =( NAMED_UNIT ( * ) PLANE_ANGLE_UNIT ( ) SI_UNIT ( $, .RADIAN. ) );
#593 = CARTESIAN_POINT ( 'NONE',  ( 0.06929133858267698398, 0.1269685039370081758, -0.02539370078740161782 ) ) ;
#594 = FILL_AREA_STYLE_COLOUR ( '', #4579 ) ;
#595 = DIRECTION ( 'NONE',  ( -2.348093788196917952E-30, 1.644517855226018450E-15, 1.000000000000000000 ) ) ;
#596 =( CONVERSION_BASED_UNIT ( 'INCH', #170 ) LENGTH_UNIT ( ) NAMED_UNIT ( #4714 ) );
#597 =( CONVERSION_BASED_UNIT ( 'INCH', #4465 ) LENGTH_UNIT ( ) NAMED_UNIT ( #2783 ) );
#598 = AXIS2_PLACEMENT_3D ( 'NONE', #180, #4098, #3665 ) ;
#599 = CARTESIAN_POINT ( 'NONE',  ( 0.01934165959544861813, 0.1269685039370080926, 0.08371173833560627275 ) ) ;
#600 = ORIENTED_EDGE ( 'NONE', *, *, #1492, .F. ) ;
#601 = AXIS2_PLACEMENT_3D ( 'NONE', #2701, #6165, #4118 ) ;
#602 = CARTESIAN_POINT ( 'NONE',  ( -0.1464566929133855888, -0.1407480314960631307, 0.09311023622047291670 ) ) ;
#603 = DIRECTION ( 'NONE',  ( 1.602884491802569361E-15, -1.000000000000000000, 1.644517855226017859E-15 ) ) ;
#604 = FACE_OUTER_BOUND ( 'NONE', #1730, .T. ) ;
#605 = EDGE_CURVE ( 'NONE', #1257, #1642, #5824, .T. ) ;
#606 = EDGE_CURVE ( 'NONE', #5421, #5411, #2279, .T. ) ;
#607 = EDGE_LOOP ( 'NONE', ( #3149, #1193, #589, #2595 ) ) ;
#608 = VECTOR ( 'NONE', #739, 39.37007874015748143 ) ;
#609 = STYLED_ITEM ( 'NONE', ( #3341 ), #3737 ) ;
#610 = UNCERTAINTY_MEASURE_WITH_UNIT (LENGTH_MEASURE( 1.000000000000000082E-05 ), #2227, 'distance_accuracy_value', 'NONE');
#611 = VERTEX_POINT ( 'NONE', #397 ) ;
#612 = ORIENTED_EDGE ( 'NONE', *, *, #5899, .T. ) ;
#613 = SURFACE_STYLE_FILL_AREA ( #186 ) ;
#614 = CARTESIAN_POINT ( 'NONE',  ( 0.1464566929133859496, -0.02263779527559017096, 0.09311023622047270853 ) ) ;
#615 = VECTOR ( 'NONE', #641, 39.37007874015748143 ) ;
#616 =( NAMED_UNIT ( * ) PLANE_ANGLE_UNIT ( ) SI_UNIT ( $, .RADIAN. ) );
#617 = VERTEX_POINT ( 'NONE', #4345 ) ;
#618 = AXIS2_PLACEMENT_3D ( 'NONE', #2044, #4049, #4946 ) ;
#619 = CARTESIAN_POINT ( 'NONE',  ( 0.01209712494558641202, 0.1269685039370081203, 0.1190400250338188581 ) ) ;
#620 = AXIS2_PLACEMENT_3D ( 'NONE', #1962, #3896, #2496 ) ;
#621 = VECTOR ( 'NONE', #2886, 39.37007874015748143 ) ;
#622 = EDGE_LOOP ( 'NONE', ( #2019, #3435, #5807, #4301 ) ) ;
#623 = DIRECTION ( 'NONE',  ( -1.000000000000000000, -1.602884491802569361E-15, 2.711709361697231584E-31 ) ) ;
#624 = CARTESIAN_POINT ( 'NONE',  ( 0.01934165959544850363, 0.1998031496062995238, -0.1253937007874017517 ) ) ;
#625 = MECHANICAL_DESIGN_GEOMETRIC_PRESENTATION_REPRESENTATION (  '', ( #6009 ), #6217 ) ;
#626 = FILL_AREA_STYLE ('',( #5334 ) ) ;
#627 = SURFACE_STYLE_FILL_AREA ( #2055 ) ;
#628 = SURFACE_STYLE_USAGE ( .BOTH. , #1121 ) ;
#629 = LINE ( 'NONE', #663, #3609 ) ;
#630 = SURFACE_SIDE_STYLE ('',( #118 ) ) ;
#631 = MECHANICAL_DESIGN_GEOMETRIC_PRESENTATION_REPRESENTATION (  '', ( #5091 ), #5927 ) ;
#632 = DIRECTION ( 'NONE',  ( 1.000000000000000000, 1.602884491802569361E-15, -2.711709361697224578E-31 ) ) ;
#633 = VERTEX_POINT ( 'NONE', #4838 ) ;
#634 = DIRECTION ( 'NONE',  ( -1.000000000000000000, -1.602884491802569361E-15, 2.711709361697226329E-31 ) ) ;
#635 = DIRECTION ( 'NONE',  ( -1.000000000000000000, -1.602884491802569361E-15, 2.711709361697226329E-31 ) ) ;
#636 =( CONVERSION_BASED_UNIT ( 'INCH', #5054 ) LENGTH_UNIT ( ) NAMED_UNIT ( #4818 ) );
#637 = VERTEX_POINT ( 'NONE', #2304 ) ;
#638 = ORIENTED_EDGE ( 'NONE', *, *, #5215, .T. ) ;
#639 = AXIS2_PLACEMENT_3D ( 'NONE', #2873, #3827, #4807 ) ;
#640 = EDGE_CURVE ( 'NONE', #3048, #5737, #5758, .T. ) ;
#641 = DIRECTION ( 'NONE',  ( -2.348093788196917952E-30, 1.644517855226018450E-15, 1.000000000000000000 ) ) ;
#642 = EDGE_CURVE ( 'NONE', #5353, #1988, #5266, .T. ) ;
#643 = VERTEX_POINT ( 'NONE', #473 ) ;
#644 = EDGE_CURVE ( 'NONE', #4747, #2239, #2434, .T. ) ;
#645 = DIRECTION ( 'NONE',  ( 2.348093788196917952E-30, -1.644517855226018450E-15, -1.000000000000000000 ) ) ;
#646 = COLOUR_RGB ( '',0.7607843137254901578, 0.7607843137254901578, 0.0000000000000000000 ) ;
#647 =( CONVERSION_BASED_UNIT ( 'INCH', #3017 ) LENGTH_UNIT ( ) NAMED_UNIT ( #2395 ) );
#648 = VERTEX_POINT ( 'NONE', #4375 ) ;
#649 = PLANE ( 'NONE',  #3883 ) ;
#650 = FILL_AREA_STYLE_COLOUR ( '', #6055 ) ;
#651 = VECTOR ( 'NONE', #2977, 39.37007874015748143 ) ;
#652 = EDGE_CURVE ( 'NONE', #1938, #370, #3790, .T. ) ;
#653 = DIRECTION ( 'NONE',  ( -0.7956271577883994306, 0.0000000000000000000, 0.6057866173740991123 ) ) ;
#654 = LINE ( 'NONE', #258, #1487 ) ;
#655 = AXIS2_PLACEMENT_3D ( 'NONE', #3449, #5374, #3969 ) ;
#656 = COLOUR_RGB ( '',0.0000000000000000000, 0.0000000000000000000, 1.000000000000000000 ) ;
#657 =( NAMED_UNIT ( * ) PLANE_ANGLE_UNIT ( ) SI_UNIT ( $, .RADIAN. ) );
#658 = CARTESIAN_POINT ( 'NONE',  ( 0.06929133858267692847, 0.1564960629921264001, -0.06633858267716544188 ) ) ;
#659 = LINE ( 'NONE', #4025, #1823 ) ;
#660 = TOROIDAL_SURFACE ( 'NONE', #4236, 0.02854330708661417110, 0.003937007874015747977 ) ;
#661 = DIRECTION ( 'NONE',  ( 1.766520851300210063E-16, -1.634031787452694499E-15, -1.000000000000000000 ) ) ;
#662 = PRESENTATION_STYLE_ASSIGNMENT (( #628 ) ) ;
#663 = CARTESIAN_POINT ( 'NONE',  ( 0.1535433070866143168, -0.02263779527559005300, -0.08484251968503912777 ) ) ;
#664 = AXIS2_PLACEMENT_3D ( 'NONE', #3254, #378, #3288 ) ;
#665 = CARTESIAN_POINT ( 'NONE',  ( 8.456990371011413673E-17, -0.05413385826771627968, 0.1624015748031499007 ) ) ;
#666 = ORIENTED_EDGE ( 'NONE', *, *, #5391, .F. ) ;
#667 = SURFACE_SIDE_STYLE ('',( #5494 ) ) ;
#668 = FACE_OUTER_BOUND ( 'NONE', #4068, .T. ) ;
#669 = VERTEX_POINT ( 'NONE', #3895 ) ;
#670 = ORIENTED_EDGE ( 'NONE', *, *, #1527, .T. ) ;
#671 = CIRCLE ( 'NONE', #2421, 0.009105439123007878083 ) ;
#672 = UNCERTAINTY_MEASURE_WITH_UNIT (LENGTH_MEASURE( 1.000000000000000082E-05 ), #5609, 'distance_accuracy_value', 'NONE');
#673 = CARTESIAN_POINT ( 'NONE',  ( 0.06018589945968484678, 0.1269685039370082591, -0.07544402180015752357 ) ) ;
#674 = LINE ( 'NONE', #4564, #4026 ) ;
#675 = DIRECTION ( 'NONE',  ( -1.602884491802569361E-15, 1.000000000000000000, -1.644517855226017859E-15 ) ) ;
#676 = FACE_OUTER_BOUND ( 'NONE', #5384, .T. ) ;
#677 = EDGE_LOOP ( 'NONE', ( #2219, #2981, #269, #5552, #2954, #5980 ) ) ;
#678 = ADVANCED_FACE ( 'NONE', ( #3272 ), #5200, .F. ) ;
#679 = DIRECTION ( 'NONE',  ( -2.348093788196917952E-30, 1.644517855226018450E-15, 1.000000000000000000 ) ) ;
#680 = ADVANCED_FACE ( 'NONE', ( #5721 ), #2085, .T. ) ;
#681 = FILL_AREA_STYLE_COLOUR ( '', #3944 ) ;
#682 = DIRECTION ( 'NONE',  ( 1.594929680954371539E-16, -0.09950371902099727772, 0.9950371902099893751 ) ) ;
#683 = CARTESIAN_POINT ( 'NONE',  ( -0.1535433070866138727, -0.1722440944881890590, -0.003740157480314449702 ) ) ;
#684 =( NAMED_UNIT ( * ) PLANE_ANGLE_UNIT ( ) SI_UNIT ( $, .RADIAN. ) );
#685 =( NAMED_UNIT ( * ) PLANE_ANGLE_UNIT ( ) SI_UNIT ( $, .RADIAN. ) );
#686 = DIMENSIONAL_EXPONENTS ( 1.000000000000000000, 0.0000000000000000000, 0.0000000000000000000, 0.0000000000000000000, 0.0000000000000000000, 0.0000000000000000000, 0.0000000000000000000 ) ;
#687 = CARTESIAN_POINT ( 'NONE',  ( 0.1464566929133859496, -0.02263779527559014321, -0.006889763779527295282 ) ) ;
#688 = ADVANCED_FACE ( 'NONE', ( #1118 ), #5921, .F. ) ;
#689 = EDGE_CURVE ( 'NONE', #3181, #3546, #1635, .T. ) ;
#690 = DIRECTION ( 'NONE',  ( 1.602884491802569361E-15, -1.000000000000000000, 1.644517855226017859E-15 ) ) ;
#691 = CYLINDRICAL_SURFACE ( 'NONE', #3540, 0.003937007874015749712 ) ;
#692 = CARTESIAN_POINT ( 'NONE',  ( -0.1535433070866139282, -0.1407480314960630752, -0.08484251968503893349 ) ) ;
#693 = SURFACE_SIDE_STYLE ('',( #4552 ) ) ;
#694 = LENGTH_MEASURE_WITH_UNIT ( LENGTH_MEASURE( 0.02539999999999999897 ), #1702 );
#695 = CARTESIAN_POINT ( 'NONE',  ( 0.1464566929133861717, -0.1407480314960626311, 0.09311023622047291670 ) ) ;
#696 = FILL_AREA_STYLE_COLOUR ( '', #432 ) ;
#697 = VERTEX_POINT ( 'NONE', #2053 ) ;
#698 = FILL_AREA_STYLE ('',( #1674 ) ) ;
#699 =( NAMED_UNIT ( * ) PLANE_ANGLE_UNIT ( ) SI_UNIT ( $, .RADIAN. ) );
#700 = ORIENTED_EDGE ( 'NONE', *, *, #568, .F. ) ;
#701 = ORIENTED_EDGE ( 'NONE', *, *, #5354, .T. ) ;
#702 = CIRCLE ( 'NONE', #601, 0.009105439123007876348 ) ;
#703 = LINE ( 'NONE', #2654, #1747 ) ;
#704 = PLANE ( 'NONE',  #2290 ) ;
#705 =( NAMED_UNIT ( * ) PLANE_ANGLE_UNIT ( ) SI_UNIT ( $, .RADIAN. ) );
#706 = CARTESIAN_POINT ( 'NONE',  ( 0.08700787401574773539, 0.2037401574803154036, -0.09586614173228362457 ) ) ;
#707 = VERTEX_POINT ( 'NONE', #2967 ) ;
#708 = MECHANICAL_DESIGN_GEOMETRIC_PRESENTATION_REPRESENTATION (  '', ( #4670 ), #189 ) ;
#709 = FILL_AREA_STYLE_COLOUR ( '', #1540 ) ;
#710 =( GEOMETRIC_REPRESENTATION_CONTEXT ( 3 ) GLOBAL_UNCERTAINTY_ASSIGNED_CONTEXT ( ( #218 ) ) GLOBAL_UNIT_ASSIGNED_CONTEXT ( ( #789, #1308, #1247 ) ) REPRESENTATION_CONTEXT ( 'NONE', 'WORKASPACE' ) );
#711 = CARTESIAN_POINT ( 'NONE',  ( 0.01934165959544849669, 0.2037401574803153759, -0.07027559055118128006 ) ) ;
#712 = FILL_AREA_STYLE_COLOUR ( '', #5440 ) ;
#713 = MECHANICAL_DESIGN_GEOMETRIC_PRESENTATION_REPRESENTATION (  '', ( #3990 ), #4189 ) ;
#714 = PRODUCT_RELATED_PRODUCT_CATEGORY ( 'part', '', ( #1186 ) ) ;
#715 = VECTOR ( 'NONE', #2795, 39.37007874015748143 ) ;
#716 = CARTESIAN_POINT ( 'NONE',  ( 0.06929133858267692847, 0.1564960629921262614, -0.02539370078740165945 ) ) ;
#717 = DIRECTION ( 'NONE',  ( -2.348093788196917952E-30, 1.644517855226018450E-15, 1.000000000000000000 ) ) ;
#718 = STYLED_ITEM ( 'NONE', ( #4203 ), #5571 ) ;
#719 = DIRECTION ( 'NONE',  ( 1.000000000000000000, 1.602884491802569361E-15, -2.711709361697224578E-31 ) ) ;
#720 = VECTOR ( 'NONE', #3361, 39.37007874015748143 ) ;
#721 = CARTESIAN_POINT ( 'NONE',  ( 0.01209712494559023188, 0.1998031496062995238, -0.1107723084983663203 ) ) ;
#722 = ADVANCED_FACE ( 'NONE', ( #4896 ), #3994, .F. ) ;
#723 = DIRECTION ( 'NONE',  ( 2.348093788196917952E-30, -1.644517855226018450E-15, -1.000000000000000000 ) ) ;
#724 = MECHANICAL_DESIGN_GEOMETRIC_PRESENTATION_REPRESENTATION (  '', ( #1861 ), #533 ) ;
#725 = EDGE_CURVE ( 'NONE', #4616, #6124, #745, .T. ) ;
#726 = ADVANCED_FACE ( 'NONE', ( #4175 ), #5611, .T. ) ;
#727 = DIRECTION ( 'NONE',  ( 2.348093788196917952E-30, -1.644517855226018450E-15, -1.000000000000000000 ) ) ;
#728 = CARTESIAN_POINT ( 'NONE',  ( 0.01209712494559034984, 0.1269685039370081203, -0.01077230849836617599 ) ) ;
#729 = VECTOR ( 'NONE', #2620, 39.37007874015748143 ) ;
#730 = LENGTH_MEASURE_WITH_UNIT ( LENGTH_MEASURE( 0.02539999999999999897 ), #4032 );
#731 = DIMENSIONAL_EXPONENTS ( 1.000000000000000000, 0.0000000000000000000, 0.0000000000000000000, 0.0000000000000000000, 0.0000000000000000000, 0.0000000000000000000, 0.0000000000000000000 ) ;
#732 = SURFACE_STYLE_FILL_AREA ( #210 ) ;
#733 =( NAMED_UNIT ( * ) SI_UNIT ( $, .STERADIAN. ) SOLID_ANGLE_UNIT ( ) );
#734 = VERTEX_POINT ( 'NONE', #692 ) ;
#735 = LINE ( 'NONE', #2679, #5688 ) ;
#736 =( GEOMETRIC_REPRESENTATION_CONTEXT ( 3 ) GLOBAL_UNCERTAINTY_ASSIGNED_CONTEXT ( ( #1406 ) ) GLOBAL_UNIT_ASSIGNED_CONTEXT ( ( #92, #3943, #4354 ) ) REPRESENTATION_CONTEXT ( 'NONE', 'WORKASPACE' ) );
#737 =( NAMED_UNIT ( * ) SI_UNIT ( $, .STERADIAN. ) SOLID_ANGLE_UNIT ( ) );
#738 = ORIENTED_EDGE ( 'NONE', *, *, #6000, .F. ) ;
#739 = DIRECTION ( 'NONE',  ( 1.499671914429180214E-11, -1.000000000000000000, 1.644517855226017859E-15 ) ) ;
#740 = ORIENTED_EDGE ( 'NONE', *, *, #4742, .F. ) ;
#741 = UNCERTAINTY_MEASURE_WITH_UNIT (LENGTH_MEASURE( 1.000000000000000082E-05 ), #6304, 'distance_accuracy_value', 'NONE');
#742 = FILL_AREA_STYLE_COLOUR ( '', #3786 ) ;
#743 = LINE ( 'NONE', #5535, #2899 ) ;
#744 = VERTEX_POINT ( 'NONE', #2170 ) ;
#745 = CIRCLE ( 'NONE', #5510, 0.003937007874015752314 ) ;
#746 = LINE ( 'NONE', #2221, #1217 ) ;
#747 = SURFACE_SIDE_STYLE ('',( #781 ) ) ;
#748 = CARTESIAN_POINT ( 'NONE',  ( 0.01522951533058629174, 0.2037401574803152648, 0.1214250117163778037 ) ) ;
#749 = COLOUR_RGB ( '',0.7607843137254901578, 0.7607843137254901578, 0.0000000000000000000 ) ;
#750 = DIRECTION ( 'NONE',  ( 1.594929680954394613E-15, -0.9950371902099890420, 0.09950371902100052512 ) ) ;
#751 = CARTESIAN_POINT ( 'NONE',  ( 0.06889763779527560694, 0.001377952755905925307, 0.1820866141732285226 ) ) ;
#752 = CIRCLE ( 'NONE', #3296, 0.02460629921259841965 ) ;
#753 = VECTOR ( 'NONE', #121, 39.37007874015748143 ) ;
#754 =( NAMED_UNIT ( * ) PLANE_ANGLE_UNIT ( ) SI_UNIT ( $, .RADIAN. ) );
#755 = FACE_OUTER_BOUND ( 'NONE', #607, .T. ) ;
#756 = MECHANICAL_DESIGN_GEOMETRIC_PRESENTATION_REPRESENTATION (  '', ( #4826 ), #2904 ) ;
#757 = AXIS2_PLACEMENT_3D ( 'NONE', #2314, #2277, #3767 ) ;
#758 = EDGE_CURVE ( 'NONE', #3974, #3615, #1153, .T. ) ;
#759 =( NAMED_UNIT ( * ) PLANE_ANGLE_UNIT ( ) SI_UNIT ( $, .RADIAN. ) );
#760 = MECHANICAL_DESIGN_GEOMETRIC_PRESENTATION_REPRESENTATION (  '', ( #4928 ), #1282 ) ;
#761 = SURFACE_STYLE_FILL_AREA ( #3750 ) ;
#762 = EDGE_CURVE ( 'NONE', #4851, #4167, #4641, .T. ) ;
#763 = PLANE ( 'NONE',  #3833 ) ;
#764 = CARTESIAN_POINT ( 'NONE',  ( 0.06743043410952725969, 0.1998031496062996071, 0.01904002503381874850 ) ) ;
#765 = ORIENTED_EDGE ( 'NONE', *, *, #1124, .F. ) ;
#766 = PRESENTATION_LAYER_ASSIGNMENT (  '', '', ( #1802 ) ) ;
#767 = FACE_OUTER_BOUND ( 'NONE', #677, .T. ) ;
#768 = SURFACE_SIDE_STYLE ('',( #3348 ) ) ;
#769 = ORIENTED_EDGE ( 'NONE', *, *, #5429, .T. ) ;
#770 = FILL_AREA_STYLE_COLOUR ( '', #1551 ) ;
#771 = EDGE_LOOP ( 'NONE', ( #253, #3461, #4157, #456, #954, #5454 ) ) ;
#772 = ADVANCED_FACE ( 'NONE', ( #5130 ), #2229, .F. ) ;
#773 =( GEOMETRIC_REPRESENTATION_CONTEXT ( 3 ) GLOBAL_UNCERTAINTY_ASSIGNED_CONTEXT ( ( #1260 ) ) GLOBAL_UNIT_ASSIGNED_CONTEXT ( ( #4756, #4899, #4724 ) ) REPRESENTATION_CONTEXT ( 'NONE', 'WORKASPACE' ) );
#774 = DIRECTION ( 'NONE',  ( 0.0000000000000000000, 1.875148439272792120E-15, 1.000000000000000000 ) ) ;
#775 = DIMENSIONAL_EXPONENTS ( 1.000000000000000000, 0.0000000000000000000, 0.0000000000000000000, 0.0000000000000000000, 0.0000000000000000000, 0.0000000000000000000, 0.0000000000000000000 ) ;
#776 = DIRECTION ( 'NONE',  ( 1.000000000000000000, 1.602884491802569361E-15, -2.878783784372901366E-31 ) ) ;
#777 = DIRECTION ( 'NONE',  ( -0.7956271577887876756, 0.0000000000000000000, 0.6057866173735895199 ) ) ;
#778 = DIRECTION ( 'NONE',  ( -1.602884491802569361E-15, 1.000000000000000000, -1.644517855226017859E-15 ) ) ;
#779 = ORIENTED_EDGE ( 'NONE', *, *, #4443, .F. ) ;
#780 = COLOUR_RGB ( '',1.000000000000000000, 1.000000000000000000, 1.000000000000000000 ) ;
#781 = SURFACE_STYLE_FILL_AREA ( #252 ) ;
#782 = ORIENTED_EDGE ( 'NONE', *, *, #12, .T. ) ;
#783 = CARTESIAN_POINT ( 'NONE',  ( 0.01830074866882645118, 0.1998031496062994683, -0.02145669291338597739 ) ) ;
#784 =( NAMED_UNIT ( * ) SI_UNIT ( $, .STERADIAN. ) SOLID_ANGLE_UNIT ( ) );
#785 = SURFACE_STYLE_FILL_AREA ( #3682 ) ;
#786 = FILL_AREA_STYLE_COLOUR ( '', #646 ) ;
#787 = PRESENTATION_STYLE_ASSIGNMENT (( #259 ) ) ;
#788 = CARTESIAN_POINT ( 'NONE',  ( 0.08700787401574779090, 0.1643700787401578822, -0.09586614173228355518 ) ) ;
#789 =( CONVERSION_BASED_UNIT ( 'INCH', #5652 ) LENGTH_UNIT ( ) NAMED_UNIT ( #863 ) );
#790 = DIRECTION ( 'NONE',  ( 1.000000000000000000, 1.602884491802569361E-15, -2.711709361697226329E-31 ) ) ;
#791 =( LENGTH_UNIT ( ) NAMED_UNIT ( * ) SI_UNIT ( $, .METRE. ) );
#792 = MECHANICAL_DESIGN_GEOMETRIC_PRESENTATION_REPRESENTATION (  '', ( #5251 ), #3339 ) ;
#793 = PLANE ( 'NONE',  #848 ) ;
#794 = ORIENTED_EDGE ( 'NONE', *, *, #536, .T. ) ;
#795 = SURFACE_STYLE_USAGE ( .BOTH. , #1388 ) ;
#796 =( CONVERSION_BASED_UNIT ( 'INCH', #904 ) LENGTH_UNIT ( ) NAMED_UNIT ( #6151 ) );
#797 = ORIENTED_EDGE ( 'NONE', *, *, #5064, .F. ) ;
#798 = ORIENTED_EDGE ( 'NONE', *, *, #495, .F. ) ;
#799 = UNCERTAINTY_MEASURE_WITH_UNIT (LENGTH_MEASURE( 1.000000000000000082E-05 ), #2878, 'distance_accuracy_value', 'NONE');
#800 = PRESENTATION_STYLE_ASSIGNMENT (( #2819 ) ) ;
#801 = PLANE ( 'NONE',  #1593 ) ;
#802 = FACE_OUTER_BOUND ( 'NONE', #5834, .T. ) ;
#803 = EDGE_CURVE ( 'NONE', #6292, #637, #1665, .T. ) ;
#804 = LINE ( 'NONE', #5733, #3586 ) ;
#805 = ADVANCED_FACE ( 'NONE', ( #2731 ), #171, .F. ) ;
#806 = SURFACE_SIDE_STYLE ('',( #5666 ) ) ;
#807 = SURFACE_STYLE_USAGE ( .BOTH. , #747 ) ;
#808 = EDGE_LOOP ( 'NONE', ( #2816, #5932, #4423, #1655, #2488, #5658 ) ) ;
#809 = LENGTH_MEASURE_WITH_UNIT ( LENGTH_MEASURE( 0.02539999999999999897 ), #6021 );
#810 = FILL_AREA_STYLE_COLOUR ( '', #5099 ) ;
#811 = CARTESIAN_POINT ( 'NONE',  ( 0.04940944881889763191, -0.06003937007873992593, 0.1007874015748034119 ) ) ;
#812 =( GEOMETRIC_REPRESENTATION_CONTEXT ( 3 ) GLOBAL_UNCERTAINTY_ASSIGNED_CONTEXT ( ( #3733 ) ) GLOBAL_UNIT_ASSIGNED_CONTEXT ( ( #2643, #5546, #519 ) ) REPRESENTATION_CONTEXT ( 'NONE', 'WORKASPACE' ) );
#813 = CARTESIAN_POINT ( 'NONE',  ( 0.1535433070866145389, -0.1722440944881885316, -0.08799212598425146248 ) ) ;
#814 = PRESENTATION_LAYER_ASSIGNMENT (  '', '', ( #3556 ) ) ;
#815 = LENGTH_MEASURE_WITH_UNIT ( LENGTH_MEASURE( 0.02539999999999999897 ), #5641 );
#816 = CIRCLE ( 'NONE', #4283, 0.02460629921259843353 ) ;
#817 = UNCERTAINTY_MEASURE_WITH_UNIT (LENGTH_MEASURE( 1.000000000000000082E-05 ), #5267, 'distance_accuracy_value', 'NONE');
#818 = PRESENTATION_LAYER_ASSIGNMENT (  '', '', ( #2752 ) ) ;
#819 = ORIENTED_EDGE ( 'NONE', *, *, #5137, .F. ) ;
#820 = ORIENTED_EDGE ( 'NONE', *, *, #5342, .T. ) ;
#821 = LENGTH_MEASURE_WITH_UNIT ( LENGTH_MEASURE( 0.02539999999999999897 ), #5234 );
#822 = SURFACE_STYLE_USAGE ( .BOTH. , #4099 ) ;
#823 = AXIS2_PLACEMENT_3D ( 'NONE', #4316, #1840, #5276 ) ;
#824 = VECTOR ( 'NONE', #4828, 39.37007874015748143 ) ;
#825 = LENGTH_MEASURE_WITH_UNIT ( LENGTH_MEASURE( 0.02539999999999999897 ), #2703 );
#826 =( CONVERSION_BASED_UNIT ( 'INCH', #5165 ) LENGTH_UNIT ( ) NAMED_UNIT ( #686 ) );
#827 = AXIS2_PLACEMENT_3D ( 'NONE', #2468, #3411, #571 ) ;
#828 = DIRECTION ( 'NONE',  ( 1.602884491802569361E-15, -1.000000000000000000, 1.644517855226017859E-15 ) ) ;
#829 = ORIENTED_EDGE ( 'NONE', *, *, #5612, .T. ) ;
#830 =( LENGTH_UNIT ( ) NAMED_UNIT ( * ) SI_UNIT ( $, .METRE. ) );
#831 =( NAMED_UNIT ( * ) SI_UNIT ( $, .STERADIAN. ) SOLID_ANGLE_UNIT ( ) );
#832 = VERTEX_POINT ( 'NONE', #4368 ) ;
#833 = STYLED_ITEM ( 'NONE', ( #3623 ), #5620 ) ;
#834 = VERTEX_POINT ( 'NONE', #6228 ) ;
#835 = VECTOR ( 'NONE', #2060, 39.37007874015748143 ) ;
#836 = LINE ( 'NONE', #3280, #103 ) ;
#837 =( NAMED_UNIT ( * ) PLANE_ANGLE_UNIT ( ) SI_UNIT ( $, .RADIAN. ) );
#838 = PLANE ( 'NONE',  #3921 ) ;
#839 = VERTEX_POINT ( 'NONE', #1888 ) ;
#840 =( NAMED_UNIT ( * ) PLANE_ANGLE_UNIT ( ) SI_UNIT ( $, .RADIAN. ) );
#841 = PRESENTATION_LAYER_ASSIGNMENT (  '', '', ( #5403 ) ) ;
#842 = EDGE_CURVE ( 'NONE', #5360, #4763, #2495, .T. ) ;
#843 = LINE ( 'NONE', #376, #4492 ) ;
#844 = VERTEX_POINT ( 'NONE', #2835 ) ;
#845 =( LENGTH_UNIT ( ) NAMED_UNIT ( * ) SI_UNIT ( $, .METRE. ) );
#846 = VERTEX_POINT ( 'NONE', #3369 ) ;
#847 = FILL_AREA_STYLE ('',( #810 ) ) ;
#848 = AXIS2_PLACEMENT_3D ( 'NONE', #6108, #3117, #2736 ) ;
#849 = SURFACE_STYLE_FILL_AREA ( #2390 ) ;
#850 = CARTESIAN_POINT ( 'NONE',  ( 0.01934165959544849669, 0.2037401574803152648, -0.1214566929133859968 ) ) ;
#851 = SURFACE_STYLE_FILL_AREA ( #5806 ) ;
#852 = MECHANICAL_DESIGN_GEOMETRIC_PRESENTATION_REPRESENTATION (  '', ( #3395 ), #5415 ) ;
#853 = ADVANCED_FACE ( 'NONE', ( #3230 ), #2428, .T. ) ;
#854 = ORIENTED_EDGE ( 'NONE', *, *, #2026, .T. ) ;
#855 = ORIENTED_EDGE ( 'NONE', *, *, #3101, .T. ) ;
#856 = VERTEX_POINT ( 'NONE', #389 ) ;
#857 =( LENGTH_UNIT ( ) NAMED_UNIT ( * ) SI_UNIT ( $, .METRE. ) );
#858 = VECTOR ( 'NONE', #5424, 39.37007874015748143 ) ;
#859 = LINE ( 'NONE', #6032, #4178 ) ;
#860 = FILL_AREA_STYLE_COLOUR ( '', #1458 ) ;
#861 = PRESENTATION_STYLE_ASSIGNMENT (( #2232 ) ) ;
#862 = PRESENTATION_STYLE_ASSIGNMENT (( #1349 ) ) ;
#863 = DIMENSIONAL_EXPONENTS ( 1.000000000000000000, 0.0000000000000000000, 0.0000000000000000000, 0.0000000000000000000, 0.0000000000000000000, 0.0000000000000000000, 0.0000000000000000000 ) ;
#864 = PRESENTATION_LAYER_ASSIGNMENT (  '', '', ( #2398 ) ) ;
#865 =( GEOMETRIC_REPRESENTATION_CONTEXT ( 3 ) GLOBAL_UNCERTAINTY_ASSIGNED_CONTEXT ( ( #1916 ) ) GLOBAL_UNIT_ASSIGNED_CONTEXT ( ( #282, #2724, #6051 ) ) REPRESENTATION_CONTEXT ( 'NONE', 'WORKASPACE' ) );
#866 = LENGTH_MEASURE_WITH_UNIT ( LENGTH_MEASURE( 0.02539999999999999897 ), #365 );
#867 = ORIENTED_EDGE ( 'NONE', *, *, #2563, .T. ) ;
#868 = FILL_AREA_STYLE_COLOUR ( '', #1728 ) ;
#869 = ORIENTED_EDGE ( 'NONE', *, *, #2077, .T. ) ;
#870 = COLOUR_RGB ( '',1.000000000000000000, 1.000000000000000000, 1.000000000000000000 ) ;
#871 = PRESENTATION_LAYER_ASSIGNMENT (  '', '', ( #6252 ) ) ;
#872 = COLOUR_RGB ( '',1.000000000000000000, 1.000000000000000000, 1.000000000000000000 ) ;
#873 = FILL_AREA_STYLE_COLOUR ( '', #1963 ) ;
#874 = FILL_AREA_STYLE ('',( #5210 ) ) ;
#875 = CARTESIAN_POINT ( 'NONE',  ( 0.1535433070866144833, -0.1407480314960626033, -0.006889763779527091452 ) ) ;
#876 = SURFACE_SIDE_STYLE ('',( #3735 ) ) ;
#877 = EDGE_LOOP ( 'NONE', ( #4451, #6184, #5142, #99 ) ) ;
#878 = MECHANICAL_DESIGN_GEOMETRIC_PRESENTATION_REPRESENTATION (  '', ( #1802 ), #3939 ) ;
#879 = LINE ( 'NONE', #6282, #4387 ) ;
#880 = DIMENSIONAL_EXPONENTS ( 1.000000000000000000, 0.0000000000000000000, 0.0000000000000000000, 0.0000000000000000000, 0.0000000000000000000, 0.0000000000000000000, 0.0000000000000000000 ) ;
#881 = EDGE_LOOP ( 'NONE', ( #5714, #3678, #2180, #951 ) ) ;
#882 = CARTESIAN_POINT ( 'NONE',  ( 0.04940944881889767354, -0.06003937007874024512, -0.09251968503936990051 ) ) ;
#883 = UNCERTAINTY_MEASURE_WITH_UNIT (LENGTH_MEASURE( 1.000000000000000082E-05 ), #5944, 'distance_accuracy_value', 'NONE');
#884 = ORIENTED_EDGE ( 'NONE', *, *, #4567, .T. ) ;
#885 = MECHANICAL_DESIGN_GEOMETRIC_PRESENTATION_REPRESENTATION (  '', ( #1911 ), #4048 ) ;
#886 = FACE_OUTER_BOUND ( 'NONE', #6110, .T. ) ;
#887 = CARTESIAN_POINT ( 'NONE',  ( 0.1464566929133862272, -0.1722440944881885871, -0.003740157480314449702 ) ) ;
#888 = EDGE_CURVE ( 'NONE', #1202, #6053, #325, .T. ) ;
#889 = DIRECTION ( 'NONE',  ( -1.000000000000000000, -1.602884491802569361E-15, 2.711709361697226329E-31 ) ) ;
#890 = EDGE_CURVE ( 'NONE', #2737, #2240, #5680, .T. ) ;
#891 = DIRECTION ( 'NONE',  ( 2.348093788196917952E-30, -1.644517855226018450E-15, -1.000000000000000000 ) ) ;
#892 = TOROIDAL_SURFACE ( 'NONE', #5642, 0.005168431248992125769, 0.003937007874015747977 ) ;
#893 = UNCERTAINTY_MEASURE_WITH_UNIT (LENGTH_MEASURE( 1.000000000000000082E-05 ), #4470, 'distance_accuracy_value', 'NONE');
#894 = EDGE_LOOP ( 'NONE', ( #2958, #3069, #3783, #5707 ) ) ;
#895 = ORIENTED_EDGE ( 'NONE', *, *, #165, .T. ) ;
#896 = ORIENTED_EDGE ( 'NONE', *, *, #1742, .T. ) ;
#897 = SURFACE_SIDE_STYLE ('',( #3821 ) ) ;
#898 = EDGE_CURVE ( 'NONE', #2599, #1292, #2297, .T. ) ;
#899 = EDGE_CURVE ( 'NONE', #3645, #1377, #4240, .T. ) ;
#900 = DIRECTION ( 'NONE',  ( 1.000000000000000000, 1.807003620809174188E-15, 0.0000000000000000000 ) ) ;
#901 = CARTESIAN_POINT ( 'NONE',  ( 0.01934165959544850363, 0.1998031496062995516, 0.1297244094488187449 ) ) ;
#902 = DIRECTION ( 'NONE',  ( 1.602884491802569361E-15, -1.000000000000000000, 0.0000000000000000000 ) ) ;
#903 = DIRECTION ( 'NONE',  ( 2.348093788196917952E-30, -1.644517855226018450E-15, -1.000000000000000000 ) ) ;
#904 = LENGTH_MEASURE_WITH_UNIT ( LENGTH_MEASURE( 0.02539999999999999897 ), #3317 );
#905 = CARTESIAN_POINT ( 'NONE',  ( 0.06122681038629890909, 0.1998031496062996071, 0.1297244094488187449 ) ) ;
#906 = VECTOR ( 'NONE', #4489, 39.37007874015748854 ) ;
#907 = ORIENTED_EDGE ( 'NONE', *, *, #4089, .T. ) ;
#908 = DIRECTION ( 'NONE',  ( 1.359243330564626371E-15, -0.8479983040050815823, 0.5299989400031900333 ) ) ;
#909 = LINE ( 'NONE', #3282, #6116 ) ;
#910 = LENGTH_MEASURE_WITH_UNIT ( LENGTH_MEASURE( 0.02539999999999999897 ), #4719 );
#911 = ORIENTED_EDGE ( 'NONE', *, *, #1013, .F. ) ;
#912 = FACE_OUTER_BOUND ( 'NONE', #2457, .T. ) ;
#913 = ORIENTED_EDGE ( 'NONE', *, *, #842, .T. ) ;
#914 = MECHANICAL_DESIGN_GEOMETRIC_PRESENTATION_REPRESENTATION (  '', ( #5675 ), #3046 ) ;
#915 = EDGE_LOOP ( 'NONE', ( #2687, #6132, #6285, #4496 ) ) ;
#916 = CARTESIAN_POINT ( 'NONE',  ( 0.1464566929133861717, -0.1407480314960626033, 0.1151574803149610915 ) ) ;
#917 =( NAMED_UNIT ( * ) PLANE_ANGLE_UNIT ( ) SI_UNIT ( $, .RADIAN. ) );
#918 = FILL_AREA_STYLE_COLOUR ( '', #2885 ) ;
#919 = CARTESIAN_POINT ( 'NONE',  ( -0.1464566929133855888, -0.1407480314960631307, 0.09311023622047291670 ) ) ;
#920 = ORIENTED_EDGE ( 'NONE', *, *, #4317, .T. ) ;
#921 = VECTOR ( 'NONE', #1812, 39.37007874015748143 ) ;
#922 = ORIENTED_EDGE ( 'NONE', *, *, #2669, .T. ) ;
#923 = DIMENSIONAL_EXPONENTS ( 1.000000000000000000, 0.0000000000000000000, 0.0000000000000000000, 0.0000000000000000000, 0.0000000000000000000, 0.0000000000000000000, 0.0000000000000000000 ) ;
#924 = ORIENTED_EDGE ( 'NONE', *, *, #3246, .F. ) ;
#925 = CARTESIAN_POINT ( 'NONE',  ( 0.1464566929133855611, 0.2273622047244098499, 0.05413385826771639764 ) ) ;
#926 = COLOUR_RGB ( '',0.7607843137254901578, 0.7607843137254901578, 0.0000000000000000000 ) ;
#927 = SURFACE_STYLE_FILL_AREA ( #3439 ) ;
#928 = COLOUR_RGB ( '',1.000000000000000000, 1.000000000000000000, 1.000000000000000000 ) ;
#929 = CARTESIAN_POINT ( 'NONE',  ( -0.1535433070866141225, -0.02263779527559061505, -0.006889763779527295282 ) ) ;
#930 = PRESENTATION_STYLE_ASSIGNMENT (( #504 ) ) ;
#931 = ADVANCED_FACE ( 'NONE', ( #3785 ), #2803, .T. ) ;
#932 = CARTESIAN_POINT ( 'NONE',  ( 0.01934165962243668963, 0.1998031496062995793, 0.03366141732283450816 ) ) ;
#933 = EDGE_CURVE ( 'NONE', #5411, #4648, #2868, .T. ) ;
#934 = EDGE_CURVE ( 'NONE', #846, #3615, #1057, .T. ) ;
#935 = CARTESIAN_POINT ( 'NONE',  ( 0.06929133858267698398, 0.1269685039370082591, 0.03366141732283462612 ) ) ;
#936 = CARTESIAN_POINT ( 'NONE',  ( 0.06929133858267692847, 0.1564960629921262614, -0.02539370078740165945 ) ) ;
#937 = VECTOR ( 'NONE', #959, 39.37007874015748143 ) ;
#938 = LINE ( 'NONE', #4811, #3690 ) ;
#939 = FACE_OUTER_BOUND ( 'NONE', #2069, .T. ) ;
#940 = LINE ( 'NONE', #478, #2328 ) ;
#941 = VECTOR ( 'NONE', #5954, 39.37007874015748854 ) ;
#942 = VECTOR ( 'NONE', #1465, 39.37007874015748143 ) ;
#943 = ORIENTED_EDGE ( 'NONE', *, *, #1318, .F. ) ;
#944 = EDGE_CURVE ( 'NONE', #633, #3096, #47, .T. ) ;
#945 = DIRECTION ( 'NONE',  ( 0.7956271577887870095, 0.0000000000000000000, -0.6057866173735900750 ) ) ;
#946 = CARTESIAN_POINT ( 'NONE',  ( 0.1464566929133861717, -0.1407480314960626033, 0.1151574803149610915 ) ) ;
#947 = FACE_OUTER_BOUND ( 'NONE', #2246, .T. ) ;
#948 =( GEOMETRIC_REPRESENTATION_CONTEXT ( 3 ) GLOBAL_UNCERTAINTY_ASSIGNED_CONTEXT ( ( #2294 ) ) GLOBAL_UNIT_ASSIGNED_CONTEXT ( ( #3358, #5966, #1110 ) ) REPRESENTATION_CONTEXT ( 'NONE', 'WORKASPACE' ) );
#949 = CARTESIAN_POINT ( 'NONE',  ( 0.1535433070866143168, -0.02263779527559016402, 0.09311023622047270853 ) ) ;
#950 =( CONVERSION_BASED_UNIT ( 'INCH', #3423 ) LENGTH_UNIT ( ) NAMED_UNIT ( #4285 ) );
#951 = ORIENTED_EDGE ( 'NONE', *, *, #4089, .F. ) ;
#952 = STYLED_ITEM ( 'NONE', ( #4681 ), #5870 ) ;
#953 = UNCERTAINTY_MEASURE_WITH_UNIT (LENGTH_MEASURE( 1.000000000000000082E-05 ), #1834, 'distance_accuracy_value', 'NONE');
#954 = ORIENTED_EDGE ( 'NONE', *, *, #3561, .F. ) ;
#955 = SURFACE_SIDE_STYLE ('',( #6287 ) ) ;
#956 =( NAMED_UNIT ( * ) PLANE_ANGLE_UNIT ( ) SI_UNIT ( $, .RADIAN. ) );
#957 = AXIS2_PLACEMENT_3D ( 'NONE', #3538, #5469, #1129 ) ;
#958 = DIMENSIONAL_EXPONENTS ( 1.000000000000000000, 0.0000000000000000000, 0.0000000000000000000, 0.0000000000000000000, 0.0000000000000000000, 0.0000000000000000000, 0.0000000000000000000 ) ;
#959 = DIRECTION ( 'NONE',  ( 1.000000000000000000, 1.602884491802569361E-15, -2.711709361697226329E-31 ) ) ;
#960 = DIRECTION ( 'NONE',  ( 1.602884491802569361E-15, -1.000000000000000000, 1.644517855226017859E-15 ) ) ;
#961 = UNCERTAINTY_MEASURE_WITH_UNIT (LENGTH_MEASURE( 1.000000000000000082E-05 ), #2851, 'distance_accuracy_value', 'NONE');
#962 = ORIENTED_EDGE ( 'NONE', *, *, #2253, .T. ) ;
#963 = FACE_OUTER_BOUND ( 'NONE', #1353, .T. ) ;
#964 = ORIENTED_EDGE ( 'NONE', *, *, #1482, .T. ) ;
#965 =( NAMED_UNIT ( * ) PLANE_ANGLE_UNIT ( ) SI_UNIT ( $, .RADIAN. ) );
#966 = CARTESIAN_POINT ( 'NONE',  ( 0.01934165962243668963, 0.1998031496062996071, -0.06633858267716551127 ) ) ;
#967 = SURFACE_STYLE_FILL_AREA ( #2460 ) ;
#968 = DIRECTION ( 'NONE',  ( -2.348093788196917952E-30, 1.644517855226018450E-15, 1.000000000000000000 ) ) ;
#969 =( NAMED_UNIT ( * ) SI_UNIT ( $, .STERADIAN. ) SOLID_ANGLE_UNIT ( ) );
#970 = DIRECTION ( 'NONE',  ( -1.594929680954395007E-15, 0.9950371902099891530, 0.09950371902099724997 ) ) ;
#971 = DIRECTION ( 'NONE',  ( 1.602884491802569361E-15, -1.000000000000000000, 1.644517855226017859E-15 ) ) ;
#972 = PRESENTATION_LAYER_ASSIGNMENT (  '', '', ( #4223 ) ) ;
#973 = CARTESIAN_POINT ( 'NONE',  ( 0.01934165959544849669, 0.2037401574803152648, -0.1162882616643938632 ) ) ;
#974 = ADVANCED_FACE ( 'NONE', ( #5881 ), #4432, .F. ) ;
#975 = DIMENSIONAL_EXPONENTS ( 1.000000000000000000, 0.0000000000000000000, 0.0000000000000000000, 0.0000000000000000000, 0.0000000000000000000, 0.0000000000000000000, 0.0000000000000000000 ) ;
#976 = CARTESIAN_POINT ( 'NONE',  ( -0.08720472440944881942, -0.06003937007874013410, 0.1007874015748034119 ) ) ;
#977 = EDGE_CURVE ( 'NONE', #5466, #1704, #3887, .T. ) ;
#978 = ORIENTED_EDGE ( 'NONE', *, *, #1634, .F. ) ;
#979 = DIRECTION ( 'NONE',  ( -1.000000000000000000, -1.602884491802569361E-15, 2.711709361697226329E-31 ) ) ;
#980 = VECTOR ( 'NONE', #26, 39.37007874015748143 ) ;
#981 = CARTESIAN_POINT ( 'NONE',  ( 0.06018589945968472882, 0.1998031496062995793, 0.1297244094488187449 ) ) ;
#982 = STYLED_ITEM ( 'NONE', ( #4462 ), #1648 ) ;
#983 = DIRECTION ( 'NONE',  ( -1.000000000000000000, -1.602884491802569361E-15, -2.208151064125236385E-16 ) ) ;
#984 = FILL_AREA_STYLE_COLOUR ( '', #1868 ) ;
#985 = FILL_AREA_STYLE ('',( #2824 ) ) ;
#986 = STYLED_ITEM ( 'NONE', ( #2432 ), #2497 ) ;
#987 = ORIENTED_EDGE ( 'NONE', *, *, #5177, .F. ) ;
#988 = STYLED_ITEM ( 'NONE', ( #4570 ), #1666 ) ;
#989 = ORIENTED_EDGE ( 'NONE', *, *, #167, .F. ) ;
#990 = ORIENTED_EDGE ( 'NONE', *, *, #652, .T. ) ;
#991 = AXIS2_PLACEMENT_3D ( 'NONE', #3716, #1723, #5643 ) ;
#992 = LINE ( 'NONE', #5805, #5797 ) ;
#993 = DIRECTION ( 'NONE',  ( 1.602884491802569361E-15, -1.000000000000000000, 1.644517855226017859E-15 ) ) ;
#994 =( GEOMETRIC_REPRESENTATION_CONTEXT ( 3 ) GLOBAL_UNCERTAINTY_ASSIGNED_CONTEXT ( ( #5627 ) ) GLOBAL_UNIT_ASSIGNED_CONTEXT ( ( #4079, #4429, #1572 ) ) REPRESENTATION_CONTEXT ( 'NONE', 'WORKASPACE' ) );
#995 = EDGE_LOOP ( 'NONE', ( #4699, #5206, #4644, #1167, #1160 ) ) ;
#996 = DIRECTION ( 'NONE',  ( -1.000000000000000000, -1.602884491802569361E-15, 2.711709361697226329E-31 ) ) ;
#997 = ORIENTED_EDGE ( 'NONE', *, *, #4130, .T. ) ;
#998 = DIRECTION ( 'NONE',  ( -1.602884491802569361E-15, 1.000000000000000000, -1.644517855226017859E-15 ) ) ;
#999 = FILL_AREA_STYLE ('',( #3889 ) ) ;
#1000 = FACE_OUTER_BOUND ( 'NONE', #2680, .T. ) ;
#1001 = CARTESIAN_POINT ( 'NONE',  ( 0.06929133858267698398, 0.1269685039370083146, -0.06633858267716538637 ) ) ;
#1002 = DIMENSIONAL_EXPONENTS ( 1.000000000000000000, 0.0000000000000000000, 0.0000000000000000000, 0.0000000000000000000, 0.0000000000000000000, 0.0000000000000000000, 0.0000000000000000000 ) ;
#1003 =( NAMED_UNIT ( * ) PLANE_ANGLE_UNIT ( ) SI_UNIT ( $, .RADIAN. ) );
#1004 = LINE ( 'NONE', #1519, #4388 ) ;
#1005 = LINE ( 'NONE', #2846, #4654 ) ;
#1006 = ORIENTED_EDGE ( 'NONE', *, *, #405, .F. ) ;
#1007 = LINE ( 'NONE', #1102, #4784 ) ;
#1008 = DIRECTION ( 'NONE',  ( -1.000000000000000000, -1.602884491802569361E-15, 2.711709361697226329E-31 ) ) ;
#1009 = CARTESIAN_POINT ( 'NONE',  ( 1.072859311961811548E-16, -0.06003937007874016879, 9.816816480438418747E-17 ) ) ;
#1010 = DIRECTION ( 'NONE',  ( 1.602884491802569361E-15, -1.000000000000000000, 1.644517855226017859E-15 ) ) ;
#1011 = ORIENTED_EDGE ( 'NONE', *, *, #5141, .F. ) ;
#1012 = ADVANCED_FACE ( 'NONE', ( #113 ), #3049, .F. ) ;
#1013 = EDGE_CURVE ( 'NONE', #5879, #2480, #5810, .T. ) ;
#1014 = EDGE_LOOP ( 'NONE', ( #4819, #3782, #1379, #4325 ) ) ;
#1015 = EDGE_CURVE ( 'NONE', #844, #3402, #1989, .T. ) ;
#1016 = CARTESIAN_POINT ( 'NONE',  ( 0.1948818897637793202, 0.1564960629921266222, -0.1738188976377948169 ) ) ;
#1017 = PRESENTATION_STYLE_ASSIGNMENT (( #3978 ) ) ;
#1018 = ORIENTED_EDGE ( 'NONE', *, *, #4273, .F. ) ;
#1019 = LINE ( 'NONE', #108, #4888 ) ;
#1020 = SURFACE_STYLE_USAGE ( .BOTH. , #3045 ) ;
#1021 = ORIENTED_EDGE ( 'NONE', *, *, #6129, .F. ) ;
#1022 = LINE ( 'NONE', #1575, #5623 ) ;
#1023 = VERTEX_POINT ( 'NONE', #3025 ) ;
#1024 = SURFACE_STYLE_USAGE ( .BOTH. , #5361 ) ;
#1025 =( NAMED_UNIT ( * ) PLANE_ANGLE_UNIT ( ) SI_UNIT ( $, .RADIAN. ) );
#1026 = SURFACE_STYLE_FILL_AREA ( #1892 ) ;
#1027 = DIRECTION ( 'NONE',  ( 1.602884491802569361E-15, -1.000000000000000000, 1.644517855226017859E-15 ) ) ;
#1028 = AXIS2_PLACEMENT_3D ( 'NONE', #2463, #4409, #3440 ) ;
#1029 = AXIS2_PLACEMENT_3D ( 'NONE', #4703, #4177, #5545 ) ;
#1030 = CARTESIAN_POINT ( 'NONE',  ( -0.1535433070866141225, -0.02263779527559054566, -0.08484251968503912777 ) ) ;
#1031 = PRESENTATION_STYLE_ASSIGNMENT (( #2408 ) ) ;
#1032 = AXIS2_PLACEMENT_3D ( 'NONE', #6006, #5979, #3635 ) ;
#1033 = PRESENTATION_LAYER_ASSIGNMENT (  '', '', ( #609 ) ) ;
#1034 =( LENGTH_UNIT ( ) NAMED_UNIT ( * ) SI_UNIT ( $, .METRE. ) );
#1035 = DIMENSIONAL_EXPONENTS ( 1.000000000000000000, 0.0000000000000000000, 0.0000000000000000000, 0.0000000000000000000, 0.0000000000000000000, 0.0000000000000000000, 0.0000000000000000000 ) ;
#1036 = FILL_AREA_STYLE_COLOUR ( '', #870 ) ;
#1037 =( LENGTH_UNIT ( ) NAMED_UNIT ( * ) SI_UNIT ( $, .METRE. ) );
#1038 = DIRECTION ( 'NONE',  ( -1.000000000000000000, -1.807003620809174188E-15, 0.0000000000000000000 ) ) ;
#1039 = PRESENTATION_STYLE_ASSIGNMENT (( #4936 ) ) ;
#1040 = AXIS2_PLACEMENT_3D ( 'NONE', #4312, #4669, #4708 ) ;
#1041 = CIRCLE ( 'NONE', #3152, 0.005168431248992127504 ) ;
#1042 = EDGE_LOOP ( 'NONE', ( #2801, #782, #466, #4906 ) ) ;
#1043 = VERTEX_POINT ( 'NONE', #6294 ) ;
#1044 = CARTESIAN_POINT ( 'NONE',  ( 0.1952755905511816270, -0.02263779527559009463, 0.09311023622047270853 ) ) ;
#1045 = FILL_AREA_STYLE_COLOUR ( '', #2973 ) ;
#1046 = DIRECTION ( 'NONE',  ( -0.1140686577440001431, -1.816622754153543789E-15, -0.9934728689403059532 ) ) ;
#1047 = ORIENTED_EDGE ( 'NONE', *, *, #6170, .F. ) ;
#1048 = EDGE_CURVE ( 'NONE', #3747, #2102, #5328, .T. ) ;
#1049 = STYLED_ITEM ( 'NONE', ( #3867 ), #5902 ) ;
#1050 = DIRECTION ( 'NONE',  ( 9.631373050316002764E-14, -1.644517855225863834E-15, -1.000000000000000000 ) ) ;
#1051 = EDGE_CURVE ( 'NONE', #4041, #1378, #2933, .T. ) ;
#1052 = DIRECTION ( 'NONE',  ( -2.364801230464485631E-30, 1.644517855226018450E-15, 1.000000000000000000 ) ) ;
#1053 = ORIENTED_EDGE ( 'NONE', *, *, #2667, .T. ) ;
#1054 = DIMENSIONAL_EXPONENTS ( 1.000000000000000000, 0.0000000000000000000, 0.0000000000000000000, 0.0000000000000000000, 0.0000000000000000000, 0.0000000000000000000, 0.0000000000000000000 ) ;
#1055 = CARTESIAN_POINT ( 'NONE',  ( 0.06929133858267698398, 0.1269685039370081203, 0.07460629921259839814 ) ) ;
#1056 = ORIENTED_EDGE ( 'NONE', *, *, #2996, .T. ) ;
#1057 = LINE ( 'NONE', #4021, #858 ) ;
#1058 = VECTOR ( 'NONE', #5444, 39.37007874015748143 ) ;
#1059 = DIRECTION ( 'NONE',  ( -1.602884491802569361E-15, 1.000000000000000000, -1.644517855226017859E-15 ) ) ;
#1060 = PRESENTATION_STYLE_ASSIGNMENT (( #1546 ) ) ;
#1061 = ADVANCED_FACE ( 'NONE', ( #2458 ), #15, .F. ) ;
#1062 = FACE_OUTER_BOUND ( 'NONE', #2866, .T. ) ;
#1063 = CIRCLE ( 'NONE', #3081, 0.009105439123007871144 ) ;
#1064 = LINE ( 'NONE', #5459, #5769 ) ;
#1065 =( NAMED_UNIT ( * ) PLANE_ANGLE_UNIT ( ) SI_UNIT ( $, .RADIAN. ) );
#1066 = PLANE ( 'NONE',  #2856 ) ;
#1067 = CARTESIAN_POINT ( 'NONE',  ( 0.04940944881889766660, -0.05413385826771661968, -0.09251968503936991439 ) ) ;
#1068 = FACE_OUTER_BOUND ( 'NONE', #2158, .T. ) ;
#1069 = AXIS2_PLACEMENT_3D ( 'NONE', #331, #3345, #2404 ) ;
#1070 = FILL_AREA_STYLE ('',( #1522 ) ) ;
#1071 = DIRECTION ( 'NONE',  ( 2.364801230464485631E-30, -1.644517855226018450E-15, -1.000000000000000000 ) ) ;
#1072 =( LENGTH_UNIT ( ) NAMED_UNIT ( * ) SI_UNIT ( $, .METRE. ) );
#1073 = CARTESIAN_POINT ( 'NONE',  ( 0.01934165959544861813, 0.1269685039370080926, 0.07460629921259839814 ) ) ;
#1074 = VECTOR ( 'NONE', #352, 39.37007874015748143 ) ;
#1075 = ORIENTED_EDGE ( 'NONE', *, *, #1491, .T. ) ;
#1076 = UNCERTAINTY_MEASURE_WITH_UNIT (LENGTH_MEASURE( 1.000000000000000082E-05 ), #175, 'distance_accuracy_value', 'NONE');
#1077 = PRESENTATION_LAYER_ASSIGNMENT (  '', '', ( #1790 ) ) ;
#1078 = VECTOR ( 'NONE', #4138, 39.37007874015748143 ) ;
#1079 = ORIENTED_EDGE ( 'NONE', *, *, #1838, .F. ) ;
#1080 = ORIENTED_EDGE ( 'NONE', *, *, #5390, .T. ) ;
#1081 = CARTESIAN_POINT ( 'NONE',  ( 0.06889763779527559306, 0.008858267716535831934, 0.1702755905511812995 ) ) ;
#1082 = LENGTH_MEASURE_WITH_UNIT ( LENGTH_MEASURE( 0.02539999999999999897 ), #5904 );
#1083 = LENGTH_MEASURE_WITH_UNIT ( LENGTH_MEASURE( 0.02539999999999999897 ), #5906 );
#1084 = ORIENTED_EDGE ( 'NONE', *, *, #3980, .F. ) ;
#1085 = LINE ( 'NONE', #5939, #3365 ) ;
#1086 = SURFACE_STYLE_FILL_AREA ( #3548 ) ;
#1087 = ORIENTED_EDGE ( 'NONE', *, *, #3897, .T. ) ;
#1088 = ADVANCED_FACE ( 'NONE', ( #6024 ), #4053, .T. ) ;
#1089 = COLOUR_RGB ( '',1.000000000000000000, 1.000000000000000000, 1.000000000000000000 ) ;
#1090 = DIRECTION ( 'NONE',  ( 1.000000000000000000, 1.602884491802569361E-15, 0.0000000000000000000 ) ) ;
#1091 = ORIENTED_EDGE ( 'NONE', *, *, #3290, .F. ) ;
#1092 =( LENGTH_UNIT ( ) NAMED_UNIT ( * ) SI_UNIT ( $, .METRE. ) );
#1093 = FACE_OUTER_BOUND ( 'NONE', #1320, .T. ) ;
#1094 = PLANE ( 'NONE',  #96 ) ;
#1095 = PRESENTATION_STYLE_ASSIGNMENT (( #51 ) ) ;
#1096 = DIRECTION ( 'NONE',  ( -2.348093788196917952E-30, 1.644517855226018450E-15, 1.000000000000000000 ) ) ;
#1097 = DIRECTION ( 'NONE',  ( -1.602884491802569361E-15, 1.000000000000000000, 0.0000000000000000000 ) ) ;
#1098 = EDGE_CURVE ( 'NONE', #2387, #3719, #654, .T. ) ;
#1099 = VECTOR ( 'NONE', #1216, 39.37007874015748143 ) ;
#1100 = SURFACE_STYLE_USAGE ( .BOTH. , #693 ) ;
#1101 = FILL_AREA_STYLE ('',( #207 ) ) ;
#1102 = CARTESIAN_POINT ( 'NONE',  ( -0.1464566929133855888, -0.1407480314960631029, -0.006889763779527091452 ) ) ;
#1103 = ORIENTED_EDGE ( 'NONE', *, *, #1712, .F. ) ;
#1104 = DIRECTION ( 'NONE',  ( -0.7956271577886172564, -2.392722035830079268E-15, -0.6057866173738132298 ) ) ;
#1105 = CARTESIAN_POINT ( 'NONE',  ( 0.06018589943043277379, 0.1998031496062996071, 0.1336614173228345137 ) ) ;
#1106 = DIRECTION ( 'NONE',  ( -1.000000000000000000, -1.602884491802569361E-15, 2.711709361697224578E-31 ) ) ;
#1107 = ORIENTED_EDGE ( 'NONE', *, *, #1994, .T. ) ;
#1108 = EDGE_LOOP ( 'NONE', ( #1865, #3263, #300 ) ) ;
#1109 = EDGE_LOOP ( 'NONE', ( #2208, #591, #3228, #1531 ) ) ;
#1110 =( NAMED_UNIT ( * ) SI_UNIT ( $, .STERADIAN. ) SOLID_ANGLE_UNIT ( ) );
#1111 = LENGTH_MEASURE_WITH_UNIT ( LENGTH_MEASURE( 0.02539999999999999897 ), #2515 );
#1112 = EDGE_LOOP ( 'NONE', ( #884, #4561, #5291, #666, #1576, #2123 ) ) ;
#1113 = CARTESIAN_POINT ( 'NONE',  ( 0.1535433070866145389, -0.1722440944881885594, 0.01200787401574855001 ) ) ;
#1114 = ORIENTED_EDGE ( 'NONE', *, *, #2997, .F. ) ;
#1115 =( LENGTH_UNIT ( ) NAMED_UNIT ( * ) SI_UNIT ( $, .METRE. ) );
#1116 = DIRECTION ( 'NONE',  ( 1.000000000000000000, 1.602884491802569361E-15, -2.711709361697226329E-31 ) ) ;
#1117 = DIRECTION ( 'NONE',  ( 0.7715274047096022381, 2.282905139954358816E-15, 0.6361960890968018090 ) ) ;
#1118 = FACE_OUTER_BOUND ( 'NONE', #2324, .T. ) ;
#1119 = EDGE_CURVE ( 'NONE', #839, #554, #1273, .T. ) ;
#1120 = CARTESIAN_POINT ( 'NONE',  ( 0.06018589945980290512, 0.1564960629921262336, 0.07460629921259835651 ) ) ;
#1121 = SURFACE_SIDE_STYLE ('',( #1913 ) ) ;
#1122 = DIRECTION ( 'NONE',  ( 1.602884491802569361E-15, -1.000000000000000000, 1.644517855226017859E-15 ) ) ;
#1123 = ADVANCED_FACE ( 'NONE', ( #5994 ), #1693, .T. ) ;
#1124 = EDGE_CURVE ( 'NONE', #4560, #4622, #2291, .T. ) ;
#1125 = CARTESIAN_POINT ( 'NONE',  ( 8.456990371011413673E-17, -0.05413385826771627968, 0.1624015748031499007 ) ) ;
#1126 = VECTOR ( 'NONE', #5488, 39.37007874015748143 ) ;
#1127 = EDGE_LOOP ( 'NONE', ( #5004, #5470, #2516, #388 ) ) ;
#1128 = SURFACE_STYLE_USAGE ( .BOTH. , #3537 ) ;
#1129 = DIRECTION ( 'NONE',  ( 0.7956271577883996526, 0.0000000000000000000, -0.6057866173740990012 ) ) ;
#1130 = ORIENTED_EDGE ( 'NONE', *, *, #977, .T. ) ;
#1131 = ORIENTED_EDGE ( 'NONE', *, *, #3208, .F. ) ;
#1132 = STYLED_ITEM ( 'NONE', ( #567 ), #4852 ) ;
#1133 = COLOUR_RGB ( '',0.0000000000000000000, 0.0000000000000000000, 1.000000000000000000 ) ;
#1134 = EDGE_CURVE ( 'NONE', #562, #4851, #4076, .T. ) ;
#1135 = UNCERTAINTY_MEASURE_WITH_UNIT (LENGTH_MEASURE( 1.000000000000000082E-05 ), #4858, 'distance_accuracy_value', 'NONE');
#1136 = LINE ( 'NONE', #4593, #5066 ) ;
#1137 = ORIENTED_EDGE ( 'NONE', *, *, #2110, .T. ) ;
#1138 = DIRECTION ( 'NONE',  ( -1.602884491802569361E-15, 1.000000000000000000, -1.644517855226017859E-15 ) ) ;
#1139 = CARTESIAN_POINT ( 'NONE',  ( -0.06929133858267740032, 0.1269685039370079538, -0.02539370078740161782 ) ) ;
#1140 = VECTOR ( 'NONE', #2849, 39.37007874015748143 ) ;
#1141 = SURFACE_SIDE_STYLE ('',( #1982 ) ) ;
#1142 = VERTEX_POINT ( 'NONE', #221 ) ;
#1143 =( GEOMETRIC_REPRESENTATION_CONTEXT ( 3 ) GLOBAL_UNCERTAINTY_ASSIGNED_CONTEXT ( ( #5555 ) ) GLOBAL_UNIT_ASSIGNED_CONTEXT ( ( #133, #3583, #1778 ) ) REPRESENTATION_CONTEXT ( 'NONE', 'WORKASPACE' ) );
#1144 = DIRECTION ( 'NONE',  ( 1.000000000000000000, 1.581128168208027365E-15, 0.0000000000000000000 ) ) ;
#1145 = PLANE ( 'NONE',  #4539 ) ;
#1146 = VECTOR ( 'NONE', #1863, 39.37007874015748143 ) ;
#1147 =( NAMED_UNIT ( * ) PLANE_ANGLE_UNIT ( ) SI_UNIT ( $, .RADIAN. ) );
#1148 = SURFACE_STYLE_FILL_AREA ( #5482 ) ;
#1149 = CARTESIAN_POINT ( 'NONE',  ( -0.1464566929133857831, -0.02263779527559057342, 0.01515748031496088298 ) ) ;
#1150 = COLOUR_RGB ( '',0.0000000000000000000, 0.0000000000000000000, 1.000000000000000000 ) ;
#1151 = PLANE ( 'NONE',  #4881 ) ;
#1152 = CIRCLE ( 'NONE', #4592, 0.009105439123007878083 ) ;
#1153 = LINE ( 'NONE', #292, #5093 ) ;
#1154 = VECTOR ( 'NONE', #4229, 39.37007874015748143 ) ;
#1155 = LENGTH_MEASURE_WITH_UNIT ( LENGTH_MEASURE( 0.02539999999999999897 ), #3964 );
#1156 = SURFACE_SIDE_STYLE ('',( #5051 ) ) ;
#1157 =( LENGTH_UNIT ( ) NAMED_UNIT ( * ) SI_UNIT ( $, .METRE. ) );
#1158 = COLOUR_RGB ( '',0.7607843137254901578, 0.7607843137254901578, 0.0000000000000000000 ) ;
#1159 = CARTESIAN_POINT ( 'NONE',  ( 0.06018589943271623194, 0.1998031496062995238, 0.07460629921259827324 ) ) ;
#1160 = ORIENTED_EDGE ( 'NONE', *, *, #3650, .T. ) ;
#1161 = EDGE_CURVE ( 'NONE', #2189, #3147, #3815, .T. ) ;
#1162 = LINE ( 'NONE', #4066, #4172 ) ;
#1163 = CARTESIAN_POINT ( 'NONE',  ( 0.06018589945968484678, 0.1269685039370082313, 0.1336614173228346247 ) ) ;
#1164 = SURFACE_STYLE_USAGE ( .BOTH. , #4127 ) ;
#1165 = VERTEX_POINT ( 'NONE', #3580 ) ;
#1166 = EDGE_CURVE ( 'NONE', #5913, #4250, #1775, .T. ) ;
#1167 = ORIENTED_EDGE ( 'NONE', *, *, #2462, .T. ) ;
#1168 = MECHANICAL_DESIGN_GEOMETRIC_PRESENTATION_REPRESENTATION (  '', ( #2781 ), #3803 ) ;
#1169 = FACE_OUTER_BOUND ( 'NONE', #1341, .T. ) ;
#1170 = LENGTH_MEASURE_WITH_UNIT ( LENGTH_MEASURE( 0.02539999999999999897 ), #1685 );
#1171 = PRESENTATION_STYLE_ASSIGNMENT (( #4075 ) ) ;
#1172 = VECTOR ( 'NONE', #2631, 39.37007874015748143 ) ;
#1173 = SURFACE_SIDE_STYLE ('',( #3673 ) ) ;
#1174 = EDGE_CURVE ( 'NONE', #1704, #3546, #2245, .T. ) ;
#1175 = ORIENTED_EDGE ( 'NONE', *, *, #6097, .F. ) ;
#1176 = EDGE_CURVE ( 'NONE', #6124, #3742, #4520, .T. ) ;
#1177 = CARTESIAN_POINT ( 'NONE',  ( 0.1464566929133859496, -0.02263779527559007035, -0.08484251968503912777 ) ) ;
#1178 = CARTESIAN_POINT ( 'NONE',  ( 0.1464566929133861717, -0.1407480314960625756, -0.1068897637795270944 ) ) ;
#1179 = DIRECTION ( 'NONE',  ( -1.602884491802569361E-15, 1.000000000000000000, -1.644517855226017859E-15 ) ) ;
#1180 = MECHANICAL_DESIGN_GEOMETRIC_PRESENTATION_REPRESENTATION (  '', ( #336 ), #39 ) ;
#1181 = LINE ( 'NONE', #1149, #4626 ) ;
#1182 = CIRCLE ( 'NONE', #3511, 0.009105439123007876348 ) ;
#1183 = CARTESIAN_POINT ( 'NONE',  ( 0.1535433070866143168, -0.02263779527559011892, 0.1151574803149608972 ) ) ;
#1184 = MECHANICAL_DESIGN_GEOMETRIC_PRESENTATION_REPRESENTATION (  '', ( #4337 ), #4235 ) ;
#1185 = AXIS2_PLACEMENT_3D ( 'NONE', #5842, #2985, #1046 ) ;
#1186 = PRODUCT ( 'CUI_DEVICES_DS01C-254-S-03BE', 'CUI_DEVICES_DS01C-254-S-03BE', '', ( #3770 ) ) ;
#1187 = DIRECTION ( 'NONE',  ( 1.602884491802569361E-15, -1.000000000000000000, 1.644517855226017859E-15 ) ) ;
#1188 = DIRECTION ( 'NONE',  ( -1.594929680954394613E-15, 0.9950371902099890420, -0.09950371902100052512 ) ) ;
#1189 = CARTESIAN_POINT ( 'NONE',  ( 0.06929133858267698398, 0.1269685039370082036, -0.1253937007874016407 ) ) ;
#1190 = DIRECTION ( 'NONE',  ( 0.1140686577440006011, 1.816622754153544183E-15, 0.9934728689403058421 ) ) ;
#1191 = AXIS2_PLACEMENT_3D ( 'NONE', #1999, #3938, #5863 ) ;
#1192 = CARTESIAN_POINT ( 'NONE',  ( 0.01209712494559416970, 0.1998031496062995793, -0.08095997496618126399 ) ) ;
#1193 = ORIENTED_EDGE ( 'NONE', *, *, #1176, .T. ) ;
#1194 = LINE ( 'NONE', #4587, #487 ) ;
#1195 = ORIENTED_EDGE ( 'NONE', *, *, #4728, .T. ) ;
#1196 = ORIENTED_EDGE ( 'NONE', *, *, #1161, .T. ) ;
#1197 = ADVANCED_FACE ( 'NONE', ( #2717, #5506, #1715, #5631 ), #4630, .F. ) ;
#1198 = UNCERTAINTY_MEASURE_WITH_UNIT (LENGTH_MEASURE( 1.000000000000000082E-05 ), #2588, 'distance_accuracy_value', 'NONE');
#1199 = CARTESIAN_POINT ( 'NONE',  ( -0.06929133858267740032, 0.1269685039370080371, 0.1336614173228346247 ) ) ;
#1200 =( LENGTH_UNIT ( ) NAMED_UNIT ( * ) SI_UNIT ( $, .METRE. ) );
#1201 = CYLINDRICAL_SURFACE ( 'NONE', #757, 0.009105439123007878083 ) ;
#1202 = VERTEX_POINT ( 'NONE', #5086 ) ;
#1203 = EDGE_CURVE ( 'NONE', #6186, #2397, #743, .T. ) ;
#1204 = DIRECTION ( 'NONE',  ( -1.602884491802569361E-15, 1.000000000000000000, -1.644517855226017859E-15 ) ) ;
#1205 = DIRECTION ( 'NONE',  ( -1.000000000000000000, -1.602884491802569361E-15, 2.711709361697226329E-31 ) ) ;
#1206 = ADVANCED_FACE ( 'NONE', ( #676 ), #1201, .T. ) ;
#1207 = CARTESIAN_POINT ( 'NONE',  ( 0.01209712494559034984, 0.1269685039370081203, -0.1107723084983661815 ) ) ;
#1208 = FILL_AREA_STYLE_COLOUR ( '', #4102 ) ;
#1209 = DIRECTION ( 'NONE',  ( 0.0000000000000000000, 0.0000000000000000000, 1.000000000000000000 ) ) ;
#1210 = AXIS2_PLACEMENT_3D ( 'NONE', #1579, #5432, #1096 ) ;
#1211 = UNCERTAINTY_MEASURE_WITH_UNIT (LENGTH_MEASURE( 1.000000000000000082E-05 ), #2913, 'distance_accuracy_value', 'NONE');
#1212 = DIRECTION ( 'NONE',  ( -0.6057866173738133408, 3.374170927560872739E-16, 0.7956271577886172564 ) ) ;
#1213 = SURFACE_STYLE_FILL_AREA ( #203 ) ;
#1214 = LINE ( 'NONE', #174, #5584 ) ;
#1215 = DIRECTION ( 'NONE',  ( 1.602884491802569361E-15, -1.000000000000000000, 1.644517855226017859E-15 ) ) ;
#1216 = DIRECTION ( 'NONE',  ( 1.000000000000000000, 1.602884491802569361E-15, -2.711709361697226329E-31 ) ) ;
#1217 = VECTOR ( 'NONE', #4166, 39.37007874015748143 ) ;
#1218 = DIRECTION ( 'NONE',  ( 1.602884491802569361E-15, -1.000000000000000000, 1.644517855226017859E-15 ) ) ;
#1219 = ORIENTED_EDGE ( 'NONE', *, *, #2914, .F. ) ;
#1220 = DIRECTION ( 'NONE',  ( -2.348093788196917952E-30, 1.644517855226018450E-15, 1.000000000000000000 ) ) ;
#1221 = CARTESIAN_POINT ( 'NONE',  ( -0.1464566929133855888, -0.1407480314960631029, -0.006889763779527091452 ) ) ;
#1222 = ORIENTED_EDGE ( 'NONE', *, *, #1166, .T. ) ;
#1223 = DIRECTION ( 'NONE',  ( 1.602884491802569361E-15, -1.000000000000000000, 1.644517855226017859E-15 ) ) ;
#1224 = VERTEX_POINT ( 'NONE', #4782 ) ;
#1225 = VECTOR ( 'NONE', #790, 39.37007874015748143 ) ;
#1226 = VECTOR ( 'NONE', #1996, 39.37007874015748143 ) ;
#1227 = DIRECTION ( 'NONE',  ( -1.602884491802569361E-15, 1.000000000000000000, -1.644517855226017859E-15 ) ) ;
#1228 = DIRECTION ( 'NONE',  ( -0.6057866173735902970, -2.279429041416054056E-15, -0.7956271577887871205 ) ) ;
#1229 = LENGTH_MEASURE_WITH_UNIT ( LENGTH_MEASURE( 0.02539999999999999897 ), #5035 );
#1230 = ORIENTED_EDGE ( 'NONE', *, *, #2218, .T. ) ;
#1231 = VECTOR ( 'NONE', #1891, 39.37007874015748143 ) ;
#1232 = DIRECTION ( 'NONE',  ( -2.348093788196917952E-30, 1.644517855226018450E-15, 1.000000000000000000 ) ) ;
#1233 = VECTOR ( 'NONE', #2726, 39.37007874015748143 ) ;
#1234 = FACE_OUTER_BOUND ( 'NONE', #6141, .T. ) ;
#1235 =( NAMED_UNIT ( * ) SI_UNIT ( $, .STERADIAN. ) SOLID_ANGLE_UNIT ( ) );
#1236 = COLOUR_RGB ( '',1.000000000000000000, 1.000000000000000000, 1.000000000000000000 ) ;
#1237 = CIRCLE ( 'NONE', #2970, 0.009105439123007876348 ) ;
#1238 = FILL_AREA_STYLE_COLOUR ( '', #2302 ) ;
#1239 = SURFACE_STYLE_USAGE ( .BOTH. , #4110 ) ;
#1240 = ADVANCED_FACE ( 'NONE', ( #5664 ), #838, .F. ) ;
#1241 = EDGE_CURVE ( 'NONE', #3541, #2222, #3839, .T. ) ;
#1242 = DIRECTION ( 'NONE',  ( -2.348093788196916901E-30, 1.644517855226017859E-15, 1.000000000000000000 ) ) ;
#1243 = VECTOR ( 'NONE', #296, 39.37007874015748143 ) ;
#1244 =( NAMED_UNIT ( * ) SI_UNIT ( $, .STERADIAN. ) SOLID_ANGLE_UNIT ( ) );
#1245 = VECTOR ( 'NONE', #3329, 39.37007874015748143 ) ;
#1246 = ADVANCED_FACE ( 'NONE', ( #3352 ), #3283, .T. ) ;
#1247 =( NAMED_UNIT ( * ) SI_UNIT ( $, .STERADIAN. ) SOLID_ANGLE_UNIT ( ) );
#1248 = CARTESIAN_POINT ( 'NONE',  ( 0.06018589945968472882, 0.2037401574803153481, 0.1297244094488187449 ) ) ;
#1249 = FILL_AREA_STYLE_COLOUR ( '', #3714 ) ;
#1250 = AXIS2_PLACEMENT_3D ( 'NONE', #5025, #5524, #5467 ) ;
#1251 = DIRECTION ( 'NONE',  ( -1.000000000000000000, -1.602884491802569361E-15, 2.711709361697224578E-31 ) ) ;
#1252 = CARTESIAN_POINT ( 'NONE',  ( 0.01934165959544861813, 0.1269685039370080926, 0.07460629921259839814 ) ) ;
#1253 = VERTEX_POINT ( 'NONE', #6211 ) ;
#1254 = DIRECTION ( 'NONE',  ( 1.594929680954395007E-15, -0.9950371902099891530, -0.09950371902099724997 ) ) ;
#1255 = AXIS2_PLACEMENT_3D ( 'NONE', #3513, #2006, #3038 ) ;
#1256 = PRESENTATION_STYLE_ASSIGNMENT (( #1164 ) ) ;
#1257 = VERTEX_POINT ( 'NONE', #4683 ) ;
#1258 = ORIENTED_EDGE ( 'NONE', *, *, #758, .F. ) ;
#1259 =( GEOMETRIC_REPRESENTATION_CONTEXT ( 3 ) GLOBAL_UNCERTAINTY_ASSIGNED_CONTEXT ( ( #4939 ) ) GLOBAL_UNIT_ASSIGNED_CONTEXT ( ( #4362, #5254, #3878 ) ) REPRESENTATION_CONTEXT ( 'NONE', 'WORKASPACE' ) );
#1260 = UNCERTAINTY_MEASURE_WITH_UNIT (LENGTH_MEASURE( 1.000000000000000082E-05 ), #4756, 'distance_accuracy_value', 'NONE');
#1261 = CARTESIAN_POINT ( 'NONE',  ( 0.1952755905511816270, -0.02263779527559009463, 0.09311023622047270853 ) ) ;
#1262 = SURFACE_STYLE_USAGE ( .BOTH. , #3671 ) ;
#1263 =( LENGTH_UNIT ( ) NAMED_UNIT ( * ) SI_UNIT ( $, .METRE. ) );
#1264 =( NAMED_UNIT ( * ) PLANE_ANGLE_UNIT ( ) SI_UNIT ( $, .RADIAN. ) );
#1265 = ORIENTED_EDGE ( 'NONE', *, *, #1924, .T. ) ;
#1266 = AXIS2_PLACEMENT_3D ( 'NONE', #1895, #3410, #3313 ) ;
#1267 = DIRECTION ( 'NONE',  ( 1.602884491802569361E-15, -1.000000000000000000, 1.644517855226018450E-15 ) ) ;
#1268 = DIRECTION ( 'NONE',  ( -1.000000000000000000, -1.581128168208027760E-15, -0.0000000000000000000 ) ) ;
#1269 = ORIENTED_EDGE ( 'NONE', *, *, #4130, .F. ) ;
#1270 = LINE ( 'NONE', #3105, #3021 ) ;
#1271 = COLOUR_RGB ( '',1.000000000000000000, 1.000000000000000000, 1.000000000000000000 ) ;
#1272 = FACE_OUTER_BOUND ( 'NONE', #877, .T. ) ;
#1273 = LINE ( 'NONE', #2133, #1172 ) ;
#1274 = DIMENSIONAL_EXPONENTS ( 1.000000000000000000, 0.0000000000000000000, 0.0000000000000000000, 0.0000000000000000000, 0.0000000000000000000, 0.0000000000000000000, 0.0000000000000000000 ) ;
#1275 = CIRCLE ( 'NONE', #6030, 0.003937007874015749712 ) ;
#1276 = VECTOR ( 'NONE', #4962, 39.37007874015748143 ) ;
#1277 =( CONVERSION_BASED_UNIT ( 'INCH', #6064 ) LENGTH_UNIT ( ) NAMED_UNIT ( #4161 ) );
#1278 = FACE_OUTER_BOUND ( 'NONE', #5749, .T. ) ;
#1279 = AXIS2_PLACEMENT_3D ( 'NONE', #13, #5776, #4459 ) ;
#1280 = DIRECTION ( 'NONE',  ( -1.594929680954395007E-15, 0.9950371902099891530, 0.09950371902099724997 ) ) ;
#1281 = AXIS2_PLACEMENT_3D ( 'NONE', #4514, #5946, #3527 ) ;
#1282 =( GEOMETRIC_REPRESENTATION_CONTEXT ( 3 ) GLOBAL_UNCERTAINTY_ASSIGNED_CONTEXT ( ( #1076 ) ) GLOBAL_UNIT_ASSIGNED_CONTEXT ( ( #175, #2531, #5925 ) ) REPRESENTATION_CONTEXT ( 'NONE', 'WORKASPACE' ) );
#1283 = AXIS2_PLACEMENT_3D ( 'NONE', #5566, #682, #2629 ) ;
#1284 = FILL_AREA_STYLE_COLOUR ( '', #1516 ) ;
#1285 = EDGE_CURVE ( 'NONE', #3886, #43, #4873, .T. ) ;
#1286 = SURFACE_SIDE_STYLE ('',( #4555 ) ) ;
#1287 = DIRECTION ( 'NONE',  ( 1.000000000000000000, 1.602884491802569361E-15, -2.711709361697226329E-31 ) ) ;
#1288 = ORIENTED_EDGE ( 'NONE', *, *, #2984, .F. ) ;
#1289 = STYLED_ITEM ( 'NONE', ( #3080 ), #2533 ) ;
#1290 = FACE_OUTER_BOUND ( 'NONE', #4259, .T. ) ;
#1291 = CARTESIAN_POINT ( 'NONE',  ( 0.01934165959544861813, 0.1269685039370081203, -0.02539370078740161782 ) ) ;
#1292 = VERTEX_POINT ( 'NONE', #4471 ) ;
#1293 = EDGE_LOOP ( 'NONE', ( #4758, #5358, #5191, #797 ) ) ;
#1294 = LENGTH_MEASURE_WITH_UNIT ( LENGTH_MEASURE( 0.02539999999999999897 ), #4750 );
#1295 = DIRECTION ( 'NONE',  ( 2.348093788196917952E-30, -1.644517855226018450E-15, -1.000000000000000000 ) ) ;
#1296 =( CONVERSION_BASED_UNIT ( 'INCH', #5505 ) LENGTH_UNIT ( ) NAMED_UNIT ( #3927 ) );
#1297 = ORIENTED_EDGE ( 'NONE', *, *, #483, .T. ) ;
#1298 = AXIS2_PLACEMENT_3D ( 'NONE', #2233, #3726, #1311 ) ;
#1299 = DIRECTION ( 'NONE',  ( 8.640684008184001570E-13, -1.644517855224633408E-15, -1.000000000000000000 ) ) ;
#1300 = ORIENTED_EDGE ( 'NONE', *, *, #1839, .F. ) ;
#1301 = PLANE ( 'NONE',  #3002 ) ;
#1302 = PLANE ( 'NONE',  #3162 ) ;
#1303 =( NAMED_UNIT ( * ) PLANE_ANGLE_UNIT ( ) SI_UNIT ( $, .RADIAN. ) );
#1304 = PRESENTATION_STYLE_ASSIGNMENT (( #286 ) ) ;
#1305 = ORIENTED_EDGE ( 'NONE', *, *, #233, .F. ) ;
#1306 = ORIENTED_EDGE ( 'NONE', *, *, #3980, .T. ) ;
#1307 = CARTESIAN_POINT ( 'NONE',  ( -0.1464566929133855888, -0.1407480314960630752, -0.1068897637795270944 ) ) ;
#1308 =( NAMED_UNIT ( * ) PLANE_ANGLE_UNIT ( ) SI_UNIT ( $, .RADIAN. ) );
#1309 = LENGTH_MEASURE_WITH_UNIT ( LENGTH_MEASURE( 0.02539999999999999897 ), #5131 );
#1310 = FILL_AREA_STYLE ('',( #5072 ) ) ;
#1311 = DIRECTION ( 'NONE',  ( -1.594929680954394613E-15, 0.9950371902099890420, -0.09950371902100052512 ) ) ;
#1312 = DIMENSIONAL_EXPONENTS ( 1.000000000000000000, 0.0000000000000000000, 0.0000000000000000000, 0.0000000000000000000, 0.0000000000000000000, 0.0000000000000000000, 0.0000000000000000000 ) ;
#1313 = COLOUR_RGB ( '',0.7607843137254901578, 0.7607843137254901578, 0.0000000000000000000 ) ;
#1314 = DIRECTION ( 'NONE',  ( -1.000000000000000000, -1.602884491802569361E-15, 2.711709361697224578E-31 ) ) ;
#1315 = FILL_AREA_STYLE ('',( #1799 ) ) ;
#1316 = VERTEX_POINT ( 'NONE', #5929 ) ;
#1317 = SURFACE_STYLE_FILL_AREA ( #2371 ) ;
#1318 = EDGE_CURVE ( 'NONE', #1574, #560, #1587, .T. ) ;
#1319 = FILL_AREA_STYLE ('',( #6175 ) ) ;
#1320 = EDGE_LOOP ( 'NONE', ( #1364, #5986, #1114, #4783 ) ) ;
#1321 =( LENGTH_UNIT ( ) NAMED_UNIT ( * ) SI_UNIT ( $, .METRE. ) );
#1322 = EDGE_CURVE ( 'NONE', #4536, #344, #546, .T. ) ;
#1323 = ORIENTED_EDGE ( 'NONE', *, *, #4251, .F. ) ;
#1324 = FILL_AREA_STYLE ('',( #5178 ) ) ;
#1325 = DIRECTION ( 'NONE',  ( -2.348093788196917952E-30, 1.644517855226018450E-15, 1.000000000000000000 ) ) ;
#1326 =( GEOMETRIC_REPRESENTATION_CONTEXT ( 3 ) GLOBAL_UNCERTAINTY_ASSIGNED_CONTEXT ( ( #3627 ) ) GLOBAL_UNIT_ASSIGNED_CONTEXT ( ( #3316, #6142, #2307 ) ) REPRESENTATION_CONTEXT ( 'NONE', 'WORKASPACE' ) );
#1327 = FACE_OUTER_BOUND ( 'NONE', #5501, .T. ) ;
#1328 = PLANE ( 'NONE',  #4270 ) ;
#1329 = ADVANCED_FACE ( 'NONE', ( #3942 ), #3450, .F. ) ;
#1330 = CARTESIAN_POINT ( 'NONE',  ( 0.01934165959544850363, 0.1998031496062994683, -0.01628826166439385770 ) ) ;
#1331 = ORIENTED_EDGE ( 'NONE', *, *, #5532, .T. ) ;
#1332 = VERTEX_POINT ( 'NONE', #3512 ) ;
#1333 = DIRECTION ( 'NONE',  ( -1.000000000000000000, -1.602884491801855442E-15, 4.339543524116999257E-13 ) ) ;
#1334 = VECTOR ( 'NONE', #503, 39.37007874015748143 ) ;
#1335 = DIRECTION ( 'NONE',  ( -1.602884491802569361E-15, 1.000000000000000000, -1.644517855226017859E-15 ) ) ;
#1336 = CARTESIAN_POINT ( 'NONE',  ( 0.06929133858267698398, 0.1269685039370081203, 0.07460629921259839814 ) ) ;
#1337 =( NAMED_UNIT ( * ) PLANE_ANGLE_UNIT ( ) SI_UNIT ( $, .RADIAN. ) );
#1338 = VECTOR ( 'NONE', #4844, 39.37007874015748143 ) ;
#1339 = PRESENTATION_LAYER_ASSIGNMENT (  '', '', ( #5168 ) ) ;
#1340 = ORIENTED_EDGE ( 'NONE', *, *, #2028, .F. ) ;
#1341 = EDGE_LOOP ( 'NONE', ( #962, #1219, #4360, #333 ) ) ;
#1342 = VERTEX_POINT ( 'NONE', #5893 ) ;
#1343 = CARTESIAN_POINT ( 'NONE',  ( -0.1535433070866141225, -0.02263779527559064975, 0.09311023622047270853 ) ) ;
#1344 = LINE ( 'NONE', #2621, #1392 ) ;
#1345 = AXIS2_PLACEMENT_3D ( 'NONE', #665, #119, #4033 ) ;
#1346 = COLOUR_RGB ( '',1.000000000000000000, 1.000000000000000000, 1.000000000000000000 ) ;
#1347 = SURFACE_STYLE_USAGE ( .BOTH. , #2702 ) ;
#1348 = CARTESIAN_POINT ( 'NONE',  ( 0.1464566929133861717, -0.1407480314960626033, -0.006889763779527091452 ) ) ;
#1349 = SURFACE_STYLE_USAGE ( .BOTH. , #3312 ) ;
#1350 = VECTOR ( 'NONE', #2558, 39.37007874015748143 ) ;
#1351 = CARTESIAN_POINT ( 'NONE',  ( 0.08700787401574784641, 0.1269685039370082313, 0.004133858267716503283 ) ) ;
#1352 = DIRECTION ( 'NONE',  ( 0.0000000000000000000, 0.0000000000000000000, -1.000000000000000000 ) ) ;
#1353 = EDGE_LOOP ( 'NONE', ( #5325, #5875, #2749, #2074 ) ) ;
#1354 = DIRECTION ( 'NONE',  ( 1.000000000000000000, 1.602884491802569361E-15, -2.711709361697226329E-31 ) ) ;
#1355 = ORIENTED_EDGE ( 'NONE', *, *, #605, .F. ) ;
#1356 = FACE_OUTER_BOUND ( 'NONE', #347, .T. ) ;
#1357 = EDGE_CURVE ( 'NONE', #4591, #2222, #4027, .T. ) ;
#1358 =( GEOMETRIC_REPRESENTATION_CONTEXT ( 3 ) GLOBAL_UNCERTAINTY_ASSIGNED_CONTEXT ( ( #2799 ) ) GLOBAL_UNIT_ASSIGNED_CONTEXT ( ( #1397, #5246, #3838 ) ) REPRESENTATION_CONTEXT ( 'NONE', 'WORKASPACE' ) );
#1359 = DIRECTION ( 'NONE',  ( -2.255731163044917930E-10, 1.000000000000000000, 2.962140801037447666E-10 ) ) ;
#1360 = EDGE_CURVE ( 'NONE', #5079, #5678, #5409, .T. ) ;
#1361 = DIMENSIONAL_EXPONENTS ( 1.000000000000000000, 0.0000000000000000000, 0.0000000000000000000, 0.0000000000000000000, 0.0000000000000000000, 0.0000000000000000000, 0.0000000000000000000 ) ;
#1362 = DIRECTION ( 'NONE',  ( -1.602884491802569361E-15, 1.000000000000000000, -1.644517855226017859E-15 ) ) ;
#1363 = LINE ( 'NONE', #1842, #16 ) ;
#1364 = ORIENTED_EDGE ( 'NONE', *, *, #4741, .T. ) ;
#1365 = AXIS2_PLACEMENT_3D ( 'NONE', #5869, #2477, #1106 ) ;
#1366 = DIRECTION ( 'NONE',  ( -1.000000000000000000, -1.602884491802569361E-15, 2.711709361697226329E-31 ) ) ;
#1367 = ORIENTED_EDGE ( 'NONE', *, *, #1051, .F. ) ;
#1368 = EDGE_CURVE ( 'NONE', #1535, #5901, #4227, .T. ) ;
#1369 = ORIENTED_EDGE ( 'NONE', *, *, #450, .T. ) ;
#1370 = EDGE_CURVE ( 'NONE', #2480, #4430, #3421, .T. ) ;
#1371 = DIRECTION ( 'NONE',  ( -1.602884491802569361E-15, 1.000000000000000000, -1.644517855226017859E-15 ) ) ;
#1372 = COLOUR_RGB ( '',0.7607843137254901578, 0.7607843137254901578, 0.0000000000000000000 ) ;
#1373 = DIRECTION ( 'NONE',  ( 1.594929680954371539E-16, -0.09950371902099727772, 0.9950371902099893751 ) ) ;
#1374 = LINE ( 'NONE', #3298, #1557 ) ;
#1375 = DIRECTION ( 'NONE',  ( 1.359243330564626174E-15, -0.8479983040050815823, 0.5299989400031900333 ) ) ;
#1376 = STYLED_ITEM ( 'NONE', ( #4060 ), #688 ) ;
#1377 = VERTEX_POINT ( 'NONE', #4902 ) ;
#1378 = VERTEX_POINT ( 'NONE', #2562 ) ;
#1379 = ORIENTED_EDGE ( 'NONE', *, *, #4741, .F. ) ;
#1380 = DIRECTION ( 'NONE',  ( 2.364801230464485631E-30, -1.644517855226018450E-15, -1.000000000000000000 ) ) ;
#1381 =( LENGTH_UNIT ( ) NAMED_UNIT ( * ) SI_UNIT ( $, .METRE. ) );
#1382 = VECTOR ( 'NONE', #2896, 39.37007874015748143 ) ;
#1383 = CARTESIAN_POINT ( 'NONE',  ( 0.06018589945968472882, 0.1998031496062996348, -0.07544402180015766235 ) ) ;
#1384 = FILL_AREA_STYLE_COLOUR ( '', #2823 ) ;
#1385 = CIRCLE ( 'NONE', #3190, 0.02460629921259841618 ) ;
#1386 = CARTESIAN_POINT ( 'NONE',  ( 0.01934165959543282173, 0.1564960629921263169, 0.03366141732283457061 ) ) ;
#1387 =( LENGTH_UNIT ( ) NAMED_UNIT ( * ) SI_UNIT ( $, .METRE. ) );
#1388 = SURFACE_SIDE_STYLE ('',( #3792 ) ) ;
#1389 = FACE_OUTER_BOUND ( 'NONE', #5670, .T. ) ;
#1390 = ORIENTED_EDGE ( 'NONE', *, *, #4407, .F. ) ;
#1391 = COLOUR_RGB ( '',1.000000000000000000, 1.000000000000000000, 1.000000000000000000 ) ;
#1392 = VECTOR ( 'NONE', #1822, 39.37007874015748143 ) ;
#1393 = DIRECTION ( 'NONE',  ( 0.0000000000000000000, 1.000000000000000000, -1.644517855226017859E-15 ) ) ;
#1394 = VECTOR ( 'NONE', #4705, 39.37007874015748143 ) ;
#1395 = PRESENTATION_LAYER_ASSIGNMENT (  '', '', ( #4441 ) ) ;
#1396 = FILL_AREA_STYLE ('',( #1036 ) ) ;
#1397 =( CONVERSION_BASED_UNIT ( 'INCH', #5212 ) LENGTH_UNIT ( ) NAMED_UNIT ( #4416 ) );
#1398 = SURFACE_STYLE_USAGE ( .BOTH. , #876 ) ;
#1399 = ORIENTED_EDGE ( 'NONE', *, *, #3137, .F. ) ;
#1400 = EDGE_CURVE ( 'NONE', #3732, #2887, #5345, .T. ) ;
#1401 = APPLICATION_PROTOCOL_DEFINITION ( 'draft international standard', 'automotive_design', 1998, #4380 ) ;
#1402 = PRESENTATION_LAYER_ASSIGNMENT (  '', '', ( #4042 ) ) ;
#1403 = CARTESIAN_POINT ( 'NONE',  ( -0.06929133858267740032, 0.1269685039370080926, 0.03366141732283462612 ) ) ;
#1404 = VERTEX_POINT ( 'NONE', #5957 ) ;
#1405 = DIRECTION ( 'NONE',  ( -1.000000000000000000, -1.602884491802569361E-15, 2.711709361697226329E-31 ) ) ;
#1406 = UNCERTAINTY_MEASURE_WITH_UNIT (LENGTH_MEASURE( 1.000000000000000082E-05 ), #92, 'distance_accuracy_value', 'NONE');
#1407 = EDGE_LOOP ( 'NONE', ( #266, #4532, #413, #4367 ) ) ;
#1408 = CIRCLE ( 'NONE', #250, 0.005168431248992119698 ) ;
#1409 = PRESENTATION_STYLE_ASSIGNMENT (( #5125 ) ) ;
#1410 = LINE ( 'NONE', #3876, #4000 ) ;
#1411 = CARTESIAN_POINT ( 'NONE',  ( -0.1499999999999997446, -0.1564960629921260393, 0.01358267716535481971 ) ) ;
#1412 = ADVANCED_FACE ( 'NONE', ( #1619 ), #2476, .F. ) ;
#1413 = CARTESIAN_POINT ( 'NONE',  ( -0.04940944881889766660, -0.06003937007874007858, 0.1007874015748034119 ) ) ;
#1414 = ADVANCED_FACE ( 'NONE', ( #2916 ), #3009, .T. ) ;
#1415 = EDGE_CURVE ( 'NONE', #3427, #5079, #4242, .T. ) ;
#1416 =( LENGTH_UNIT ( ) NAMED_UNIT ( * ) SI_UNIT ( $, .METRE. ) );
#1417 = UNCERTAINTY_MEASURE_WITH_UNIT (LENGTH_MEASURE( 1.000000000000000082E-05 ), #5104, 'distance_accuracy_value', 'NONE');
#1418 = ORIENTED_EDGE ( 'NONE', *, *, #4057, .F. ) ;
#1419 = ORIENTED_EDGE ( 'NONE', *, *, #536, .F. ) ;
#1420 = ORIENTED_EDGE ( 'NONE', *, *, #4742, .T. ) ;
#1421 = DIRECTION ( 'NONE',  ( -1.000000000000000000, -1.602884491802569361E-15, 2.711709361697226329E-31 ) ) ;
#1422 = CARTESIAN_POINT ( 'NONE',  ( 0.1535433070866145389, -0.1722440944881886149, 0.09625984251968555672 ) ) ;
#1423 =( NAMED_UNIT ( * ) PLANE_ANGLE_UNIT ( ) SI_UNIT ( $, .RADIAN. ) );
#1424 = LINE ( 'NONE', #3342, #3462 ) ;
#1425 = CARTESIAN_POINT ( 'NONE',  ( -0.007480314960630190038, 0.1643700787401577434, -0.09586614173228355518 ) ) ;
#1426 = SURFACE_SIDE_STYLE ('',( #2023 ) ) ;
#1427 = CARTESIAN_POINT ( 'NONE',  ( -0.1464566929133857831, -0.02263779527559060811, 0.1151574803149608972 ) ) ;
#1428 = DIMENSIONAL_EXPONENTS ( 1.000000000000000000, 0.0000000000000000000, 0.0000000000000000000, 0.0000000000000000000, 0.0000000000000000000, 0.0000000000000000000, 0.0000000000000000000 ) ;
#1429 = DIRECTION ( 'NONE',  ( -1.594929680954394613E-15, 0.9950371902099890420, -0.09950371902100052512 ) ) ;
#1430 = PRESENTATION_STYLE_ASSIGNMENT (( #4777 ) ) ;
#1431 = PRESENTATION_LAYER_ASSIGNMENT (  '', '', ( #5148 ) ) ;
#1432 = CARTESIAN_POINT ( 'NONE',  ( 0.06743043410952737071, 0.1269685039370081758, 0.08922769150163382956 ) ) ;
#1433 = LINE ( 'NONE', #3353, #1154 ) ;
#1434 = CARTESIAN_POINT ( 'NONE',  ( 0.06889763779527552368, 0.05610236220472479551, 0.1624015748031496786 ) ) ;
#1435 = VERTEX_POINT ( 'NONE', #1307 ) ;
#1436 = MECHANICAL_DESIGN_GEOMETRIC_PRESENTATION_REPRESENTATION (  '', ( #3549 ), #1326 ) ;
#1437 = ORIENTED_EDGE ( 'NONE', *, *, #803, .F. ) ;
#1438 = CARTESIAN_POINT ( 'NONE',  ( 0.1535433070866144833, -0.1407480314960626033, -0.006889763779527091452 ) ) ;
#1439 = CARTESIAN_POINT ( 'NONE',  ( 0.1948818897637796532, -0.05413385826771593967, 0.1820866141732286614 ) ) ;
#1440 = ORIENTED_EDGE ( 'NONE', *, *, #1048, .T. ) ;
#1441 = EDGE_CURVE ( 'NONE', #1404, #11, #3203, .T. ) ;
#1442 = VECTOR ( 'NONE', #295, 39.37007874015748143 ) ;
#1443 = EDGE_LOOP ( 'NONE', ( #943, #896, #2251, #5848 ) ) ;
#1444 = SURFACE_SIDE_STYLE ('',( #3820 ) ) ;
#1445 = EDGE_CURVE ( 'NONE', #5766, #633, #1675, .T. ) ;
#1446 = CIRCLE ( 'NONE', #3877, 0.009105439123007878083 ) ;
#1447 = PRESENTATION_STYLE_ASSIGNMENT (( #4408 ) ) ;
#1448 =( GEOMETRIC_REPRESENTATION_CONTEXT ( 3 ) GLOBAL_UNCERTAINTY_ASSIGNED_CONTEXT ( ( #3216 ) ) GLOBAL_UNIT_ASSIGNED_CONTEXT ( ( #1890, #1423, #1931 ) ) REPRESENTATION_CONTEXT ( 'NONE', 'WORKASPACE' ) );
#1449 = LINE ( 'NONE', #1958, #1334 ) ;
#1450 = CARTESIAN_POINT ( 'NONE',  ( 0.01934165959548794084, 0.1564960629921261781, 0.07460629921259835651 ) ) ;
#1451 = DIMENSIONAL_EXPONENTS ( 1.000000000000000000, 0.0000000000000000000, 0.0000000000000000000, 0.0000000000000000000, 0.0000000000000000000, 0.0000000000000000000, 0.0000000000000000000 ) ;
#1452 = AXIS2_PLACEMENT_3D ( 'NONE', #4871, #2503, #4351 ) ;
#1453 = VECTOR ( 'NONE', #1299, 39.37007874015748143 ) ;
#1454 = EDGE_CURVE ( 'NONE', #4889, #1535, #4701, .T. ) ;
#1455 = FILL_AREA_STYLE_COLOUR ( '', #1372 ) ;
#1456 = DIRECTION ( 'NONE',  ( 1.000000000000000000, 1.602884491802569361E-15, -2.878783784372901366E-31 ) ) ;
#1457 = PLANE ( 'NONE',  #4261 ) ;
#1458 = COLOUR_RGB ( '',1.000000000000000000, 1.000000000000000000, 1.000000000000000000 ) ;
#1459 = CARTESIAN_POINT ( 'NONE',  ( 0.01934165959544855914, 0.1643700787401577157, -0.02539370078740166639 ) ) ;
#1460 = CARTESIAN_POINT ( 'NONE',  ( -0.1535433070866138727, -0.1722440944881890312, 0.01200787401574855001 ) ) ;
#1461 = MECHANICAL_DESIGN_GEOMETRIC_PRESENTATION_REPRESENTATION (  '', ( #833 ), #527 ) ;
#1462 = LENGTH_MEASURE_WITH_UNIT ( LENGTH_MEASURE( 0.02539999999999999897 ), #4752 );
#1463 = LINE ( 'NONE', #2033, #1766 ) ;
#1464 =( LENGTH_UNIT ( ) NAMED_UNIT ( * ) SI_UNIT ( $, .METRE. ) );
#1465 = DIRECTION ( 'NONE',  ( -1.000000000000000000, -1.602884491802569361E-15, 2.711709361697226329E-31 ) ) ;
#1466 = ORIENTED_EDGE ( 'NONE', *, *, #3683, .F. ) ;
#1467 = UNCERTAINTY_MEASURE_WITH_UNIT (LENGTH_MEASURE( 1.000000000000000082E-05 ), #166, 'distance_accuracy_value', 'NONE');
#1468 = ORIENTED_EDGE ( 'NONE', *, *, #5540, .F. ) ;
#1469 = PRESENTATION_STYLE_ASSIGNMENT (( #1504 ) ) ;
#1470 =( NAMED_UNIT ( * ) SI_UNIT ( $, .STERADIAN. ) SOLID_ANGLE_UNIT ( ) );
#1471 = DIRECTION ( 'NONE',  ( 1.594929680954395007E-15, -0.9950371902099891530, -0.09950371902099724997 ) ) ;
#1472 = CIRCLE ( 'NONE', #957, 0.009105439123007872879 ) ;
#1473 = LINE ( 'NONE', #1438, #2359 ) ;
#1474 = UNCERTAINTY_MEASURE_WITH_UNIT (LENGTH_MEASURE( 1.000000000000000082E-05 ), #6207, 'distance_accuracy_value', 'NONE');
#1475 = ORIENTED_EDGE ( 'NONE', *, *, #2604, .F. ) ;
#1476 =( GEOMETRIC_REPRESENTATION_CONTEXT ( 3 ) GLOBAL_UNCERTAINTY_ASSIGNED_CONTEXT ( ( #1978 ) ) GLOBAL_UNIT_ASSIGNED_CONTEXT ( ( #353, #956, #2320 ) ) REPRESENTATION_CONTEXT ( 'NONE', 'WORKASPACE' ) );
#1477 = LINE ( 'NONE', #4350, #1628 ) ;
#1478 = ORIENTED_EDGE ( 'NONE', *, *, #4575, .T. ) ;
#1479 = SURFACE_SIDE_STYLE ('',( #1544 ) ) ;
#1480 = FILL_AREA_STYLE_COLOUR ( '', #6035 ) ;
#1481 = VECTOR ( 'NONE', #3859, 39.37007874015748143 ) ;
#1482 = EDGE_CURVE ( 'NONE', #5647, #4591, #1182, .T. ) ;
#1483 = SURFACE_STYLE_FILL_AREA ( #3407 ) ;
#1484 = CARTESIAN_POINT ( 'NONE',  ( -0.1535433070866141225, -0.02263779527559054566, -0.08484251968503912777 ) ) ;
#1485 =( NAMED_UNIT ( * ) SI_UNIT ( $, .STERADIAN. ) SOLID_ANGLE_UNIT ( ) );
#1486 = LENGTH_MEASURE_WITH_UNIT ( LENGTH_MEASURE( 0.02539999999999999897 ), #3343 );
#1487 = VECTOR ( 'NONE', #5606, 39.37007874015748143 ) ;
#1488 = LINE ( 'NONE', #3414, #1226 ) ;
#1489 =( GEOMETRIC_REPRESENTATION_CONTEXT ( 3 ) GLOBAL_UNCERTAINTY_ASSIGNED_CONTEXT ( ( #2098 ) ) GLOBAL_UNIT_ASSIGNED_CONTEXT ( ( #5033, #1713, #3765 ) ) REPRESENTATION_CONTEXT ( 'NONE', 'WORKASPACE' ) );
#1490 = AXIS2_PLACEMENT_3D ( 'NONE', #2946, #603, #5376 ) ;
#1491 = EDGE_CURVE ( 'NONE', #3093, #2043, #2591, .T. ) ;
#1492 = EDGE_CURVE ( 'NONE', #4857, #4431, #1344, .T. ) ;
#1493 = VERTEX_POINT ( 'NONE', #5161 ) ;
#1494 = FACE_OUTER_BOUND ( 'NONE', #5843, .T. ) ;
#1495 = DIMENSIONAL_EXPONENTS ( 1.000000000000000000, 0.0000000000000000000, 0.0000000000000000000, 0.0000000000000000000, 0.0000000000000000000, 0.0000000000000000000, 0.0000000000000000000 ) ;
#1496 = CARTESIAN_POINT ( 'NONE',  ( -0.1464566929133857831, -0.02263779527559064281, 0.09311023622047270853 ) ) ;
#1497 = LINE ( 'NONE', #5344, #2665 ) ;
#1498 = VECTOR ( 'NONE', #3787, 39.37007874015748143 ) ;
#1499 = CARTESIAN_POINT ( 'NONE',  ( 0.1948818897637796532, -0.05413385826771593967, -0.1738188976377951778 ) ) ;
#1500 = MANIFOLD_SOLID_BREP ( 'Body-Move/Copy2[2]', #4698 ) ;
#1501 = CARTESIAN_POINT ( 'NONE',  ( 0.08700787401574779090, 0.1643700787401578545, 0.004133858267716452109 ) ) ;
#1502 = ORIENTED_EDGE ( 'NONE', *, *, #3290, .T. ) ;
#1503 = ORIENTED_EDGE ( 'NONE', *, *, #3761, .T. ) ;
#1504 = SURFACE_STYLE_USAGE ( .BOTH. , #5317 ) ;
#1505 = DIRECTION ( 'NONE',  ( 1.602884491802569361E-15, -1.000000000000000000, 1.644517855226017859E-15 ) ) ;
#1506 =( CONVERSION_BASED_UNIT ( 'INCH', #1111 ) LENGTH_UNIT ( ) NAMED_UNIT ( #3852 ) );
#1507 = ORIENTED_EDGE ( 'NONE', *, *, #5739, .F. ) ;
#1508 =( GEOMETRIC_REPRESENTATION_CONTEXT ( 3 ) GLOBAL_UNCERTAINTY_ASSIGNED_CONTEXT ( ( #4757 ) ) GLOBAL_UNIT_ASSIGNED_CONTEXT ( ( #5012, #5457, #2551 ) ) REPRESENTATION_CONTEXT ( 'NONE', 'WORKASPACE' ) );
#1509 = CARTESIAN_POINT ( 'NONE',  ( -0.1464566929133855611, -0.1722440944881890312, 0.01200787401574855001 ) ) ;
#1510 = LENGTH_MEASURE_WITH_UNIT ( LENGTH_MEASURE( 0.02539999999999999897 ), #1416 );
#1511 = VECTOR ( 'NONE', #6058, 39.37007874015748143 ) ;
#1512 = VERTEX_POINT ( 'NONE', #1163 ) ;
#1513 = EDGE_LOOP ( 'NONE', ( #3777, #5273, #5937, #1503 ) ) ;
#1514 = FILL_AREA_STYLE ('',( #5851 ) ) ;
#1515 =( NAMED_UNIT ( * ) SI_UNIT ( $, .STERADIAN. ) SOLID_ANGLE_UNIT ( ) );
#1516 = COLOUR_RGB ( '',1.000000000000000000, 1.000000000000000000, 1.000000000000000000 ) ;
#1517 = PLANE ( 'NONE',  #6196 ) ;
#1518 =( CONVERSION_BASED_UNIT ( 'INCH', #3473 ) LENGTH_UNIT ( ) NAMED_UNIT ( #1939 ) );
#1519 = CARTESIAN_POINT ( 'NONE',  ( 0.01934165959544861813, 0.1269685039370081203, -0.1253937007874016407 ) ) ;
#1520 = LINE ( 'NONE', #2972, #3963 ) ;
#1521 = DIRECTION ( 'NONE',  ( 1.602884491802569361E-15, -1.000000000000000000, 1.644517855226017859E-15 ) ) ;
#1522 = FILL_AREA_STYLE_COLOUR ( '', #1556 ) ;
#1523 = ADVANCED_FACE ( 'NONE', ( #668 ), #2804, .T. ) ;
#1524 = DIRECTION ( 'NONE',  ( 1.766520851300210063E-16, -1.678194808735199276E-15, -1.000000000000000000 ) ) ;
#1525 = CARTESIAN_POINT ( 'NONE',  ( -0.1464566929133855611, -0.1722440944881890590, -0.006889763779527056757 ) ) ;
#1526 = CARTESIAN_POINT ( 'NONE',  ( 0.06018589945968484678, 0.1269685039370081203, 0.08371173833560627275 ) ) ;
#1527 = EDGE_CURVE ( 'NONE', #3541, #744, #4558, .T. ) ;
#1528 = AXIS2_PLACEMENT_3D ( 'NONE', #4464, #4518, #144 ) ;
#1529 = VERTEX_POINT ( 'NONE', #5812 ) ;
#1530 = UNCERTAINTY_MEASURE_WITH_UNIT (LENGTH_MEASURE( 1.000000000000000082E-05 ), #3570, 'distance_accuracy_value', 'NONE');
#1531 = ORIENTED_EDGE ( 'NONE', *, *, #3415, .T. ) ;
#1532 = VERTEX_POINT ( 'NONE', #966 ) ;
#1533 = SURFACE_STYLE_FILL_AREA ( #2010 ) ;
#1534 = CARTESIAN_POINT ( 'NONE',  ( 0.08720472440944881942, -0.06003937007873985654, 0.1007874015748034119 ) ) ;
#1535 = VERTEX_POINT ( 'NONE', #2364 ) ;
#1536 = EDGE_CURVE ( 'NONE', #832, #5108, #2459, .T. ) ;
#1537 = DIMENSIONAL_EXPONENTS ( 1.000000000000000000, 0.0000000000000000000, 0.0000000000000000000, 0.0000000000000000000, 0.0000000000000000000, 0.0000000000000000000, 0.0000000000000000000 ) ;
#1538 = LENGTH_MEASURE_WITH_UNIT ( LENGTH_MEASURE( 0.02539999999999999897 ), #41 );
#1539 = DIRECTION ( 'NONE',  ( -1.000000000000000000, -1.602884491802569361E-15, 2.878783784372901366E-31 ) ) ;
#1540 = COLOUR_RGB ( '',0.7607843137254901578, 0.7607843137254901578, 0.0000000000000000000 ) ;
#1541 = ORIENTED_EDGE ( 'NONE', *, *, #165, .F. ) ;
#1542 = DIRECTION ( 'NONE',  ( 1.602884491802569361E-15, -1.000000000000000000, 1.548860246407864322E-15 ) ) ;
#1543 = VERTEX_POINT ( 'NONE', #1422 ) ;
#1544 = SURFACE_STYLE_FILL_AREA ( #3466 ) ;
#1545 = CARTESIAN_POINT ( 'NONE',  ( -0.1535433070866145111, 0.2273622047244094058, -0.04586614173228362179 ) ) ;
#1546 = SURFACE_STYLE_USAGE ( .BOTH. , #2964 ) ;
#1547 = FILL_AREA_STYLE ('',( #3000 ) ) ;
#1548 =( LENGTH_UNIT ( ) NAMED_UNIT ( * ) SI_UNIT ( $, .METRE. ) );
#1549 = DIRECTION ( 'NONE',  ( -1.602884491802569361E-15, 1.000000000000000000, -1.644517855226017859E-15 ) ) ;
#1550 = PRESENTATION_STYLE_ASSIGNMENT (( #1611 ) ) ;
#1551 = COLOUR_RGB ( '',0.7607843137254901578, 0.7607843137254901578, 0.0000000000000000000 ) ;
#1552 = PRESENTATION_LAYER_ASSIGNMENT (  '', '', ( #3771 ) ) ;
#1553 = DIMENSIONAL_EXPONENTS ( 1.000000000000000000, 0.0000000000000000000, 0.0000000000000000000, 0.0000000000000000000, 0.0000000000000000000, 0.0000000000000000000, 0.0000000000000000000 ) ;
#1554 = PLANE ( 'NONE',  #1696 ) ;
#1555 = DIRECTION ( 'NONE',  ( -1.602884491802569164E-15, 1.000000000000000000, -1.644517855226017859E-15 ) ) ;
#1556 = COLOUR_RGB ( '',1.000000000000000000, 1.000000000000000000, 1.000000000000000000 ) ;
#1557 = VECTOR ( 'NONE', #5227, 39.37007874015748143 ) ;
#1558 = DIRECTION ( 'NONE',  ( 0.0000000000000000000, 0.0000000000000000000, 1.000000000000000000 ) ) ;
#1559 = LENGTH_MEASURE_WITH_UNIT ( LENGTH_MEASURE( 0.02539999999999999897 ), #1037 );
#1560 =( LENGTH_UNIT ( ) NAMED_UNIT ( * ) SI_UNIT ( $, .METRE. ) );
#1561 = STYLED_ITEM ( 'NONE', ( #2614 ), #4549 ) ;
#1562 = ORIENTED_EDGE ( 'NONE', *, *, #1632, .F. ) ;
#1563 = EDGE_CURVE ( 'NONE', #611, #4339, #5853, .T. ) ;
#1564 = EDGE_CURVE ( 'NONE', #1856, #3327, #6266, .T. ) ;
#1565 = ORIENTED_EDGE ( 'NONE', *, *, #1869, .T. ) ;
#1566 = ORIENTED_EDGE ( 'NONE', *, *, #5693, .T. ) ;
#1567 = CARTESIAN_POINT ( 'NONE',  ( 0.01934165959544850363, 0.1998031496062994683, -0.02145669291338597739 ) ) ;
#1568 = SURFACE_SIDE_STYLE ('',( #36 ) ) ;
#1569 = EDGE_LOOP ( 'NONE', ( #4764, #3119, #5668, #2048 ) ) ;
#1570 = AXIS2_PLACEMENT_3D ( 'NONE', #5442, #5375, #1104 ) ;
#1571 = DIRECTION ( 'NONE',  ( 2.348093788196917952E-30, -1.644517855226018450E-15, -1.000000000000000000 ) ) ;
#1572 =( NAMED_UNIT ( * ) SI_UNIT ( $, .STERADIAN. ) SOLID_ANGLE_UNIT ( ) );
#1573 = ADVANCED_FACE ( 'NONE', ( #3438 ), #5330, .T. ) ;
#1574 = VERTEX_POINT ( 'NONE', #1889 ) ;
#1575 = CARTESIAN_POINT ( 'NONE',  ( 0.01934165959543282173, 0.1564960629921263446, -0.06633858267716544188 ) ) ;
#1576 = ORIENTED_EDGE ( 'NONE', *, *, #3208, .T. ) ;
#1577 = DIRECTION ( 'NONE',  ( -1.602884491802569164E-15, 1.000000000000000000, -1.644517855226017859E-15 ) ) ;
#1578 = AXIS2_PLACEMENT_3D ( 'NONE', #5760, #369, #2709 ) ;
#1579 = CARTESIAN_POINT ( 'NONE',  ( -2.057162640966502078E-16, 0.1269685039370080371, -0.04586614173228350383 ) ) ;
#1580 = FILL_AREA_STYLE ('',( #2467 ) ) ;
#1581 =( LENGTH_UNIT ( ) NAMED_UNIT ( * ) SI_UNIT ( $, .METRE. ) );
#1582 = AXIS2_PLACEMENT_3D ( 'NONE', #788, #2611, #6099 ) ;
#1583 = DIRECTION ( 'NONE',  ( 2.348093788196917952E-30, -1.644517855226018450E-15, -1.000000000000000000 ) ) ;
#1584 = LINE ( 'NONE', #4931, #2192 ) ;
#1585 = LINE ( 'NONE', #5341, #5691 ) ;
#1586 = CARTESIAN_POINT ( 'NONE',  ( 0.01934165959548794084, 0.1564960629921261781, 0.07460629921259835651 ) ) ;
#1587 = LINE ( 'NONE', #2537, #753 ) ;
#1588 = CARTESIAN_POINT ( 'NONE',  ( -0.06929133858267744195, 0.1564960629921260671, -0.02539370078740165945 ) ) ;
#1589 =( GEOMETRIC_REPRESENTATION_CONTEXT ( 3 ) GLOBAL_UNCERTAINTY_ASSIGNED_CONTEXT ( ( #2037 ) ) GLOBAL_UNIT_ASSIGNED_CONTEXT ( ( #3517, #4136, #4969 ) ) REPRESENTATION_CONTEXT ( 'NONE', 'WORKASPACE' ) );
#1590 = VECTOR ( 'NONE', #2061, 39.37007874015748143 ) ;
#1591 = ORIENTED_EDGE ( 'NONE', *, *, #1956, .T. ) ;
#1592 = UNCERTAINTY_MEASURE_WITH_UNIT (LENGTH_MEASURE( 1.000000000000000082E-05 ), #5047, 'distance_accuracy_value', 'NONE');
#1593 = AXIS2_PLACEMENT_3D ( 'NONE', #5084, #6147, #1737 ) ;
#1594 = VECTOR ( 'NONE', #3920, 39.37007874015748143 ) ;
#1595 = ORIENTED_EDGE ( 'NONE', *, *, #3604, .T. ) ;
#1596 = EDGE_LOOP ( 'NONE', ( #920, #2784, #6262, #4653, #3264, #1258 ) ) ;
#1597 = ORIENTED_EDGE ( 'NONE', *, *, #1441, .T. ) ;
#1598 = VECTOR ( 'NONE', #1990, 39.37007874015748143 ) ;
#1599 = CARTESIAN_POINT ( 'NONE',  ( -0.1535433070866141225, -0.02263779527559058036, -0.1068897637795273164 ) ) ;
#1600 = PLANE ( 'NONE',  #3321 ) ;
#1601 = SURFACE_STYLE_FILL_AREA ( #3108 ) ;
#1602 = ORIENTED_EDGE ( 'NONE', *, *, #3106, .F. ) ;
#1603 = DIRECTION ( 'NONE',  ( -1.602884491802569361E-15, 1.000000000000000000, -1.644517855226017859E-15 ) ) ;
#1604 = EDGE_CURVE ( 'NONE', #697, #4536, #5752, .T. ) ;
#1605 = FACE_OUTER_BOUND ( 'NONE', #3515, .T. ) ;
#1606 = ADVANCED_FACE ( 'NONE', ( #1954 ), #3405, .T. ) ;
#1607 = DIRECTION ( 'NONE',  ( 0.7956271577883992085, 0.0000000000000000000, -0.6057866173740995563 ) ) ;
#1608 = VECTOR ( 'NONE', #1555, 39.37007874015748143 ) ;
#1609 = FILL_AREA_STYLE_COLOUR ( '', #5529 ) ;
#1610 = SURFACE_STYLE_FILL_AREA ( #3590 ) ;
#1611 = SURFACE_STYLE_USAGE ( .BOTH. , #3930 ) ;
#1612 = VECTOR ( 'NONE', #4344, 39.37007874015748143 ) ;
#1613 = EDGE_CURVE ( 'NONE', #324, #643, #1181, .T. ) ;
#1614 = DIRECTION ( 'NONE',  ( -2.348093788196917952E-30, 1.644517855226018450E-15, 1.000000000000000000 ) ) ;
#1615 = LENGTH_MEASURE_WITH_UNIT ( LENGTH_MEASURE( 0.02539999999999999897 ), #205 );
#1616 = SURFACE_STYLE_USAGE ( .BOTH. , #5586 ) ;
#1617 = ORIENTED_EDGE ( 'NONE', *, *, #4282, .T. ) ;
#1618 = DIRECTION ( 'NONE',  ( -2.348093788196917952E-30, 1.644517855226018450E-15, 1.000000000000000000 ) ) ;
#1619 = FACE_OUTER_BOUND ( 'NONE', #6254, .T. ) ;
#1620 = DIRECTION ( 'NONE',  ( -0.7956271577885687396, -1.875148439272792120E-15, -0.6057866173738767346 ) ) ;
#1621 = ORIENTED_EDGE ( 'NONE', *, *, #3600, .F. ) ;
#1622 = ORIENTED_EDGE ( 'NONE', *, *, #2836, .F. ) ;
#1623 = EDGE_LOOP ( 'NONE', ( #153, #1468, #3035, #2317 ) ) ;
#1624 = SURFACE_STYLE_USAGE ( .BOTH. , #2655 ) ;
#1625 =( NAMED_UNIT ( * ) SI_UNIT ( $, .STERADIAN. ) SOLID_ANGLE_UNIT ( ) );
#1626 = ORIENTED_EDGE ( 'NONE', *, *, #1634, .T. ) ;
#1627 = CARTESIAN_POINT ( 'NONE',  ( -0.08720472440944880554, -0.05413385826771683479, -0.09251968503936991439 ) ) ;
#1628 = VECTOR ( 'NONE', #5337, 39.37007874015748143 ) ;
#1629 = DIMENSIONAL_EXPONENTS ( 1.000000000000000000, 0.0000000000000000000, 0.0000000000000000000, 0.0000000000000000000, 0.0000000000000000000, 0.0000000000000000000, 0.0000000000000000000 ) ;
#1630 = DIRECTION ( 'NONE',  ( 1.594929680954371539E-16, -0.09950371902099727772, 0.9950371902099893751 ) ) ;
#1631 =( NAMED_UNIT ( * ) SI_UNIT ( $, .STERADIAN. ) SOLID_ANGLE_UNIT ( ) );
#1632 = EDGE_CURVE ( 'NONE', #707, #560, #1900, .T. ) ;
#1633 = CARTESIAN_POINT ( 'NONE',  ( -0.1535433070866141225, -0.02263779527559061505, 0.1151574803149608972 ) ) ;
#1634 = EDGE_CURVE ( 'NONE', #1512, #2189, #4031, .T. ) ;
#1635 = LINE ( 'NONE', #4439, #3496 ) ;
#1636 = LINE ( 'NONE', #1189, #5426 ) ;
#1637 = PRESENTATION_STYLE_ASSIGNMENT (( #148 ) ) ;
#1638 = DIMENSIONAL_EXPONENTS ( 1.000000000000000000, 0.0000000000000000000, 0.0000000000000000000, 0.0000000000000000000, 0.0000000000000000000, 0.0000000000000000000, 0.0000000000000000000 ) ;
#1639 = EDGE_CURVE ( 'NONE', #3366, #5493, #565, .T. ) ;
#1640 =( CONVERSION_BASED_UNIT ( 'INCH', #6070 ) LENGTH_UNIT ( ) NAMED_UNIT ( #3387 ) );
#1641 = PRESENTATION_LAYER_ASSIGNMENT (  '', '', ( #4176 ) ) ;
#1642 = VERTEX_POINT ( 'NONE', #2522 ) ;
#1643 = CIRCLE ( 'NONE', #5163, 0.02854330708661418844 ) ;
#1644 = DIRECTION ( 'NONE',  ( 2.364801230464485631E-30, -1.644517855226018450E-15, -1.000000000000000000 ) ) ;
#1645 = FILL_AREA_STYLE_COLOUR ( '', #656 ) ;
#1646 = LINE ( 'NONE', #3571, #2578 ) ;
#1647 = ORIENTED_EDGE ( 'NONE', *, *, #4512, .F. ) ;
#1648 = MANIFOLD_SOLID_BREP ( 'LPattern1[4]', #5601 ) ;
#1649 = VERTEX_POINT ( 'NONE', #5427 ) ;
#1650 = PRESENTATION_LAYER_ASSIGNMENT (  '', '', ( #5574 ) ) ;
#1651 = UNCERTAINTY_MEASURE_WITH_UNIT (LENGTH_MEASURE( 1.000000000000000082E-05 ), #826, 'distance_accuracy_value', 'NONE');
#1652 = LINE ( 'NONE', #3579, #5295 ) ;
#1653 = VECTOR ( 'NONE', #2410, 39.37007874015748143 ) ;
#1654 = DIRECTION ( 'NONE',  ( -1.602884491802569361E-15, 1.000000000000000000, -1.644517855226017859E-15 ) ) ;
#1655 = ORIENTED_EDGE ( 'NONE', *, *, #6291, .F. ) ;
#1656 = VECTOR ( 'NONE', #4597, 39.37007874015748143 ) ;
#1657 = CARTESIAN_POINT ( 'NONE',  ( 0.01934165959543282173, 0.1564960629921263446, -0.06633858267716544188 ) ) ;
#1658 = DIRECTION ( 'NONE',  ( -1.602884491802569164E-15, 1.000000000000000000, -1.644517855226017859E-15 ) ) ;
#1659 = VECTOR ( 'NONE', #903, 39.37007874015748143 ) ;
#1660 = SURFACE_STYLE_USAGE ( .BOTH. , #3524 ) ;
#1661 = CARTESIAN_POINT ( 'NONE',  ( 0.1500000000000003553, -0.1564960629921255120, -0.08641732283464519104 ) ) ;
#1662 = DIRECTION ( 'NONE',  ( 0.6057866173740993343, 2.279429041416232339E-15, 0.7956271577883993196 ) ) ;
#1663 = LINE ( 'NONE', #1183, #4466 ) ;
#1664 = PRESENTATION_LAYER_ASSIGNMENT (  '', '', ( #1049 ) ) ;
#1665 = LINE ( 'NONE', #2201, #4315 ) ;
#1666 = ADVANCED_FACE ( 'NONE', ( #1605 ), #48, .T. ) ;
#1667 = DIRECTION ( 'NONE',  ( 1.594929680954418377E-16, -0.09950371902100052512, -0.9950371902099890420 ) ) ;
#1668 = LENGTH_MEASURE_WITH_UNIT ( LENGTH_MEASURE( 0.02539999999999999897 ), #1157 );
#1669 = SURFACE_SIDE_STYLE ('',( #3033 ) ) ;
#1670 = DIRECTION ( 'NONE',  ( 0.0000000000000000000, 0.0000000000000000000, -1.000000000000000000 ) ) ;
#1671 = AXIS2_PLACEMENT_3D ( 'NONE', #2354, #6156, #1816 ) ;
#1672 = FACE_OUTER_BOUND ( 'NONE', #5023, .T. ) ;
#1673 = ORIENTED_EDGE ( 'NONE', *, *, #1454, .T. ) ;
#1674 = FILL_AREA_STYLE_COLOUR ( '', #1843 ) ;
#1676 = ADVANCED_FACE ( 'NONE', ( #1093 ), #5207, .T. ) ;
#1675 = LINE ( 'NONE', #181, #4332 ) ;
#1677 = FILL_AREA_STYLE_COLOUR ( '', #6220 ) ;
#1678 = EDGE_LOOP ( 'NONE', ( #2853, #1418, #1440, #4937 ) ) ;
#1679 = ADVANCED_FACE ( 'NONE', ( #68 ), #4395, .T. ) ;
#1680 = MANIFOLD_SOLID_BREP ( 'Boss-Extrude4', #423 ) ;
#1681 = ADVANCED_FACE ( 'NONE', ( #2163 ), #2194, .T. ) ;
#1682 = ORIENTED_EDGE ( 'NONE', *, *, #5464, .T. ) ;
#1683 = AXIS2_PLACEMENT_3D ( 'NONE', #1351, #971, #2906 ) ;
#1684 = CARTESIAN_POINT ( 'NONE',  ( 0.06929133858267698398, 0.1269685039370081758, -0.02539370078740161782 ) ) ;
#1685 =( LENGTH_UNIT ( ) NAMED_UNIT ( * ) SI_UNIT ( $, .METRE. ) );
#1686 =( GEOMETRIC_REPRESENTATION_CONTEXT ( 3 ) GLOBAL_UNCERTAINTY_ASSIGNED_CONTEXT ( ( #349 ) ) GLOBAL_UNIT_ASSIGNED_CONTEXT ( ( #1506, #616, #2570 ) ) REPRESENTATION_CONTEXT ( 'NONE', 'WORKASPACE' ) );
#1687 = MECHANICAL_DESIGN_GEOMETRIC_PRESENTATION_REPRESENTATION (  '', ( #4223 ), #6239 ) ;
#1688 = CARTESIAN_POINT ( 'NONE',  ( 0.1464566929133861717, -0.1407480314960625756, -0.1068897637795270944 ) ) ;
#1689 = ORIENTED_EDGE ( 'NONE', *, *, #6000, .T. ) ;
#1690 = DIRECTION ( 'NONE',  ( -2.348093788196917952E-30, 1.644517855226018450E-15, 1.000000000000000000 ) ) ;
#1691 = VECTOR ( 'NONE', #2223, 39.37007874015748143 ) ;
#1692 = SURFACE_SIDE_STYLE ('',( #4107 ) ) ;
#1693 = TOROIDAL_SURFACE ( 'NONE', #4718, 0.02854330708661417110, 0.003937007874015747977 ) ;
#1694 = CARTESIAN_POINT ( 'NONE',  ( 0.01934165959543282173, 0.1564960629921262614, 0.1336614173228345692 ) ) ;
#1695 = SURFACE_STYLE_USAGE ( .BOTH. , #6023 ) ;
#1696 = AXIS2_PLACEMENT_3D ( 'NONE', #5405, #4092, #2142 ) ;
#1697 = SURFACE_SIDE_STYLE ('',( #5455 ) ) ;
#1698 = VECTOR ( 'NONE', #6295, 39.37007874015748143 ) ;
#1699 = SURFACE_STYLE_USAGE ( .BOTH. , #6028 ) ;
#1700 = FILL_AREA_STYLE_COLOUR ( '', #2389 ) ;
#1701 = CARTESIAN_POINT ( 'NONE',  ( -0.04940944881889761803, -0.06003937007874039083, -0.09251968503936990051 ) ) ;
#1702 =( LENGTH_UNIT ( ) NAMED_UNIT ( * ) SI_UNIT ( $, .METRE. ) );
#1703 = LENGTH_MEASURE_WITH_UNIT ( LENGTH_MEASURE( 0.02539999999999999897 ), #5581 );
#1704 = VERTEX_POINT ( 'NONE', #1178 ) ;
#1705 =( NAMED_UNIT ( * ) PLANE_ANGLE_UNIT ( ) SI_UNIT ( $, .RADIAN. ) );
#1706 = FILL_AREA_STYLE ('',( #1677 ) ) ;
#1707 = VERTEX_POINT ( 'NONE', #4052 ) ;
#1708 = ORIENTED_EDGE ( 'NONE', *, *, #4320, .T. ) ;
#1709 = EDGE_CURVE ( 'NONE', #1855, #2626, #3076, .T. ) ;
#1710 = UNCERTAINTY_MEASURE_WITH_UNIT (LENGTH_MEASURE( 1.000000000000000082E-05 ), #4058, 'distance_accuracy_value', 'NONE');
#1711 = CARTESIAN_POINT ( 'NONE',  ( -0.1464566929133855611, -0.1722440944881890312, 0.01200787401574855001 ) ) ;
#1712 = EDGE_CURVE ( 'NONE', #1642, #1165, #5329, .T. ) ;
#1713 =( NAMED_UNIT ( * ) PLANE_ANGLE_UNIT ( ) SI_UNIT ( $, .RADIAN. ) );
#1714 = PLANE ( 'NONE',  #5594 ) ;
#1715 = FACE_BOUND ( 'NONE', #5809, .T. ) ;
#1716 = VERTEX_POINT ( 'NONE', #2078 ) ;
#1717 = CARTESIAN_POINT ( 'NONE',  ( 0.06889763779527560694, 0.001377952755905925307, 0.1820866141732285226 ) ) ;
#1718 = ADVANCED_FACE ( 'NONE', ( #139 ), #4144, .F. ) ;
#1719 = FACE_OUTER_BOUND ( 'NONE', #2009, .T. ) ;
#1720 = FILL_AREA_STYLE ('',( #786 ) ) ;
#1721 = DIMENSIONAL_EXPONENTS ( 1.000000000000000000, 0.0000000000000000000, 0.0000000000000000000, 0.0000000000000000000, 0.0000000000000000000, 0.0000000000000000000, 0.0000000000000000000 ) ;
#1722 = VECTOR ( 'NONE', #5068, 39.37007874015748143 ) ;
#1723 = DIRECTION ( 'NONE',  ( 1.602884491802569361E-15, -1.000000000000000000, 1.644517855226017859E-15 ) ) ;
#1724 = DIRECTION ( 'NONE',  ( 1.602884491802569361E-15, -1.000000000000000000, 1.644517855226017859E-15 ) ) ;
#1725 =( NAMED_UNIT ( * ) PLANE_ANGLE_UNIT ( ) SI_UNIT ( $, .RADIAN. ) );
#1726 = CARTESIAN_POINT ( 'NONE',  ( 0.01934165959544855914, 0.1643700787401576879, 0.08371173833560621724 ) ) ;
#1727 = FILL_AREA_STYLE ('',( #860 ) ) ;
#1728 = COLOUR_RGB ( '',1.000000000000000000, 1.000000000000000000, 1.000000000000000000 ) ;
#1729 = CARTESIAN_POINT ( 'NONE',  ( 0.06889763779527559306, 0.008858267716535823261, 0.1624015748031497619 ) ) ;
#1730 = EDGE_LOOP ( 'NONE', ( #2559, #5554, #1809, #2046 ) ) ;
#1731 = LINE ( 'NONE', #5589, #2081 ) ;
#1732 = VERTEX_POINT ( 'NONE', #4484 ) ;
#1733 = SURFACE_SIDE_STYLE ('',( #4621 ) ) ;
#1734 = ORIENTED_EDGE ( 'NONE', *, *, #5390, .F. ) ;
#1735 = COLOUR_RGB ( '',1.000000000000000000, 1.000000000000000000, 1.000000000000000000 ) ;
#1736 = CARTESIAN_POINT ( 'NONE',  ( -0.1535433070866141225, -0.02263779527559058036, 0.01515748031496088298 ) ) ;
#1737 = DIRECTION ( 'NONE',  ( 2.348093788196917952E-30, -1.644517855226018450E-15, -1.000000000000000000 ) ) ;
#1738 = SURFACE_SIDE_STYLE ('',( #6018 ) ) ;
#1739 = DIRECTION ( 'NONE',  ( 2.348093788196917952E-30, -1.644517855226018450E-15, -1.000000000000000000 ) ) ;
#1740 = ORIENTED_EDGE ( 'NONE', *, *, #4882, .F. ) ;
#1741 = VECTOR ( 'NONE', #19, 39.37007874015748143 ) ;
#1742 = EDGE_CURVE ( 'NONE', #1574, #3702, #3311, .T. ) ;
#1743 =( NAMED_UNIT ( * ) SI_UNIT ( $, .STERADIAN. ) SOLID_ANGLE_UNIT ( ) );
#1744 = AXIS2_PLACEMENT_3D ( 'NONE', #4547, #168, #5397 ) ;
#1745 = PLANE ( 'NONE',  #4979 ) ;
#1746 = ORIENTED_EDGE ( 'NONE', *, *, #6052, .F. ) ;
#1747 = VECTOR ( 'NONE', #4135, 39.37007874015748143 ) ;
#1748 = CIRCLE ( 'NONE', #294, 0.005168431248992119698 ) ;
#1749 =( CONVERSION_BASED_UNIT ( 'INCH', #313 ) LENGTH_UNIT ( ) NAMED_UNIT ( #5833 ) );
#1750 = LINE ( 'NONE', #5126, #521 ) ;
#1751 =( CONVERSION_BASED_UNIT ( 'INCH', #6062 ) LENGTH_UNIT ( ) NAMED_UNIT ( #3805 ) );
#1752 = VECTOR ( 'NONE', #2618, 39.37007874015748143 ) ;
#1753 = EDGE_CURVE ( 'NONE', #3093, #11, #2663, .T. ) ;
#1754 = EDGE_CURVE ( 'NONE', #633, #617, #5541, .T. ) ;
#1755 = SURFACE_STYLE_FILL_AREA ( #2228 ) ;
#1756 = DIRECTION ( 'NONE',  ( 1.000000000000000000, 1.602884491802569361E-15, -2.878783784372901366E-31 ) ) ;
#1757 = AXIS2_PLACEMENT_3D ( 'NONE', #614, #2041, #1505 ) ;
#1758 = PRESENTATION_STYLE_ASSIGNMENT (( #2173 ) ) ;
#1759 = PRESENTATION_STYLE_ASSIGNMENT (( #6198 ) ) ;
#1760 =( CONVERSION_BASED_UNIT ( 'INCH', #1703 ) LENGTH_UNIT ( ) NAMED_UNIT ( #4478 ) );
#1761 = CIRCLE ( 'NONE', #2767, 0.003937007874015741905 ) ;
#1762 =( NAMED_UNIT ( * ) SI_UNIT ( $, .STERADIAN. ) SOLID_ANGLE_UNIT ( ) );
#1763 = CARTESIAN_POINT ( 'NONE',  ( 0.1464566929133859496, -0.02263779527559014321, 0.1151574803149608972 ) ) ;
#1764 = LENGTH_MEASURE_WITH_UNIT ( LENGTH_MEASURE( 0.02539999999999999897 ), #1387 );
#1765 = EDGE_LOOP ( 'NONE', ( #4709, #829, #1541, #2602 ) ) ;
#1766 = VECTOR ( 'NONE', #3971, 39.37007874015748143 ) ;
#1767 = EDGE_LOOP ( 'NONE', ( #1886, #4217, #2309, #5931 ) ) ;
#1768 =( CONVERSION_BASED_UNIT ( 'INCH', #2681 ) LENGTH_UNIT ( ) NAMED_UNIT ( #1002 ) );
#1769 = VERTEX_POINT ( 'NONE', #3652 ) ;
#1770 = PRESENTATION_LAYER_ASSIGNMENT (  '', '', ( #4508 ) ) ;
#1771 = UNCERTAINTY_MEASURE_WITH_UNIT (LENGTH_MEASURE( 1.000000000000000082E-05 ), #185, 'distance_accuracy_value', 'NONE');
#1772 = FACE_OUTER_BOUND ( 'NONE', #1765, .T. ) ;
#1773 = LINE ( 'NONE', #2716, #551 ) ;
#1774 = FILL_AREA_STYLE ('',( #5146 ) ) ;
#1775 = LINE ( 'NONE', #3706, #1078 ) ;
#1776 = ORIENTED_EDGE ( 'NONE', *, *, #2836, .T. ) ;
#1777 = CARTESIAN_POINT ( 'NONE',  ( 0.1464566929133859496, -0.02263779527559010157, 0.01515748031496088298 ) ) ;
#1778 =( NAMED_UNIT ( * ) SI_UNIT ( $, .STERADIAN. ) SOLID_ANGLE_UNIT ( ) );
#1779 = EDGE_LOOP ( 'NONE', ( #3697, #2341, #3975, #5220 ) ) ;
#1780 = CARTESIAN_POINT ( 'NONE',  ( 0.06018589945968478433, 0.1643700787401579377, -0.06633858267716545576 ) ) ;
#1781 = PRESENTATION_LAYER_ASSIGNMENT (  '', '', ( #5729 ) ) ;
#1782 = PLANE ( 'NONE',  #6138 ) ;
#1783 = CIRCLE ( 'NONE', #3605, 0.009105439123007872879 ) ;
#1784 = MECHANICAL_DESIGN_GEOMETRIC_PRESENTATION_REPRESENTATION (  '', ( #3406 ), #2193 ) ;
#1785 = DIRECTION ( 'NONE',  ( -2.364801230464485631E-30, 1.644517855226018450E-15, 1.000000000000000000 ) ) ;
#1786 = FACE_OUTER_BOUND ( 'NONE', #995, .T. ) ;
#1787 = CARTESIAN_POINT ( 'NONE',  ( 0.1464566929133859496, -0.02263779527559017096, 0.09311023622047270853 ) ) ;
#1788 = ADVANCED_FACE ( 'NONE', ( #1719 ), #5511, .T. ) ;
#1789 = ORIENTED_EDGE ( 'NONE', *, *, #5228, .F. ) ;
#1790 = STYLED_ITEM ( 'NONE', ( #4831 ), #2336 ) ;
#1791 = DIRECTION ( 'NONE',  ( 1.000000000000000000, 1.602884491802569361E-15, -2.711709361697226329E-31 ) ) ;
#1792 = PRESENTATION_LAYER_ASSIGNMENT (  '', '', ( #982 ) ) ;
#1793 = EDGE_CURVE ( 'NONE', #1435, #5172, #193, .T. ) ;
#1794 = EDGE_CURVE ( 'NONE', #344, #2079, #2200, .T. ) ;
#1795 = LENGTH_MEASURE_WITH_UNIT ( LENGTH_MEASURE( 0.02539999999999999897 ), #2732 );
#1796 = AXIS2_PLACEMENT_3D ( 'NONE', #2367, #3408, #5814 ) ;
#1797 = STYLED_ITEM ( 'NONE', ( #1409 ), #1824 ) ;
#1798 = DIRECTION ( 'NONE',  ( 1.602884491802569361E-15, -1.000000000000000000, 1.644517855226017859E-15 ) ) ;
#1799 = FILL_AREA_STYLE_COLOUR ( '', #4491 ) ;
#1800 = EDGE_LOOP ( 'NONE', ( #5231, #2091, #2325, #3090 ) ) ;
#1801 = EDGE_CURVE ( 'NONE', #1202, #834, #3194, .T. ) ;
#1802 = STYLED_ITEM ( 'NONE', ( #4572 ), #2634 ) ;
#1803 = CARTESIAN_POINT ( 'NONE',  ( 0.06018589945980290512, 0.1564960629921263169, -0.1253937007874016685 ) ) ;
#1804 = ORIENTED_EDGE ( 'NONE', *, *, #4273, .T. ) ;
#1805 =( NAMED_UNIT ( * ) SI_UNIT ( $, .STERADIAN. ) SOLID_ANGLE_UNIT ( ) );
#1806 = ORIENTED_EDGE ( 'NONE', *, *, #606, .F. ) ;
#1807 =( NAMED_UNIT ( * ) SI_UNIT ( $, .STERADIAN. ) SOLID_ANGLE_UNIT ( ) );
#1808 = FILL_AREA_STYLE_COLOUR ( '', #3503 ) ;
#1809 = ORIENTED_EDGE ( 'NONE', *, *, #6297, .F. ) ;
#1810 = PRESENTATION_LAYER_ASSIGNMENT (  '', '', ( #3324 ) ) ;
#1811 = SURFACE_STYLE_FILL_AREA ( #2280 ) ;
#1812 = DIRECTION ( 'NONE',  ( 1.000000000000000000, 1.602884491802569361E-15, -2.711709361697226329E-31 ) ) ;
#1813 = VERTEX_POINT ( 'NONE', #2759 ) ;
#1814 = DIRECTION ( 'NONE',  ( 1.594929680954394613E-15, -0.9950371902099890420, 0.09950371902100052512 ) ) ;
#1815 = PLANE ( 'NONE',  #3094 ) ;
#1816 = DIRECTION ( 'NONE',  ( 0.0000000000000000000, 0.0000000000000000000, 1.000000000000000000 ) ) ;
#1817 = LINE ( 'NONE', #1439, #2202 ) ;
#1818 = EDGE_LOOP ( 'NONE', ( #765, #5476, #6194, #520, #160, #6, #1928, #4014 ) ) ;
#1819 = ORIENTED_EDGE ( 'NONE', *, *, #944, .F. ) ;
#1820 = DIMENSIONAL_EXPONENTS ( 1.000000000000000000, 0.0000000000000000000, 0.0000000000000000000, 0.0000000000000000000, 0.0000000000000000000, 0.0000000000000000000, 0.0000000000000000000 ) ;
#1821 = DIRECTION ( 'NONE',  ( 0.0000000000000000000, 0.0000000000000000000, -1.000000000000000000 ) ) ;
#1822 = DIRECTION ( 'NONE',  ( 1.602884491802569361E-15, -1.000000000000000000, 1.644517855226017859E-15 ) ) ;
#1823 = VECTOR ( 'NONE', #4551, 39.37007874015748143 ) ;
#1824 = ADVANCED_FACE ( 'NONE', ( #886 ), #1815, .T. ) ;
#1825 = LINE ( 'NONE', #1701, #4574 ) ;
#1826 = FACE_OUTER_BOUND ( 'NONE', #5423, .T. ) ;
#1827 =( NAMED_UNIT ( * ) SI_UNIT ( $, .STERADIAN. ) SOLID_ANGLE_UNIT ( ) );
#1828 = EDGE_CURVE ( 'NONE', #4648, #1342, #5419, .T. ) ;
#1829 = DIRECTION ( 'NONE',  ( 2.364801230464485631E-30, -1.644517855226018450E-15, -1.000000000000000000 ) ) ;
#1830 = CARTESIAN_POINT ( 'NONE',  ( -0.08720472440944881942, -0.06003937007874013410, 0.1007874015748034119 ) ) ;
#1831 = CARTESIAN_POINT ( 'NONE',  ( -0.06929133858267744195, 0.1564960629921260393, 0.07460629921259835651 ) ) ;
#1832 = ORIENTED_EDGE ( 'NONE', *, *, #4540, .T. ) ;
#1833 = FACE_OUTER_BOUND ( 'NONE', #127, .T. ) ;
#1834 =( CONVERSION_BASED_UNIT ( 'INCH', #4673 ) LENGTH_UNIT ( ) NAMED_UNIT ( #2437 ) );
#1835 = ORIENTED_EDGE ( 'NONE', *, *, #4567, .F. ) ;
#1836 = DIRECTION ( 'NONE',  ( 1.000000000000000000, 1.602884491802569361E-15, -2.711709361697226329E-31 ) ) ;
#1837 = PRESENTATION_LAYER_ASSIGNMENT (  '', '', ( #3549 ) ) ;
#1838 = EDGE_CURVE ( 'NONE', #1342, #3257, #4716, .T. ) ;
#1839 = EDGE_CURVE ( 'NONE', #2888, #1716, #4759, .T. ) ;
#1840 = DIRECTION ( 'NONE',  ( 1.602884491802569361E-15, -1.000000000000000000, 1.644517855226018450E-15 ) ) ;
#1841 = DIRECTION ( 'NONE',  ( -1.602884491802569361E-15, 1.000000000000000000, -1.644517855226017859E-15 ) ) ;
#1842 = CARTESIAN_POINT ( 'NONE',  ( 0.01934165962243668963, 0.1998031496062996071, -0.06633858267716551127 ) ) ;
#1843 = COLOUR_RGB ( '',0.7607843137254901578, 0.7607843137254901578, 0.0000000000000000000 ) ;
#1844 = ORIENTED_EDGE ( 'NONE', *, *, #2669, .F. ) ;
#1845 = DIRECTION ( 'NONE',  ( 0.7956271577886173674, 0.0000000000000000000, 0.6057866173738131188 ) ) ;
#1846 = VERTEX_POINT ( 'NONE', #2255 ) ;
#1847 =( CONVERSION_BASED_UNIT ( 'INCH', #6185 ) LENGTH_UNIT ( ) NAMED_UNIT ( #5144 ) );
#1848 = UNCERTAINTY_MEASURE_WITH_UNIT (LENGTH_MEASURE( 1.000000000000000082E-05 ), #6309, 'distance_accuracy_value', 'NONE');
#1849 = ORIENTED_EDGE ( 'NONE', *, *, #483, .F. ) ;
#1850 = CARTESIAN_POINT ( 'NONE',  ( -0.1464566929133855888, -0.1407480314960630752, -0.1068897637795270944 ) ) ;
#1851 = COLOUR_RGB ( '',1.000000000000000000, 1.000000000000000000, 1.000000000000000000 ) ;
#1852 = DIMENSIONAL_EXPONENTS ( 1.000000000000000000, 0.0000000000000000000, 0.0000000000000000000, 0.0000000000000000000, 0.0000000000000000000, 0.0000000000000000000, 0.0000000000000000000 ) ;
#1853 =( GEOMETRIC_REPRESENTATION_CONTEXT ( 3 ) GLOBAL_UNCERTAINTY_ASSIGNED_CONTEXT ( ( #1474 ) ) GLOBAL_UNIT_ASSIGNED_CONTEXT ( ( #6207, #3217, #1807 ) ) REPRESENTATION_CONTEXT ( 'NONE', 'WORKASPACE' ) );
#1854 = ORIENTED_EDGE ( 'NONE', *, *, #405, .T. ) ;
#1855 = VERTEX_POINT ( 'NONE', #2351 ) ;
#1856 = VERTEX_POINT ( 'NONE', #256 ) ;
#1857 = STYLED_ITEM ( 'NONE', ( #3521 ), #4238 ) ;
#1858 = CARTESIAN_POINT ( 'NONE',  ( -0.06929133858267740032, 0.1269685039370079260, 0.07460629921259839814 ) ) ;
#1859 = CARTESIAN_POINT ( 'NONE',  ( 0.01934165959543282173, 0.1564960629921263169, 0.03366141732283457061 ) ) ;
#1860 = CARTESIAN_POINT ( 'NONE',  ( 0.06929133858267687296, 0.1958661417322838938, 0.03366141732283450816 ) ) ;
#1861 = STYLED_ITEM ( 'NONE', ( #1171 ), #5825 ) ;
#1862 = DIRECTION ( 'NONE',  ( -1.000000000000000000, -1.602884491802569361E-15, -1.766520851300183685E-16 ) ) ;
#1863 = DIRECTION ( 'NONE',  ( -1.602884491802569164E-15, 1.000000000000000000, -1.644517855226017859E-15 ) ) ;
#1864 = PRODUCT_DEFINITION ( 'UNKNOWN', '', #5160, #1923 ) ;
#1865 = ORIENTED_EDGE ( 'NONE', *, *, #2950, .T. ) ;
#1866 = VECTOR ( 'NONE', #1971, 39.37007874015748143 ) ;
#1867 = PLANE ( 'NONE',  #2750 ) ;
#1868 = COLOUR_RGB ( '',0.7607843137254901578, 0.7607843137254901578, 0.0000000000000000000 ) ;
#1869 = EDGE_CURVE ( 'NONE', #2306, #4996, #4296, .T. ) ;
#1870 =( CONVERSION_BASED_UNIT ( 'INCH', #2002 ) LENGTH_UNIT ( ) NAMED_UNIT ( #5462 ) );
#1871 = SURFACE_STYLE_FILL_AREA ( #412 ) ;
#1872 = EDGE_CURVE ( 'NONE', #3700, #5661, #1783, .T. ) ;
#1873 = ORIENTED_EDGE ( 'NONE', *, *, #605, .T. ) ;
#1874 = ADVANCED_FACE ( 'NONE', ( #3258 ), #1782, .T. ) ;
#1875 =( GEOMETRIC_REPRESENTATION_CONTEXT ( 3 ) GLOBAL_UNCERTAINTY_ASSIGNED_CONTEXT ( ( #2418 ) ) GLOBAL_UNIT_ASSIGNED_CONTEXT ( ( #796, #5659, #831 ) ) REPRESENTATION_CONTEXT ( 'NONE', 'WORKASPACE' ) );
#1876 = CARTESIAN_POINT ( 'NONE',  ( 0.06429804372452725680, 0.1998031496062995793, -0.01315729518094504308 ) ) ;
#1877 = ORIENTED_EDGE ( 'NONE', *, *, #5226, .F. ) ;
#1878 = CARTESIAN_POINT ( 'NONE',  ( 0.1464566929133861717, -0.1407480314960625478, -0.08484251968503893349 ) ) ;
#1879 = ORIENTED_EDGE ( 'NONE', *, *, #6129, .T. ) ;
#1880 =( NAMED_UNIT ( * ) PLANE_ANGLE_UNIT ( ) SI_UNIT ( $, .RADIAN. ) );
#1881 = MECHANICAL_DESIGN_GEOMETRIC_PRESENTATION_REPRESENTATION (  '', ( #1376 ), #4511 ) ;
#1882 = LINE ( 'NONE', #3816, #5578 ) ;
#1883 = DIRECTION ( 'NONE',  ( -1.000000000000000000, -1.602884491802569361E-15, 2.711709361697226329E-31 ) ) ;
#1884 = AXIS2_PLACEMENT_3D ( 'NONE', #6199, #1862, #902 ) ;
#1885 = EDGE_LOOP ( 'NONE', ( #2447, #5549, #3810, #1107 ) ) ;
#1886 = ORIENTED_EDGE ( 'NONE', *, *, #4198, .T. ) ;
#1887 = ORIENTED_EDGE ( 'NONE', *, *, #4095, .T. ) ;
#1888 = CARTESIAN_POINT ( 'NONE',  ( 0.1948818897637793202, 0.1564960629921266222, 0.1820866141732282728 ) ) ;
#1889 = CARTESIAN_POINT ( 'NONE',  ( 0.06743043410952737071, 0.1269685039370082591, -0.08095997496618115297 ) ) ;
#1890 =( CONVERSION_BASED_UNIT ( 'INCH', #6230 ) LENGTH_UNIT ( ) NAMED_UNIT ( #3968 ) );
#1891 = DIRECTION ( 'NONE',  ( 1.000000000000000000, 1.602884491802569361E-15, -2.711709361697226329E-31 ) ) ;
#1892 = FILL_AREA_STYLE ('',( #5332 ) ) ;
#1893 = VECTOR ( 'NONE', #515, 39.37007874015748143 ) ;
#1894 =( GEOMETRIC_REPRESENTATION_CONTEXT ( 3 ) GLOBAL_UNCERTAINTY_ASSIGNED_CONTEXT ( ( #2922 ) ) GLOBAL_UNIT_ASSIGNED_CONTEXT ( ( #3157, #1264, #6019 ) ) REPRESENTATION_CONTEXT ( 'NONE', 'WORKASPACE' ) );
#1895 = CARTESIAN_POINT ( 'NONE',  ( 0.06018589945968472882, 0.1998031496062996071, 0.02455597819984235014 ) ) ;
#1896 = SURFACE_SIDE_STYLE ('',( #5690 ) ) ;
#1897 = CARTESIAN_POINT ( 'NONE',  ( -0.1535433070866139282, -0.1407480314960631029, -0.1068897637795270944 ) ) ;
#1898 = DIRECTION ( 'NONE',  ( 0.0000000000000000000, 0.0000000000000000000, -1.000000000000000000 ) ) ;
#1899 = MECHANICAL_DESIGN_GEOMETRIC_PRESENTATION_REPRESENTATION (  '', ( #4035 ), #44 ) ;
#1900 = CIRCLE ( 'NONE', #448, 0.02460629921259841965 ) ;
#1901 = DIRECTION ( 'NONE',  ( -2.047288890593917993E-10, 1.000000000000000000, -2.688773770073551715E-10 ) ) ;
#1902 = VERTEX_POINT ( 'NONE', #5605 ) ;
#1903 = STYLED_ITEM ( 'NONE', ( #6191 ), #2712 ) ;
#1904 = STYLED_ITEM ( 'NONE', ( #1017 ), #1676 ) ;
#1905 = DIRECTION ( 'NONE',  ( -1.000000000000000000, -1.602884491802569361E-15, 2.711709361697226329E-31 ) ) ;
#1906 = PLANE ( 'NONE',  #3003 ) ;
#1907 = CARTESIAN_POINT ( 'NONE',  ( 0.01934165959544850363, 0.1998031496062994405, 0.07460629921259827324 ) ) ;
#1908 = CARTESIAN_POINT ( 'NONE',  ( 0.1464566929133862272, -0.1722440944881886149, 0.09311023622047295834 ) ) ;
#1909 = ORIENTED_EDGE ( 'NONE', *, *, #1564, .F. ) ;
#1910 = PRESENTATION_STYLE_ASSIGNMENT (( #5312 ) ) ;
#1911 = STYLED_ITEM ( 'NONE', ( #4947 ), #2792 ) ;
#1912 = ADVANCED_FACE ( 'NONE', ( #1272 ), #1301, .F. ) ;
#1913 = SURFACE_STYLE_FILL_AREA ( #4324 ) ;
#1914 = DIMENSIONAL_EXPONENTS ( 1.000000000000000000, 0.0000000000000000000, 0.0000000000000000000, 0.0000000000000000000, 0.0000000000000000000, 0.0000000000000000000, 0.0000000000000000000 ) ;
#1915 = ORIENTED_EDGE ( 'NONE', *, *, #1119, .F. ) ;
#1916 = UNCERTAINTY_MEASURE_WITH_UNIT (LENGTH_MEASURE( 1.000000000000000082E-05 ), #282, 'distance_accuracy_value', 'NONE');
#1917 = ADVANCED_FACE ( 'NONE', ( #3845 ), #2889, .F. ) ;
#1918 = EDGE_LOOP ( 'NONE', ( #5943, #907, #869, #1740, #5028, #2386 ) ) ;
#1919 = PRESENTATION_LAYER_ASSIGNMENT (  '', '', ( #2213 ) ) ;
#1920 = LINE ( 'NONE', #6286, #5211 ) ;
#1921 = DIRECTION ( 'NONE',  ( 1.000000000000000000, 1.807003620809174188E-15, 0.0000000000000000000 ) ) ;
#1922 = CARTESIAN_POINT ( 'NONE',  ( 0.01934165959544850363, 0.1998031496062994405, 0.08371173833560614785 ) ) ;
#1923 = PRODUCT_DEFINITION_CONTEXT ( 'detailed design', #317, 'design' ) ;
#1924 = EDGE_CURVE ( 'NONE', #2240, #5108, #5253, .T. ) ;
#1925 = ORIENTED_EDGE ( 'NONE', *, *, #1712, .T. ) ;
#1926 = ORIENTED_EDGE ( 'NONE', *, *, #570, .F. ) ;
#1927 = FILL_AREA_STYLE ('',( #3916 ) ) ;
#1928 = ORIENTED_EDGE ( 'NONE', *, *, #4474, .F. ) ;
#1929 = CARTESIAN_POINT ( 'NONE',  ( 0.06018589945968472882, 0.1998031496062995238, 0.07854330708661402816 ) ) ;
#1930 = CARTESIAN_POINT ( 'NONE',  ( 0.01934165959544861813, 0.1269685039370081203, -0.1253937007874016407 ) ) ;
#1931 =( NAMED_UNIT ( * ) SI_UNIT ( $, .STERADIAN. ) SOLID_ANGLE_UNIT ( ) );
#1932 = CARTESIAN_POINT ( 'NONE',  ( -0.1948818897637798475, 0.1564960629921260116, 0.1820866141732282728 ) ) ;
#1933 =( NAMED_UNIT ( * ) PLANE_ANGLE_UNIT ( ) SI_UNIT ( $, .RADIAN. ) );
#1934 = DIRECTION ( 'NONE',  ( 1.000000000000000000, 1.602884491801618981E-15, -5.779657525473999146E-13 ) ) ;
#1935 = PRESENTATION_STYLE_ASSIGNMENT (( #4377 ) ) ;
#1936 = CARTESIAN_POINT ( 'NONE',  ( -0.06929133858267749746, 0.1958661417322836440, -0.1253937007874017240 ) ) ;
#1937 = STYLED_ITEM ( 'NONE', ( #1430 ), #3379 ) ;
#1938 = VERTEX_POINT ( 'NONE', #4855 ) ;
#1939 = DIMENSIONAL_EXPONENTS ( 1.000000000000000000, 0.0000000000000000000, 0.0000000000000000000, 0.0000000000000000000, 0.0000000000000000000, 0.0000000000000000000, 0.0000000000000000000 ) ;
#1940 = LINE ( 'NONE', #3904, #6033 ) ;
#1941 = DIRECTION ( 'NONE',  ( -2.348093788196917952E-30, 1.644517855226018450E-15, 1.000000000000000000 ) ) ;
#1942 = CARTESIAN_POINT ( 'NONE',  ( 0.08720472440944883330, -0.05413385826771657111, -0.09251968503936991439 ) ) ;
#1943 = CARTESIAN_POINT ( 'NONE',  ( 0.1464566929133859496, -0.02263779527559014321, 0.1151574803149608972 ) ) ;
#1944 = ORIENTED_EDGE ( 'NONE', *, *, #23, .T. ) ;
#1945 = ORIENTED_EDGE ( 'NONE', *, *, #2220, .T. ) ;
#1946 = LINE ( 'NONE', #3875, #3291 ) ;
#1947 = PRESENTATION_STYLE_ASSIGNMENT (( #6188 ) ) ;
#1948 = EDGE_CURVE ( 'NONE', #3402, #3257, #3184, .T. ) ;
#1949 =( CONVERSION_BASED_UNIT ( 'INCH', #2321 ) LENGTH_UNIT ( ) NAMED_UNIT ( #3836 ) );
#1950 = PRESENTATION_STYLE_ASSIGNMENT (( #4795 ) ) ;
#1951 = VERTEX_POINT ( 'NONE', #4330 ) ;
#1952 = AXIS2_PLACEMENT_3D ( 'NONE', #3998, #1187, #5437 ) ;
#1953 = VERTEX_POINT ( 'NONE', #6256 ) ;
#1954 = FACE_OUTER_BOUND ( 'NONE', #5194, .T. ) ;
#1955 = EDGE_CURVE ( 'NONE', #1649, #3368, #1920, .T. ) ;
#1956 = EDGE_CURVE ( 'NONE', #3048, #429, #1946, .T. ) ;
#1957 = PRESENTATION_LAYER_ASSIGNMENT (  '', '', ( #4670 ) ) ;
#1958 = CARTESIAN_POINT ( 'NONE',  ( -0.1464566929133855611, -0.1722440944881890035, -0.08799212598425146248 ) ) ;
#1959 = FILL_AREA_STYLE_COLOUR ( '', #872 ) ;
#1960 =( CONVERSION_BASED_UNIT ( 'INCH', #4668 ) LENGTH_UNIT ( ) NAMED_UNIT ( #4883 ) );
#1961 = DIRECTION ( 'NONE',  ( -1.602884491802569164E-15, 1.000000000000000000, -1.644517855226017859E-15 ) ) ;
#1962 = CARTESIAN_POINT ( 'NONE',  ( 0.1948818897637792369, 0.2037401574803158477, 0.1486812620939762519 ) ) ;
#1963 = COLOUR_RGB ( '',0.7607843137254901578, 0.7607843137254901578, 0.0000000000000000000 ) ;
#1964 = STYLED_ITEM ( 'NONE', ( #4733 ), #4016 ) ;
#1965 = FACE_OUTER_BOUND ( 'NONE', #3952, .T. ) ;
#1966 = DIRECTION ( 'NONE',  ( -1.602884491802569361E-15, 1.000000000000000000, -1.644517855226017859E-15 ) ) ;
#1967 =( GEOMETRIC_REPRESENTATION_CONTEXT ( 3 ) GLOBAL_UNCERTAINTY_ASSIGNED_CONTEXT ( ( #6223 ) ) GLOBAL_UNIT_ASSIGNED_CONTEXT ( ( #1518, #5335, #81 ) ) REPRESENTATION_CONTEXT ( 'NONE', 'WORKASPACE' ) );
#1968 = EDGE_LOOP ( 'NONE', ( #2802, #1006, #1835, #4 ) ) ;
#1969 = LENGTH_MEASURE_WITH_UNIT ( LENGTH_MEASURE( 0.02539999999999999897 ), #1034 );
#1970 =( NAMED_UNIT ( * ) PLANE_ANGLE_UNIT ( ) SI_UNIT ( $, .RADIAN. ) );
#1971 = DIRECTION ( 'NONE',  ( 6.749499564049081992E-10, 1.000000000000000000, -1.644517855226017859E-15 ) ) ;
#1972 = MECHANICAL_DESIGN_GEOMETRIC_PRESENTATION_REPRESENTATION (  '', ( #3067 ), #2567 ) ;
#1973 = PRESENTATION_STYLE_ASSIGNMENT (( #4385 ) ) ;
#1974 =( LENGTH_UNIT ( ) NAMED_UNIT ( * ) SI_UNIT ( $, .METRE. ) );
#1975 =( CONVERSION_BASED_UNIT ( 'INCH', #2116 ) LENGTH_UNIT ( ) NAMED_UNIT ( #4374 ) );
#1976 = ORIENTED_EDGE ( 'NONE', *, *, #1639, .T. ) ;
#1977 = MECHANICAL_DESIGN_GEOMETRIC_PRESENTATION_REPRESENTATION (  '', ( #5082 ), #3270 ) ;
#1978 = UNCERTAINTY_MEASURE_WITH_UNIT (LENGTH_MEASURE( 1.000000000000000082E-05 ), #353, 'distance_accuracy_value', 'NONE');
#1979 = ORIENTED_EDGE ( 'NONE', *, *, #4990, .T. ) ;
#1980 = PRESENTATION_STYLE_ASSIGNMENT (( #4907 ) ) ;
#1981 = DIRECTION ( 'NONE',  ( 0.7956271577885687396, 2.392722035830077690E-15, 0.6057866173738768456 ) ) ;
#1982 = SURFACE_STYLE_FILL_AREA ( #5936 ) ;
#1983 = ORIENTED_EDGE ( 'NONE', *, *, #316, .T. ) ;
#1984 = DIMENSIONAL_EXPONENTS ( 1.000000000000000000, 0.0000000000000000000, 0.0000000000000000000, 0.0000000000000000000, 0.0000000000000000000, 0.0000000000000000000, 0.0000000000000000000 ) ;
#1985 = LINE ( 'NONE', #425, #3012 ) ;
#1986 = ORIENTED_EDGE ( 'NONE', *, *, #3575, .T. ) ;
#1987 =( LENGTH_UNIT ( ) NAMED_UNIT ( * ) SI_UNIT ( $, .METRE. ) );
#1988 = VERTEX_POINT ( 'NONE', #5987 ) ;
#1989 = LINE ( 'NONE', #4461, #2893 ) ;
#1990 = DIRECTION ( 'NONE',  ( 1.000000000000000000, 1.602884491802764604E-15, 1.187510765328999591E-13 ) ) ;
#1991 =( NAMED_UNIT ( * ) PLANE_ANGLE_UNIT ( ) SI_UNIT ( $, .RADIAN. ) );
#1992 = EDGE_CURVE ( 'NONE', #5172, #2623, #674, .T. ) ;
#1993 = DIRECTION ( 'NONE',  ( -1.602884491802569361E-15, 1.000000000000000000, -1.644517855226017859E-15 ) ) ;
#1994 = EDGE_CURVE ( 'NONE', #1342, #1493, #4821, .T. ) ;
#1995 = COLOUR_RGB ( '',1.000000000000000000, 1.000000000000000000, 1.000000000000000000 ) ;
#1996 = DIRECTION ( 'NONE',  ( 2.348093788196917952E-30, -1.644517855226018450E-15, -1.000000000000000000 ) ) ;
#1997 = AXIS2_PLACEMENT_3D ( 'NONE', #4361, #66, #2982 ) ;
#1998 = AXIS2_PLACEMENT_3D ( 'NONE', #706, #6120, #4651 ) ;
#1999 = CARTESIAN_POINT ( 'NONE',  ( -0.1499999999999997446, -0.1564960629921260948, 0.09468503937007924365 ) ) ;
#2000 = EDGE_CURVE ( 'NONE', #158, #4295, #1275, .T. ) ;
#2001 = DIRECTION ( 'NONE',  ( 1.594929680954394613E-15, -0.9950371902099890420, 0.09950371902100052512 ) ) ;
#2002 = LENGTH_MEASURE_WITH_UNIT ( LENGTH_MEASURE( 0.02539999999999999897 ), #6208 );
#2003 = VECTOR ( 'NONE', #1524, 39.37007874015748143 ) ;
#2004 =( NAMED_UNIT ( * ) PLANE_ANGLE_UNIT ( ) SI_UNIT ( $, .RADIAN. ) );
#2005 =( GEOMETRIC_REPRESENTATION_CONTEXT ( 3 ) GLOBAL_UNCERTAINTY_ASSIGNED_CONTEXT ( ( #1848 ) ) GLOBAL_UNIT_ASSIGNED_CONTEXT ( ( #6309, #3481, #5829 ) ) REPRESENTATION_CONTEXT ( 'NONE', 'WORKASPACE' ) );
#2006 = DIRECTION ( 'NONE',  ( 1.602884491802569361E-15, -1.000000000000000000, 1.644517855226017859E-15 ) ) ;
#2007 = COLOUR_RGB ( '',1.000000000000000000, 1.000000000000000000, 1.000000000000000000 ) ;
#2008 = ORIENTED_EDGE ( 'NONE', *, *, #2253, .F. ) ;
#2009 = EDGE_LOOP ( 'NONE', ( #3417, #1265, #5349, #2152 ) ) ;
#2010 = FILL_AREA_STYLE ('',( #3976 ) ) ;
#2011 = DIRECTION ( 'NONE',  ( -1.594929680954394613E-15, 0.9950371902099890420, -0.09950371902100052512 ) ) ;
#2012 = FILL_AREA_STYLE ('',( #525 ) ) ;
#2013 = ORIENTED_EDGE ( 'NONE', *, *, #2132, .T. ) ;
#2014 =( GEOMETRIC_REPRESENTATION_CONTEXT ( 3 ) GLOBAL_UNCERTAINTY_ASSIGNED_CONTEXT ( ( #610 ) ) GLOBAL_UNIT_ASSIGNED_CONTEXT ( ( #2227, #4173, #5676 ) ) REPRESENTATION_CONTEXT ( 'NONE', 'WORKASPACE' ) );
#2015 = CARTESIAN_POINT ( 'NONE',  ( 0.1464566929133855611, 0.2273622047244099331, -0.1458661417322836273 ) ) ;
#2016 = PRESENTATION_LAYER_ASSIGNMENT (  '', '', ( #3829 ) ) ;
#2017 = ORIENTED_EDGE ( 'NONE', *, *, #3378, .T. ) ;
#2018 =( NAMED_UNIT ( * ) SI_UNIT ( $, .STERADIAN. ) SOLID_ANGLE_UNIT ( ) );
#2019 = ORIENTED_EDGE ( 'NONE', *, *, #4690, .T. ) ;
#2020 = FILL_AREA_STYLE_COLOUR ( '', #5208 ) ;
#2021 = FACE_OUTER_BOUND ( 'NONE', #1623, .T. ) ;
#2022 =( LENGTH_UNIT ( ) NAMED_UNIT ( * ) SI_UNIT ( $, .METRE. ) );
#2023 = SURFACE_STYLE_FILL_AREA ( #5756 ) ;
#2024 = DIMENSIONAL_EXPONENTS ( 1.000000000000000000, 0.0000000000000000000, 0.0000000000000000000, 0.0000000000000000000, 0.0000000000000000000, 0.0000000000000000000, 0.0000000000000000000 ) ;
#2025 = SURFACE_STYLE_USAGE ( .BOTH. , #3055 ) ;
#2026 = EDGE_CURVE ( 'NONE', #1202, #4041, #2544, .T. ) ;
#2027 = CARTESIAN_POINT ( 'NONE',  ( 0.06929133858267687296, 0.1958661417322837550, 0.07460629921259828712 ) ) ;
#2028 = EDGE_CURVE ( 'NONE', #2884, #5421, #752, .T. ) ;
#2029 = CARTESIAN_POINT ( 'NONE',  ( 0.06743043410952725969, 0.1998031496062995793, -0.01077230849836236654 ) ) ;
#2030 = DIRECTION ( 'NONE',  ( -1.602884491802569361E-15, 1.000000000000000000, -1.644517855226017859E-15 ) ) ;
#2031 =( NAMED_UNIT ( * ) SI_UNIT ( $, .STERADIAN. ) SOLID_ANGLE_UNIT ( ) );
#2032 = CARTESIAN_POINT ( 'NONE',  ( 0.1464566929133861717, -0.1407480314960626033, -0.006889763779527091452 ) ) ;
#2033 = CARTESIAN_POINT ( 'NONE',  ( 0.06743043410952737071, 0.1269685039370082313, -0.1107723084983661815 ) ) ;
#2034 = ADVANCED_FACE ( 'NONE', ( #3612 ), #128, .T. ) ;
#2035 = MECHANICAL_DESIGN_GEOMETRIC_PRESENTATION_REPRESENTATION (  '', ( #4863 ), #3240 ) ;
#2036 = EDGE_CURVE ( 'NONE', #2479, #511, #5059, .T. ) ;
#2037 = UNCERTAINTY_MEASURE_WITH_UNIT (LENGTH_MEASURE( 1.000000000000000082E-05 ), #3517, 'distance_accuracy_value', 'NONE');
#2038 = ORIENTED_EDGE ( 'NONE', *, *, #2374, .T. ) ;
#2039 = EDGE_LOOP ( 'NONE', ( #580, #612, #1355, #5233 ) ) ;
#2040 = DIRECTION ( 'NONE',  ( 1.602884491802569361E-15, -1.000000000000000000, 1.548860246407864322E-15 ) ) ;
#2041 = DIRECTION ( 'NONE',  ( -2.348093788196916901E-30, 1.644517855226017859E-15, 1.000000000000000000 ) ) ;
#2042 = FILL_AREA_STYLE_COLOUR ( '', #3825 ) ;
#2043 = VERTEX_POINT ( 'NONE', #4044 ) ;
#2044 = CARTESIAN_POINT ( 'NONE',  ( 0.06429804372452725680, 0.1998031496062995793, 0.1214250117163778037 ) ) ;
#2045 = VECTOR ( 'NONE', #3708, 39.37007874015748143 ) ;
#2046 = ORIENTED_EDGE ( 'NONE', *, *, #1956, .F. ) ;
#2047 = CARTESIAN_POINT ( 'NONE',  ( 0.1535433070866144833, -0.1407480314960626311, 0.09311023622047291670 ) ) ;
#2048 = ORIENTED_EDGE ( 'NONE', *, *, #2880, .T. ) ;
#2049 = CARTESIAN_POINT ( 'NONE',  ( -2.057162640966502078E-16, 0.1269685039370080371, -0.04586614173228350383 ) ) ;
#2050 =( GEOMETRIC_REPRESENTATION_CONTEXT ( 3 ) GLOBAL_UNCERTAINTY_ASSIGNED_CONTEXT ( ( #4191 ) ) GLOBAL_UNIT_ASSIGNED_CONTEXT ( ( #2753, #311, #3355 ) ) REPRESENTATION_CONTEXT ( 'NONE', 'WORKASPACE' ) );
#2051 = STYLED_ITEM ( 'NONE', ( #3032 ), #3564 ) ;
#2052 = CARTESIAN_POINT ( 'NONE',  ( 0.01934165959544861813, 0.1269685039370082313, -0.06633858267716538637 ) ) ;
#2053 = CARTESIAN_POINT ( 'NONE',  ( 0.06018589945968479821, 0.1564960629921263446, 0.1336614173228345692 ) ) ;
#2054 = PRODUCT_DEFINITION_SHAPE ( 'NONE', 'NONE',  #1864 ) ;
#2055 = FILL_AREA_STYLE ('',( #2641 ) ) ;
#2056 = SURFACE_STYLE_USAGE ( .BOTH. , #630 ) ;
#2057 = COLOUR_RGB ( '',1.000000000000000000, 1.000000000000000000, 1.000000000000000000 ) ;
#2058 = MECHANICAL_DESIGN_GEOMETRIC_PRESENTATION_REPRESENTATION (  '', ( #1857 ), #1143 ) ;
#2059 = FILL_AREA_STYLE ('',( #3865 ) ) ;
#2060 = DIRECTION ( 'NONE',  ( 1.594929680954394613E-15, -0.9950371902099890420, 0.09950371902100052512 ) ) ;
#2061 = DIRECTION ( 'NONE',  ( -1.000000000000000000, -1.602884491802569361E-15, 2.711709361697226329E-31 ) ) ;
#2062 = DIRECTION ( 'NONE',  ( 1.000000000000000000, 1.602884491802569361E-15, -2.711709361697226329E-31 ) ) ;
#2063 = CIRCLE ( 'NONE', #5284, 0.02460629921259843353 ) ;
#2064 = VECTOR ( 'NONE', #1188, 39.37007874015748143 ) ;
#2065 = VERTEX_POINT ( 'NONE', #3578 ) ;
#2066 = ADVANCED_FACE ( 'NONE', ( #4943 ), #704, .T. ) ;
#2067 = STYLED_ITEM ( 'NONE', ( #1947 ), #5698 ) ;
#2068 = EDGE_CURVE ( 'NONE', #2479, #5750, #3642, .T. ) ;
#2069 = EDGE_LOOP ( 'NONE', ( #1804, #420, #222, #5293 ) ) ;
#2070 = ORIENTED_EDGE ( 'NONE', *, *, #2103, .T. ) ;
#2071 = EDGE_CURVE ( 'NONE', #6053, #3948, #3705, .T. ) ;
#2072 = DIRECTION ( 'NONE',  ( -1.602884491802569361E-15, 1.000000000000000000, -1.644517855226017859E-15 ) ) ;
#2073 = DIRECTION ( 'NONE',  ( 1.000000000000000000, 1.875148439272792120E-15, 1.586961563512055104E-11 ) ) ;
#2074 = ORIENTED_EDGE ( 'NONE', *, *, #3453, .F. ) ;
#2075 = AXIS2_PLACEMENT_3D ( 'NONE', #5795, #4353, #1941 ) ;
#2076 = LINE ( 'NONE', #5909, #3991 ) ;
#2077 = EDGE_CURVE ( 'NONE', #856, #5603, #3919, .T. ) ;
#2078 = CARTESIAN_POINT ( 'NONE',  ( -0.06889763779527587062, 0.1564960629921262059, 0.1820866141732282728 ) ) ;
#2079 = VERTEX_POINT ( 'NONE', #3243 ) ;
#2080 = DIRECTION ( 'NONE',  ( 2.348093788196916901E-30, -1.644517855226017859E-15, -1.000000000000000000 ) ) ;
#2081 = VECTOR ( 'NONE', #5551, 39.37007874015748143 ) ;
#2082 = LENGTH_MEASURE_WITH_UNIT ( LENGTH_MEASURE( 0.02539999999999999897 ), #1115 );
#2083 = DIRECTION ( 'NONE',  ( -1.000000000000000000, -1.602884491802569361E-15, 2.878783784372901366E-31 ) ) ;
#2084 = DIRECTION ( 'NONE',  ( 1.000000000000000000, 1.602884491802569361E-15, -2.711709361697226329E-31 ) ) ;
#2085 = TOROIDAL_SURFACE ( 'NONE', #3083, 0.02854330708661417110, 0.003937007874015747977 ) ;
#2086 = FACE_OUTER_BOUND ( 'NONE', #2420, .T. ) ;
#2087 = DIRECTION ( 'NONE',  ( -1.000000000000000000, -1.602884491802569361E-15, 2.711709361697226329E-31 ) ) ;
#2088 = FILL_AREA_STYLE ('',( #5491 ) ) ;
#2089 = VECTOR ( 'NONE', #2363, 39.37007874015748143 ) ;
#2090 =( NAMED_UNIT ( * ) PLANE_ANGLE_UNIT ( ) SI_UNIT ( $, .RADIAN. ) );
#2091 = ORIENTED_EDGE ( 'NONE', *, *, #762, .T. ) ;
#2092 = LINE ( 'NONE', #6308, #5920 ) ;
#2093 = CARTESIAN_POINT ( 'NONE',  ( 0.1535433070866144833, -0.1407480314960625478, -0.08484251968503893349 ) ) ;
#2094 = VERTEX_POINT ( 'NONE', #5557 ) ;
#2095 = AXIS2_PLACEMENT_3D ( 'NONE', #457, #4790, #2448 ) ;
#2096 = COLOUR_RGB ( '',1.000000000000000000, 1.000000000000000000, 1.000000000000000000 ) ;
#2097 = ORIENTED_EDGE ( 'NONE', *, *, #5184, .T. ) ;
#2098 = UNCERTAINTY_MEASURE_WITH_UNIT (LENGTH_MEASURE( 1.000000000000000082E-05 ), #5033, 'distance_accuracy_value', 'NONE');
#2099 = VECTOR ( 'NONE', #3436, 39.37007874015748143 ) ;
#2100 = ORIENTED_EDGE ( 'NONE', *, *, #2140, .F. ) ;
#2101 = DIRECTION ( 'NONE',  ( 1.602884491802569361E-15, -1.000000000000000000, 1.644517855226017859E-15 ) ) ;
#2102 = VERTEX_POINT ( 'NONE', #5596 ) ;
#2103 = EDGE_CURVE ( 'NONE', #4167, #3645, #4193, .T. ) ;
#2104 = VECTOR ( 'NONE', #750, 39.37007874015748143 ) ;
#2105 = ADVANCED_FACE ( 'NONE', ( #2243 ), #5116, .T. ) ;
#2106 = LINE ( 'NONE', #135, #5235 ) ;
#2107 = AXIS2_PLACEMENT_3D ( 'NONE', #230, #690, #6094 ) ;
#2108 = DIRECTION ( 'NONE',  ( -1.602884491802569361E-15, 1.000000000000000000, -1.644517855226017859E-15 ) ) ;
#2109 = LENGTH_MEASURE_WITH_UNIT ( LENGTH_MEASURE( 0.02539999999999999897 ), #3500 );
#2110 = EDGE_CURVE ( 'NONE', #3147, #5647, #1385, .T. ) ;
#2111 = MECHANICAL_DESIGN_GEOMETRIC_PRESENTATION_REPRESENTATION (  '', ( #6154 ), #3626 ) ;
#2112 = PRESENTATION_STYLE_ASSIGNMENT (( #4088 ) ) ;
#2113 =( NAMED_UNIT ( * ) SI_UNIT ( $, .STERADIAN. ) SOLID_ANGLE_UNIT ( ) );
#2114 = STYLED_ITEM ( 'NONE', ( #6233 ), #3172 ) ;
#2115 = PRESENTATION_STYLE_ASSIGNMENT (( #4521 ) ) ;
#2116 = LENGTH_MEASURE_WITH_UNIT ( LENGTH_MEASURE( 0.02539999999999999897 ), #5018 );
#2117 = FILL_AREA_STYLE_COLOUR ( '', #2196 ) ;
#2118 = CARTESIAN_POINT ( 'NONE',  ( 0.01934165959544849669, 0.2037401574803152093, 0.07854330708661401428 ) ) ;
#2119 = LINE ( 'NONE', #4064, #1752 ) ;
#2120 = ORIENTED_EDGE ( 'NONE', *, *, #1415, .F. ) ;
#2121 = SURFACE_STYLE_FILL_AREA ( #2298 ) ;
#2122 = ORIENTED_EDGE ( 'NONE', *, *, #2708, .F. ) ;
#2123 = ORIENTED_EDGE ( 'NONE', *, *, #4207, .F. ) ;
#2124 = CARTESIAN_POINT ( 'NONE',  ( 0.1535433070866143168, -0.02263779527559009463, -0.1068897637795273164 ) ) ;
#2125 = VERTEX_POINT ( 'NONE', #2821 ) ;
#2126 = DIRECTION ( 'NONE',  ( 1.000000000000000000, 1.602884491802569361E-15, -2.711709361697226329E-31 ) ) ;
#2127 = FILL_AREA_STYLE_COLOUR ( '', #4328 ) ;
#2128 = ORIENTED_EDGE ( 'NONE', *, *, #1176, .F. ) ;
#2129 = CARTESIAN_POINT ( 'NONE',  ( -0.1464566929133855611, -0.1722440944881890590, 0.1120078740157485764 ) ) ;
#2130 = DIRECTION ( 'NONE',  ( 0.7956271577883997637, 0.0000000000000000000, -0.6057866173740987792 ) ) ;
#2131 = PRESENTATION_LAYER_ASSIGNMENT (  '', '', ( #4863 ) ) ;
#2132 = EDGE_CURVE ( 'NONE', #5466, #4941, #1773, .T. ) ;
#2133 = CARTESIAN_POINT ( 'NONE',  ( 0.1948818897637793202, 0.1564960629921266222, 0.1820866141732282728 ) ) ;
#2134 = LINE ( 'NONE', #2491, #2461 ) ;
#2135 = SURFACE_STYLE_FILL_AREA ( #3892 ) ;
#2136 = ADVANCED_FACE ( 'NONE', ( #2216, #4256, #5699 ), #801, .F. ) ;
#2137 = FILL_AREA_STYLE ('',( #1700 ) ) ;
#2138 =( GEOMETRIC_REPRESENTATION_CONTEXT ( 3 ) GLOBAL_UNCERTAINTY_ASSIGNED_CONTEXT ( ( #356 ) ) GLOBAL_UNIT_ASSIGNED_CONTEXT ( ( #4125, #1705, #2209 ) ) REPRESENTATION_CONTEXT ( 'NONE', 'WORKASPACE' ) );
#2139 = ADVANCED_FACE ( 'NONE', ( #6180 ), #6049, .T. ) ;
#2140 = EDGE_CURVE ( 'NONE', #5392, #3096, #1940, .T. ) ;
#2141 = CYLINDRICAL_SURFACE ( 'NONE', #3997, 0.02460629921259842659 ) ;
#2142 = DIRECTION ( 'NONE',  ( -1.602884491802569361E-15, 1.000000000000000000, -1.644517855226017859E-15 ) ) ;
#2143 = MECHANICAL_DESIGN_GEOMETRIC_PRESENTATION_REPRESENTATION (  '', ( #3552 ), #2741 ) ;
#2144 = CARTESIAN_POINT ( 'NONE',  ( -0.06929133858267740032, 0.1269685039370079538, -0.02539370078740161782 ) ) ;
#2145 = VECTOR ( 'NONE', #1836, 39.37007874015748143 ) ;
#2146 = ORIENTED_EDGE ( 'NONE', *, *, #4995, .F. ) ;
#2147 = MECHANICAL_DESIGN_GEOMETRIC_PRESENTATION_REPRESENTATION (  '', ( #2051 ), #507 ) ;
#2148 =( LENGTH_UNIT ( ) NAMED_UNIT ( * ) SI_UNIT ( $, .METRE. ) );
#2149 = FILL_AREA_STYLE_COLOUR ( '', #2403 ) ;
#2150 = CARTESIAN_POINT ( 'NONE',  ( 0.1952755905511816270, -0.02263779527559005994, -0.006889763779527295282 ) ) ;
#2151 = VERTEX_POINT ( 'NONE', #2882 ) ;
#2152 = ORIENTED_EDGE ( 'NONE', *, *, #4207, .T. ) ;
#2153 = AXIS2_PLACEMENT_3D ( 'NONE', #5697, #5176, #908 ) ;
#2154 = VECTOR ( 'NONE', #566, 39.37007874015748143 ) ;
#2155 = UNCERTAINTY_MEASURE_WITH_UNIT (LENGTH_MEASURE( 1.000000000000000082E-05 ), #3553, 'distance_accuracy_value', 'NONE');
#2156 = LINE ( 'NONE', #1684, #4977 ) ;
#2157 = VECTOR ( 'NONE', #1287, 39.37007874015748143 ) ;
#2158 = EDGE_LOOP ( 'NONE', ( #75, #4499, #6218, #1849 ) ) ;
#2159 = COLOUR_RGB ( '',1.000000000000000000, 1.000000000000000000, 1.000000000000000000 ) ;
#2160 = CARTESIAN_POINT ( 'NONE',  ( -0.06929133858267740032, 0.1269685039370079538, -0.02539370078740161782 ) ) ;
#2161 = FACE_OUTER_BOUND ( 'NONE', #5158, .T. ) ;
#2162 = PRESENTATION_LAYER_ASSIGNMENT (  '', '', ( #3067 ) ) ;
#2163 = FACE_OUTER_BOUND ( 'NONE', #894, .T. ) ;
#2164 = CYLINDRICAL_SURFACE ( 'NONE', #5804, 0.009105439123007878083 ) ;
#2165 =( LENGTH_UNIT ( ) NAMED_UNIT ( * ) SI_UNIT ( $, .METRE. ) );
#2166 = COLOUR_RGB ( '',0.7607843137254901578, 0.7607843137254901578, 0.0000000000000000000 ) ;
#2167 = FACE_OUTER_BOUND ( 'NONE', #5316, .T. ) ;
#2168 = FILL_AREA_STYLE_COLOUR ( '', #1089 ) ;
#2169 = FACE_OUTER_BOUND ( 'NONE', #4500, .T. ) ;
#2170 = CARTESIAN_POINT ( 'NONE',  ( 0.06929133858267692847, 0.1564960629921262336, 0.07460629921259835651 ) ) ;
#2171 = AXIS2_PLACEMENT_3D ( 'NONE', #547, #2538, #5346 ) ;
#2172 = ADVANCED_FACE ( 'NONE', ( #4901 ), #1906, .F. ) ;
#2173 = SURFACE_STYLE_USAGE ( .BOTH. , #3142 ) ;
#2174 = CARTESIAN_POINT ( 'NONE',  ( 0.1535433070866145389, -0.1722440944881885316, -0.08799212598425146248 ) ) ;
#2175 = DIRECTION ( 'NONE',  ( 0.7715274047096021270, 2.282905139954359211E-15, 0.6361960890968018090 ) ) ;
#2176 = EDGE_CURVE ( 'NONE', #323, #3732, #2850, .T. ) ;
#2177 = SURFACE_SIDE_STYLE ('',( #732 ) ) ;
#2178 = VECTOR ( 'NONE', #1335, 39.37007874015748143 ) ;
#2179 = FILL_AREA_STYLE ('',( #3118 ) ) ;
#2180 = ORIENTED_EDGE ( 'NONE', *, *, #5262, .T. ) ;
#2181 = CARTESIAN_POINT ( 'NONE',  ( -0.1464566929133855611, -0.1722440944881890312, 0.01200787401574855001 ) ) ;
#2182 = ORIENTED_EDGE ( 'NONE', *, *, #243, .T. ) ;
#2183 = ORIENTED_EDGE ( 'NONE', *, *, #3447, .T. ) ;
#2184 = PRESENTATION_LAYER_ASSIGNMENT (  '', '', ( #1376 ) ) ;
#2185 = EDGE_CURVE ( 'NONE', #1253, #511, #2441, .T. ) ;
#2186 = AXIS2_PLACEMENT_3D ( 'NONE', #5089, #2722, #6187 ) ;
#2187 = DIRECTION ( 'NONE',  ( 1.602884491802569361E-15, -1.000000000000000000, 1.644517855226018450E-15 ) ) ;
#2188 = CARTESIAN_POINT ( 'NONE',  ( 0.08700787401574773539, 0.2037401574803153481, 0.1041338582677163865 ) ) ;
#2189 = VERTEX_POINT ( 'NONE', #2944 ) ;
#2190 = CARTESIAN_POINT ( 'NONE',  ( -0.1535433070866145111, 0.2273622047244094335, -0.1458661417322836273 ) ) ;
#2191 = CARTESIAN_POINT ( 'NONE',  ( 0.1535433070866145389, -0.1722440944881885871, -0.003740157480314449702 ) ) ;
#2192 = VECTOR ( 'NONE', #2587, 39.37007874015748854 ) ;
#2193 =( GEOMETRIC_REPRESENTATION_CONTEXT ( 3 ) GLOBAL_UNCERTAINTY_ASSIGNED_CONTEXT ( ( #5962 ) ) GLOBAL_UNIT_ASSIGNED_CONTEXT ( ( #5279, #2883, #5732 ) ) REPRESENTATION_CONTEXT ( 'NONE', 'WORKASPACE' ) );
#2194 = PLANE ( 'NONE',  #4140 ) ;
#2195 = CARTESIAN_POINT ( 'NONE',  ( 0.01934165959544861813, 0.1269685039370080926, 0.07460629921259839814 ) ) ;
#2196 = COLOUR_RGB ( '',1.000000000000000000, 1.000000000000000000, 1.000000000000000000 ) ;
#2197 = AXIS2_PLACEMENT_3D ( 'NONE', #4369, #431, #2837 ) ;
#2198 = DIRECTION ( 'NONE',  ( 1.766520851300210063E-16, -1.634031787452694499E-15, -1.000000000000000000 ) ) ;
#2199 = VECTOR ( 'NONE', #4550, 39.37007874015748143 ) ;
#2200 = CIRCLE ( 'NONE', #4530, 0.009105439123007878083 ) ;
#2201 = CARTESIAN_POINT ( 'NONE',  ( 0.06018589945968484678, 0.1269685039370083146, -0.06633858267716538637 ) ) ;
#2202 = VECTOR ( 'NONE', #1883, 39.37007874015748143 ) ;
#2203 = PLANE ( 'NONE',  #1029 ) ;
#2204 = PRESENTATION_STYLE_ASSIGNMENT (( #3725 ) ) ;
#2205 = CIRCLE ( 'NONE', #2609, 0.005168431248992117963 ) ;
#2206 = CARTESIAN_POINT ( 'NONE',  ( 0.06929133858267687296, 0.1958661417322838938, 0.03366141732283450816 ) ) ;
#2207 =( LENGTH_UNIT ( ) NAMED_UNIT ( * ) SI_UNIT ( $, .METRE. ) );
#2208 = ORIENTED_EDGE ( 'NONE', *, *, #3561, .T. ) ;
#2209 =( NAMED_UNIT ( * ) SI_UNIT ( $, .STERADIAN. ) SOLID_ANGLE_UNIT ( ) );
#2210 = ORIENTED_EDGE ( 'NONE', *, *, #3888, .T. ) ;
#2211 =( LENGTH_UNIT ( ) NAMED_UNIT ( * ) SI_UNIT ( $, .METRE. ) );
#2212 = ORIENTED_EDGE ( 'NONE', *, *, #3799, .F. ) ;
#2213 = STYLED_ITEM ( 'NONE', ( #1637 ), #2956 ) ;
#2214 = UNCERTAINTY_MEASURE_WITH_UNIT (LENGTH_MEASURE( 1.000000000000000082E-05 ), #2935, 'distance_accuracy_value', 'NONE');
#2215 = DIRECTION ( 'NONE',  ( 1.000000000000000000, 1.602884491802569361E-15, 0.0000000000000000000 ) ) ;
#2216 = FACE_BOUND ( 'NONE', #4735, .T. ) ;
#2217 = FILL_AREA_STYLE ('',( #247 ) ) ;
#2218 = EDGE_CURVE ( 'NONE', #6053, #4798, #5867, .T. ) ;
#2219 = ORIENTED_EDGE ( 'NONE', *, *, #3849, .F. ) ;
#2220 = EDGE_CURVE ( 'NONE', #3212, #4043, #231, .T. ) ;
#2221 = CARTESIAN_POINT ( 'NONE',  ( 0.06929133858267698398, 0.1269685039370082591, 0.03366141732283462612 ) ) ;
#2222 = VERTEX_POINT ( 'NONE', #5763 ) ;
#2223 = DIRECTION ( 'NONE',  ( 1.000000000000000000, 1.602884491802569361E-15, -2.711709361697226329E-31 ) ) ;
#2224 = SURFACE_STYLE_FILL_AREA ( #1720 ) ;
#2225 = CARTESIAN_POINT ( 'NONE',  ( 0.06743043410952737071, 0.1269685039370082036, -0.01077230849836617599 ) ) ;
#2226 = MECHANICAL_DESIGN_GEOMETRIC_PRESENTATION_REPRESENTATION (  '', ( #588 ), #3856 ) ;
#2227 =( CONVERSION_BASED_UNIT ( 'INCH', #3227 ) LENGTH_UNIT ( ) NAMED_UNIT ( #1721 ) );
#2228 = FILL_AREA_STYLE ('',( #260 ) ) ;
#2229 = CYLINDRICAL_SURFACE ( 'NONE', #1582, 0.02460629921259843006 ) ;
#2230 = CARTESIAN_POINT ( 'NONE',  ( 0.01934165959544849669, 0.2037401574803152926, 0.1297244094488187449 ) ) ;
#2231 = CARTESIAN_POINT ( 'NONE',  ( 0.1948818897637796532, -0.05413385826771635601, -0.07381889763779500568 ) ) ;
#2232 = SURFACE_STYLE_USAGE ( .BOTH. , #2808 ) ;
#2233 = CARTESIAN_POINT ( 'NONE',  ( -0.1499999999999997446, -0.1564960629921260393, -0.1053149606299207813 ) ) ;
#2234 = STYLED_ITEM ( 'NONE', ( #5136 ), #6241 ) ;
#2235 = FILL_AREA_STYLE_COLOUR ( '', #1158 ) ;
#2236 = ORIENTED_EDGE ( 'NONE', *, *, #2957, .T. ) ;
#2237 = PLANE ( 'NONE',  #4661 ) ;
#2238 =( LENGTH_UNIT ( ) NAMED_UNIT ( * ) SI_UNIT ( $, .METRE. ) );
#2239 = VERTEX_POINT ( 'NONE', #5278 ) ;
#2240 = VERTEX_POINT ( 'NONE', #946 ) ;
#2241 = MECHANICAL_DESIGN_GEOMETRIC_PRESENTATION_REPRESENTATION (  '', ( #1561 ), #812 ) ;
#2242 = DIRECTION ( 'NONE',  ( 0.7956271577885690727, 2.775557561562890562E-15, 0.6057866173738766236 ) ) ;
#2243 = FACE_OUTER_BOUND ( 'NONE', #1678, .T. ) ;
#2244 = SURFACE_SIDE_STYLE ('',( #276 ) ) ;
#2245 = LINE ( 'NONE', #1688, #4129 ) ;
#2246 = EDGE_LOOP ( 'NONE', ( #2183, #1832, #4589, #4239, #5447, #1507 ) ) ;
#2247 = AXIS2_PLACEMENT_3D ( 'NONE', #1261, #6016, #2215 ) ;
#2248 = MECHANICAL_DESIGN_GEOMETRIC_PRESENTATION_REPRESENTATION (  '', ( #4974 ), #2862 ) ;
#2249 = EDGE_CURVE ( 'NONE', #1257, #2884, #6244, .T. ) ;
#2250 = DIRECTION ( 'NONE',  ( -1.000000000000000000, -1.602884491802569361E-15, 2.711709361697226329E-31 ) ) ;
#2251 = ORIENTED_EDGE ( 'NONE', *, *, #57, .T. ) ;
#2252 =( NAMED_UNIT ( * ) PLANE_ANGLE_UNIT ( ) SI_UNIT ( $, .RADIAN. ) );
#2253 = EDGE_CURVE ( 'NONE', #3096, #2449, #4417, .T. ) ;
#2254 = VECTOR ( 'NONE', #2989, 39.37007874015748854 ) ;
#2255 = CARTESIAN_POINT ( 'NONE',  ( -0.1535433070866139282, -0.1407480314960631307, 0.1151574803149610915 ) ) ;
#2256 = VECTOR ( 'NONE', #4376, 39.37007874015748143 ) ;
#2257 = CARTESIAN_POINT ( 'NONE',  ( -0.1535433070866139282, -0.1407480314960631029, -0.1068897637795270944 ) ) ;
#2258 = STYLED_ITEM ( 'NONE', ( #1759 ), #4655 ) ;
#2259 = FILL_AREA_STYLE ('',( #2293 ) ) ;
#2260 = EDGE_CURVE ( 'NONE', #4726, #707, #5945, .T. ) ;
#2261 = FILL_AREA_STYLE_COLOUR ( '', #372 ) ;
#2262 = ORIENTED_EDGE ( 'NONE', *, *, #1241, .T. ) ;
#2263 = AXIS2_PLACEMENT_3D ( 'NONE', #5044, #5639, #6127 ) ;
#2264 = DIRECTION ( 'NONE',  ( -1.000000000000000000, -1.602884491802569361E-15, 2.711709361697226329E-31 ) ) ;
#2265 = LINE ( 'NONE', #1248, #3354 ) ;
#2266 = FACE_OUTER_BOUND ( 'NONE', #3711, .T. ) ;
#2267 = PLANE ( 'NONE',  #2671 ) ;
#2268 = CYLINDRICAL_SURFACE ( 'NONE', #3573, 0.02460629921259843006 ) ;
#2269 = ORIENTED_EDGE ( 'NONE', *, *, #2843, .F. ) ;
#2270 = EDGE_LOOP ( 'NONE', ( #5527, #279, #1647, #3774 ) ) ;
#2271 = SURFACE_SIDE_STYLE ('',( #3180 ) ) ;
#2272 = ORIENTED_EDGE ( 'NONE', *, *, #2719, .T. ) ;
#2273 = PRESENTATION_LAYER_ASSIGNMENT (  '', '', ( #3173 ) ) ;
#2274 = UNCERTAINTY_MEASURE_WITH_UNIT (LENGTH_MEASURE( 1.000000000000000082E-05 ), #1975, 'distance_accuracy_value', 'NONE');
#2275 = CARTESIAN_POINT ( 'NONE',  ( 0.1464566929133862272, -0.1722440944881885594, 0.01200787401574855001 ) ) ;
#2276 =( CONVERSION_BASED_UNIT ( 'INCH', #3183 ) LENGTH_UNIT ( ) NAMED_UNIT ( #1553 ) );
#2277 = DIRECTION ( 'NONE',  ( 1.602884491802569361E-15, -1.000000000000000000, 1.644517855226017859E-15 ) ) ;
#2278 = ORIENTED_EDGE ( 'NONE', *, *, #4394, .T. ) ;
#2279 = CIRCLE ( 'NONE', #1266, 0.009105439123007872879 ) ;
#2280 = FILL_AREA_STYLE ('',( #2751 ) ) ;
#2281 = CARTESIAN_POINT ( 'NONE',  ( -2.057162640966502078E-16, 0.1269685039370080093, 0.05413385826771650866 ) ) ;
#2282 = EDGE_LOOP ( 'NONE', ( #4010, #1591, #6224, #5715 ) ) ;
#2283 = DIRECTION ( 'NONE',  ( 2.364801230464485631E-30, -1.644517855226018450E-15, -1.000000000000000000 ) ) ;
#2284 = AXIS2_PLACEMENT_3D ( 'NONE', #925, #3336, #3720 ) ;
#2285 = CARTESIAN_POINT ( 'NONE',  ( 0.01934165959544850363, 0.1998031496062995238, 0.1245559781998423626 ) ) ;
#2286 = PLANE ( 'NONE',  #5591 ) ;
#2287 = EDGE_CURVE ( 'NONE', #1435, #4477, #5891, .T. ) ;
#2288 = DIRECTION ( 'NONE',  ( -1.602884491802569361E-15, 1.000000000000000000, -1.644517855226017859E-15 ) ) ;
#2289 = ADVANCED_FACE ( 'NONE', ( #61 ), #2505, .T. ) ;
#2290 = AXIS2_PLACEMENT_3D ( 'NONE', #4715, #6118, #5630 ) ;
#2291 = CIRCLE ( 'NONE', #1998, 0.02854330708661416763 ) ;
#2292 = CARTESIAN_POINT ( 'NONE',  ( 0.01934165959544855914, 0.1643700787401577434, -0.1253937007874016962 ) ) ;
#2293 = FILL_AREA_STYLE_COLOUR ( '', #5854 ) ;
#2294 = UNCERTAINTY_MEASURE_WITH_UNIT (LENGTH_MEASURE( 1.000000000000000082E-05 ), #3358, 'distance_accuracy_value', 'NONE');
#2295 = ORIENTED_EDGE ( 'NONE', *, *, #2880, .F. ) ;
#2296 = ORIENTED_EDGE ( 'NONE', *, *, #1828, .T. ) ;
#2297 = LINE ( 'NONE', #3265, #2089 ) ;
#2298 = FILL_AREA_STYLE ('',( #1645 ) ) ;
#2299 = EDGE_CURVE ( 'NONE', #3886, #2439, #4949, .T. ) ;
#2300 = LENGTH_MEASURE_WITH_UNIT ( LENGTH_MEASURE( 0.02539999999999999897 ), #5518 );
#2301 = DIRECTION ( 'NONE',  ( 1.000000000000000000, 1.602884491802569361E-15, -2.711709361697226329E-31 ) ) ;
#2302 = COLOUR_RGB ( '',0.7607843137254901578, 0.7607843137254901578, 0.0000000000000000000 ) ;
#2303 = CARTESIAN_POINT ( 'NONE',  ( 0.06929133858267698398, 0.1269685039370081203, 0.07460629921259839814 ) ) ;
#2304 = CARTESIAN_POINT ( 'NONE',  ( 0.06018589945968479821, 0.1564960629921264001, -0.06633858267716544188 ) ) ;
#2305 = FACE_OUTER_BOUND ( 'NONE', #4006, .T. ) ;
#2306 = VERTEX_POINT ( 'NONE', #5849 ) ;
#2307 =( NAMED_UNIT ( * ) SI_UNIT ( $, .STERADIAN. ) SOLID_ANGLE_UNIT ( ) );
#2308 = PRESENTATION_STYLE_ASSIGNMENT (( #5138 ) ) ;
#2309 = ORIENTED_EDGE ( 'NONE', *, *, #5948, .F. ) ;
#2310 = DIMENSIONAL_EXPONENTS ( 1.000000000000000000, 0.0000000000000000000, 0.0000000000000000000, 0.0000000000000000000, 0.0000000000000000000, 0.0000000000000000000, 0.0000000000000000000 ) ;
#2311 = LINE ( 'NONE', #5080, #608 ) ;
#2312 = PLANE ( 'NONE',  #823 ) ;
#2313 = DIRECTION ( 'NONE',  ( 2.348093788196917952E-30, -1.644517855226018450E-15, -1.000000000000000000 ) ) ;
#2314 = CARTESIAN_POINT ( 'NONE',  ( 0.06018589945968478433, 0.1643700787401578822, -0.07544402180015759296 ) ) ;
#2315 = ORIENTED_EDGE ( 'NONE', *, *, #5141, .T. ) ;
#2316 = CARTESIAN_POINT ( 'NONE',  ( 0.06889763779527552368, 0.05610236220472479551, 0.1624015748031496786 ) ) ;
#2317 = ORIENTED_EDGE ( 'NONE', *, *, #5379, .F. ) ;
#2318 = ORIENTED_EDGE ( 'NONE', *, *, #3772, .T. ) ;
#2319 = FILL_AREA_STYLE_COLOUR ( '', #3715 ) ;
#2320 =( NAMED_UNIT ( * ) SI_UNIT ( $, .STERADIAN. ) SOLID_ANGLE_UNIT ( ) );
#2321 = LENGTH_MEASURE_WITH_UNIT ( LENGTH_MEASURE( 0.02539999999999999897 ), #4363 );
#2322 = DIRECTION ( 'NONE',  ( -0.7213327287321930070, -1.723857616129877395E-17, 0.6925886906813946142 ) ) ;
#2323 = EDGE_CURVE ( 'NONE', #3039, #2222, #3023, .T. ) ;
#2324 = EDGE_LOOP ( 'NONE', ( #3843, #2932, #3516, #3278 ) ) ;
#2325 = ORIENTED_EDGE ( 'NONE', *, *, #5654, .F. ) ;
#2326 = ORIENTED_EDGE ( 'NONE', *, *, #2843, .T. ) ;
#2327 = DIRECTION ( 'NONE',  ( -1.602884491802569361E-15, 1.000000000000000000, -1.644517855226017859E-15 ) ) ;
#2328 = VECTOR ( 'NONE', #2911, 39.37007874015748143 ) ;
#2329 = DIRECTION ( 'NONE',  ( 1.602884491802569361E-15, -1.000000000000000000, 1.644517855226017859E-15 ) ) ;
#2330 = CARTESIAN_POINT ( 'NONE',  ( -0.06889763779527587062, 0.1564960629921261781, 0.1624015748031495399 ) ) ;
#2331 = SURFACE_SIDE_STYLE ('',( #5685 ) ) ;
#2332 = EDGE_CURVE ( 'NONE', #4789, #3284, #1022, .T. ) ;
#2333 = CARTESIAN_POINT ( 'NONE',  ( -0.1464566929133857831, -0.02263779527559060811, -0.006889763779527295282 ) ) ;
#2334 = DIMENSIONAL_EXPONENTS ( 1.000000000000000000, 0.0000000000000000000, 0.0000000000000000000, 0.0000000000000000000, 0.0000000000000000000, 0.0000000000000000000, 0.0000000000000000000 ) ;
#2335 = EDGE_CURVE ( 'NONE', #1938, #1332, #74, .T. ) ;
#2336 = ADVANCED_FACE ( 'NONE', ( #963 ), #3367, .F. ) ;
#2337 = LINE ( 'NONE', #4275, #2677 ) ;
#2338 = ORIENTED_EDGE ( 'NONE', *, *, #899, .T. ) ;
#2339 =( LENGTH_UNIT ( ) NAMED_UNIT ( * ) SI_UNIT ( $, .METRE. ) );
#2340 = FILL_AREA_STYLE ('',( #2815 ) ) ;
#2341 = ORIENTED_EDGE ( 'NONE', *, *, #644, .T. ) ;
#2342 = FILL_AREA_STYLE ('',( #5553 ) ) ;
#2343 = MECHANICAL_DESIGN_GEOMETRIC_PRESENTATION_REPRESENTATION (  '', ( #5369 ), #5157 ) ;
#2344 = CARTESIAN_POINT ( 'NONE',  ( 0.06018589945968484678, 0.1269685039370082036, -0.1162882616643937522 ) ) ;
#2345 = SURFACE_SIDE_STYLE ('',( #4318 ) ) ;
#2346 = ORIENTED_EDGE ( 'NONE', *, *, #842, .F. ) ;
#2347 =( NAMED_UNIT ( * ) PLANE_ANGLE_UNIT ( ) SI_UNIT ( $, .RADIAN. ) );
#2348 = CARTESIAN_POINT ( 'NONE',  ( 0.01934165959544861813, 0.1269685039370082036, -0.07544402180015752357 ) ) ;
#2349 = EDGE_LOOP ( 'NONE', ( #1075, #5561, #1597, #5914 ) ) ;
#2350 = ORIENTED_EDGE ( 'NONE', *, *, #4168, .F. ) ;
#2351 = CARTESIAN_POINT ( 'NONE',  ( 0.01209712494559034984, 0.1269685039370081203, -0.1107723084983661815 ) ) ;
#2352 = LENGTH_MEASURE_WITH_UNIT ( LENGTH_MEASURE( 0.02539999999999999897 ), #3259 );
#2353 = CIRCLE ( 'NONE', #4573, 0.009105439123007878083 ) ;
#2354 = CARTESIAN_POINT ( 'NONE',  ( 0.01934165959544850363, 0.1998031496062995793, -0.07544402180015766235 ) ) ;
#2355 = VECTOR ( 'NONE', #3468, 39.37007874015748143 ) ;
#2356 = CARTESIAN_POINT ( 'NONE',  ( 0.06889763779527559306, 0.008858267716535823261, 0.1624015748031497619 ) ) ;
#2357 = SURFACE_SIDE_STYLE ('',( #5745 ) ) ;
#2358 = STYLED_ITEM ( 'NONE', ( #2473 ), #5258 ) ;
#2359 = VECTOR ( 'NONE', #5189, 39.37007874015748143 ) ;
#2360 = EDGE_LOOP ( 'NONE', ( #5441, #464, #4832, #3333 ) ) ;
#2361 = ORIENTED_EDGE ( 'NONE', *, *, #3799, .T. ) ;
#2362 = EDGE_LOOP ( 'NONE', ( #819, #964, #3818, #6115, #312, #4196 ) ) ;
#2363 = DIRECTION ( 'NONE',  ( -1.000000000000000000, -1.602884491802569361E-15, 2.711709361697226329E-31 ) ) ;
#2364 = CARTESIAN_POINT ( 'NONE',  ( 0.01209712494559023188, 0.1998031496062994405, 0.08922769150163371854 ) ) ;
#2365 = CIRCLE ( 'NONE', #110, 0.02854330708661418151 ) ;
#2366 = DIRECTION ( 'NONE',  ( 1.000000000000000000, 1.602884491802569361E-15, -2.711709361697224578E-31 ) ) ;
#2367 = CARTESIAN_POINT ( 'NONE',  ( 0.1952755905511816270, -0.02263779527559002525, -0.1068897637795273164 ) ) ;
#2368 = DIRECTION ( 'NONE',  ( -1.000000000000000000, -1.602884491802569361E-15, 2.711709361697226329E-31 ) ) ;
#2369 = CARTESIAN_POINT ( 'NONE',  ( 0.06018589945968484678, 0.1269685039370083146, -0.06633858267716538637 ) ) ;
#2370 = DIRECTION ( 'NONE',  ( 2.348093788196917952E-30, -1.644517855226018450E-15, -1.000000000000000000 ) ) ;
#2371 = FILL_AREA_STYLE ('',( #2814 ) ) ;
#2372 = ADVANCED_FACE ( 'NONE', ( #6264 ), #1554, .T. ) ;
#2373 = LINE ( 'NONE', #1427, #2384 ) ;
#2374 = EDGE_CURVE ( 'NONE', #1142, #3181, #629, .T. ) ;
#2375 =( LENGTH_UNIT ( ) NAMED_UNIT ( * ) SI_UNIT ( $, .METRE. ) );
#2376 = ORIENTED_EDGE ( 'NONE', *, *, #2997, .T. ) ;
#2377 = VECTOR ( 'NONE', #241, 39.37007874015748143 ) ;
#2378 = DIRECTION ( 'NONE',  ( -1.000000000000000000, -1.602884491802569361E-15, 2.878783784372901366E-31 ) ) ;
#2379 = DIMENSIONAL_EXPONENTS ( 1.000000000000000000, 0.0000000000000000000, 0.0000000000000000000, 0.0000000000000000000, 0.0000000000000000000, 0.0000000000000000000, 0.0000000000000000000 ) ;
#2380 = DIRECTION ( 'NONE',  ( 1.602884491802569361E-15, -1.000000000000000000, 1.644517855226017859E-15 ) ) ;
#2381 = ORIENTED_EDGE ( 'NONE', *, *, #3171, .T. ) ;
#2382 = DIRECTION ( 'NONE',  ( 1.000000000000000000, 0.0000000000000000000, 0.0000000000000000000 ) ) ;
#2383 = EDGE_CURVE ( 'NONE', #3539, #5079, #1584, .T. ) ;
#2384 = VECTOR ( 'NONE', #2739, 39.37007874015748143 ) ;
#2385 = FILL_AREA_STYLE_COLOUR ( '', #3555 ) ;
#2386 = ORIENTED_EDGE ( 'NONE', *, *, #2260, .T. ) ;
#2387 = VERTEX_POINT ( 'NONE', #3086 ) ;
#2388 =( LENGTH_UNIT ( ) NAMED_UNIT ( * ) SI_UNIT ( $, .METRE. ) );
#2389 = COLOUR_RGB ( '',0.7607843137254901578, 0.7607843137254901578, 0.0000000000000000000 ) ;
#2390 = FILL_AREA_STYLE ('',( #918 ) ) ;
#2391 = LINE ( 'NONE', #2929, #146 ) ;
#2392 = STYLED_ITEM ( 'NONE', ( #2607 ), #1088 ) ;
#2393 = ORIENTED_EDGE ( 'NONE', *, *, #2383, .F. ) ;
#2394 = VERTEX_POINT ( 'NONE', #573 ) ;
#2395 = DIMENSIONAL_EXPONENTS ( 1.000000000000000000, 0.0000000000000000000, 0.0000000000000000000, 0.0000000000000000000, 0.0000000000000000000, 0.0000000000000000000, 0.0000000000000000000 ) ;
#2396 = DIRECTION ( 'NONE',  ( 4.788507553440025214E-13, -1.000000000000000000, 2.236891227802259687E-13 ) ) ;
#2397 = VERTEX_POINT ( 'NONE', #4030 ) ;
#2398 = STYLED_ITEM ( 'NONE', ( #1469 ), #1917 ) ;
#2399 = STYLED_ITEM ( 'NONE', ( #2852 ), #1246 ) ;
#2400 = DIRECTION ( 'NONE',  ( 1.000000000000000000, 1.602884491802569361E-15, -2.711709361697226329E-31 ) ) ;
#2401 = SURFACE_STYLE_FILL_AREA ( #5264 ) ;
#2402 =( GEOMETRIC_REPRESENTATION_CONTEXT ( 3 ) GLOBAL_UNCERTAINTY_ASSIGNED_CONTEXT ( ( #5898 ) ) GLOBAL_UNIT_ASSIGNED_CONTEXT ( ( #1870, #1970, #5307 ) ) REPRESENTATION_CONTEXT ( 'NONE', 'WORKASPACE' ) );
#2403 = COLOUR_RGB ( '',1.000000000000000000, 1.000000000000000000, 1.000000000000000000 ) ;
#2404 = DIRECTION ( 'NONE',  ( 0.0000000000000000000, 0.0000000000000000000, -1.000000000000000000 ) ) ;
#2405 = CYLINDRICAL_SURFACE ( 'NONE', #501, 0.003937007874015749712 ) ;
#2406 =( GEOMETRIC_REPRESENTATION_CONTEXT ( 3 ) GLOBAL_UNCERTAINTY_ASSIGNED_CONTEXT ( ( #4009 ) ) GLOBAL_UNIT_ASSIGNED_CONTEXT ( ( #3594, #3207, #1827 ) ) REPRESENTATION_CONTEXT ( 'NONE', 'WORKASPACE' ) );
#2407 = FACE_OUTER_BOUND ( 'NONE', #5257, .T. ) ;
#2408 = SURFACE_STYLE_USAGE ( .BOTH. , #5822 ) ;
#2409 = AXIS2_PLACEMENT_3D ( 'NONE', #2049, #4085, #595 ) ;
#2410 = DIRECTION ( 'NONE',  ( -1.602884491802569361E-15, 1.000000000000000000, -1.644517855226017859E-15 ) ) ;
#2411 = DIRECTION ( 'NONE',  ( 1.602884491802569361E-15, -1.000000000000000000, 1.644517855226017859E-15 ) ) ;
#2412 = PLANE ( 'NONE',  #2075 ) ;
#2413 = EDGE_LOOP ( 'NONE', ( #5340, #5895, #3574, #1986 ) ) ;
#2414 =( NAMED_UNIT ( * ) SI_UNIT ( $, .STERADIAN. ) SOLID_ANGLE_UNIT ( ) );
#2415 = CIRCLE ( 'NONE', #5953, 0.02460629921259841965 ) ;
#2416 = DIRECTION ( 'NONE',  ( -1.602884491802569361E-15, 1.000000000000000000, -1.644517855226017859E-15 ) ) ;
#2417 = ORIENTED_EDGE ( 'NONE', *, *, #1801, .F. ) ;
#2418 = UNCERTAINTY_MEASURE_WITH_UNIT (LENGTH_MEASURE( 1.000000000000000082E-05 ), #796, 'distance_accuracy_value', 'NONE');
#2419 = EDGE_CURVE ( 'NONE', #4970, #5603, #1636, .T. ) ;
#2420 = EDGE_LOOP ( 'NONE', ( #1084, #3392, #1011, #740, #4877, #6113 ) ) ;
#2421 = AXIS2_PLACEMENT_3D ( 'NONE', #599, #2616, #85 ) ;
#2422 = DIRECTION ( 'NONE',  ( 0.0000000000000000000, 0.0000000000000000000, 1.000000000000000000 ) ) ;
#2423 = DIMENSIONAL_EXPONENTS ( 1.000000000000000000, 0.0000000000000000000, 0.0000000000000000000, 0.0000000000000000000, 0.0000000000000000000, 0.0000000000000000000, 0.0000000000000000000 ) ;
#2424 = CARTESIAN_POINT ( 'NONE',  ( 0.06018589945968472882, 0.2037401574803152648, 0.08371173833560614785 ) ) ;
#2425 = UNCERTAINTY_MEASURE_WITH_UNIT (LENGTH_MEASURE( 1.000000000000000082E-05 ), #3381, 'distance_accuracy_value', 'NONE');
#2426 = ORIENTED_EDGE ( 'NONE', *, *, #568, .T. ) ;
#2427 = ORIENTED_EDGE ( 'NONE', *, *, #240, .F. ) ;
#2428 = PLANE ( 'NONE',  #2284 ) ;
#2429 =( NAMED_UNIT ( * ) SI_UNIT ( $, .STERADIAN. ) SOLID_ANGLE_UNIT ( ) );
#2430 =( NAMED_UNIT ( * ) PLANE_ANGLE_UNIT ( ) SI_UNIT ( $, .RADIAN. ) );
#2431 = CARTESIAN_POINT ( 'NONE',  ( 0.06018589943271623194, 0.1998031496062995793, -0.1253937007874017517 ) ) ;
#2432 = PRESENTATION_STYLE_ASSIGNMENT (( #20 ) ) ;
#2433 = FILL_AREA_STYLE_COLOUR ( '', #469 ) ;
#2434 = LINE ( 'NONE', #1830, #5305 ) ;
#2435 = DIRECTION ( 'NONE',  ( -1.296102601205000191E-12, -1.644517855228095916E-15, -1.000000000000000000 ) ) ;
#2436 = FILL_AREA_STYLE ('',( #1455 ) ) ;
#2437 = DIMENSIONAL_EXPONENTS ( 1.000000000000000000, 0.0000000000000000000, 0.0000000000000000000, 0.0000000000000000000, 0.0000000000000000000, 0.0000000000000000000, 0.0000000000000000000 ) ;
#2438 = CARTESIAN_POINT ( 'NONE',  ( -0.1464566929133855611, -0.1722440944881890867, 0.09625984251968555672 ) ) ;
#2439 = VERTEX_POINT ( 'NONE', #695 ) ;
#2440 = SURFACE_SIDE_STYLE ('',( #3478 ) ) ;
#2441 = LINE ( 'NONE', #3351, #980 ) ;
#2442 = CARTESIAN_POINT ( 'NONE',  ( 0.06018589945968472882, 0.1998031496062996348, -0.07027559055118126619 ) ) ;
#2443 = LENGTH_MEASURE_WITH_UNIT ( LENGTH_MEASURE( 0.02539999999999999897 ), #1072 );
#2444 = SURFACE_STYLE_FILL_AREA ( #481 ) ;
#2445 = VERTEX_POINT ( 'NONE', #5952 ) ;
#2446 = STYLED_ITEM ( 'NONE', ( #3250 ), #6289 ) ;
#2447 = ORIENTED_EDGE ( 'NONE', *, *, #2462, .F. ) ;
#2448 = DIRECTION ( 'NONE',  ( 0.0000000000000000000, 0.0000000000000000000, 1.000000000000000000 ) ) ;
#2449 = VERTEX_POINT ( 'NONE', #1067 ) ;
#2450 = ADVANCED_FACE ( 'NONE', ( #2615 ), #235, .T. ) ;
#2451 = LINE ( 'NONE', #850, #937 ) ;
#2452 = ADVANCED_FACE ( 'NONE', ( #3506 ), #3999, .F. ) ;
#2453 = ORIENTED_EDGE ( 'NONE', *, *, #576, .T. ) ;
#2454 = VECTOR ( 'NONE', #2400, 39.37007874015748143 ) ;
#2455 = AXIS2_PLACEMENT_3D ( 'NONE', #1936, #2971, #508 ) ;
#2456 =( CONVERSION_BASED_UNIT ( 'INCH', #497 ) LENGTH_UNIT ( ) NAMED_UNIT ( #2934 ) );
#2457 = EDGE_LOOP ( 'NONE', ( #1131, #6039, #1369, #3482 ) ) ;
#2458 = FACE_OUTER_BOUND ( 'NONE', #6073, .T. ) ;
#2459 = LINE ( 'NONE', #4801, #1498 ) ;
#2460 = FILL_AREA_STYLE ('',( #6268 ) ) ;
#2461 = VECTOR ( 'NONE', #1116, 39.37007874015748143 ) ;
#2462 = EDGE_CURVE ( 'NONE', #5661, #1493, #364, .T. ) ;
#2463 = CARTESIAN_POINT ( 'NONE',  ( 0.01522951533057842477, 0.1998031496062995238, 0.1214250117163778037 ) ) ;
#2464 = LENGTH_MEASURE_WITH_UNIT ( LENGTH_MEASURE( 0.02539999999999999897 ), #434 );
#2465 =( NAMED_UNIT ( * ) PLANE_ANGLE_UNIT ( ) SI_UNIT ( $, .RADIAN. ) );
#2466 = DIMENSIONAL_EXPONENTS ( 1.000000000000000000, 0.0000000000000000000, 0.0000000000000000000, 0.0000000000000000000, 0.0000000000000000000, 0.0000000000000000000, 0.0000000000000000000 ) ;
#2467 = FILL_AREA_STYLE_COLOUR ( '', #6131 ) ;
#2468 = CARTESIAN_POINT ( 'NONE',  ( 0.06018589945968472882, 0.2037401574803153481, 0.1245559781998423626 ) ) ;
#2469 = VECTOR ( 'NONE', #2942, 39.37007874015748143 ) ;
#2470 = FACE_OUTER_BOUND ( 'NONE', #491, .T. ) ;
#2471 = DIRECTION ( 'NONE',  ( 2.348093788196917952E-30, -1.644517855226018450E-15, -1.000000000000000000 ) ) ;
#2472 = ORIENTED_EDGE ( 'NONE', *, *, #3300, .F. ) ;
#2473 = PRESENTATION_STYLE_ASSIGNMENT (( #577 ) ) ;
#2474 = CARTESIAN_POINT ( 'NONE',  ( 0.06018589945968472882, 0.1998031496062995516, -0.01628826166439385770 ) ) ;
#2475 = VECTOR ( 'NONE', #1333, 39.37007874015748143 ) ;
#2476 = PLANE ( 'NONE',  #5837 ) ;
#2477 = DIRECTION ( 'NONE',  ( 2.364801230464485631E-30, -1.644517855226018450E-15, -1.000000000000000000 ) ) ;
#2478 = DIRECTION ( 'NONE',  ( 0.0000000000000000000, 1.387778780781445676E-15, 1.000000000000000000 ) ) ;
#2479 = VERTEX_POINT ( 'NONE', #6104 ) ;
#2480 = VERTEX_POINT ( 'NONE', #1348 ) ;
#2481 = SURFACE_SIDE_STYLE ('',( #5352 ) ) ;
#2482 = EDGE_LOOP ( 'NONE', ( #5280, #5536, #1626, #1196, #5260, #2923 ) ) ;
#2483 = STYLED_ITEM ( 'NONE', ( #1039 ), #54 ) ;
#2484 = DIRECTION ( 'NONE',  ( 1.602884491802569361E-15, -1.000000000000000000, 1.644517855226018450E-15 ) ) ;
#2485 = EDGE_LOOP ( 'NONE', ( #5450, #2272, #738, #3666 ) ) ;
#2486 = PRESENTATION_LAYER_ASSIGNMENT (  '', '', ( #5091 ) ) ;
#2487 = ADVANCED_FACE ( 'NONE', ( #236 ), #3632, .T. ) ;
#2488 = ORIENTED_EDGE ( 'NONE', *, *, #642, .T. ) ;
#2489 = ADVANCED_FACE ( 'NONE', ( #6067 ), #3660, .F. ) ;
#2490 = PRESENTATION_LAYER_ASSIGNMENT (  '', '', ( #4116 ) ) ;
#2491 = CARTESIAN_POINT ( 'NONE',  ( -0.1535433070866141225, -0.02263779527559061505, 0.1151574803149608972 ) ) ;
#2492 = DIRECTION ( 'NONE',  ( 1.000000000000000000, 1.875148439272792120E-15, 0.0000000000000000000 ) ) ;
#2493 = LENGTH_MEASURE_WITH_UNIT ( LENGTH_MEASURE( 0.02539999999999999897 ), #2022 );
#2494 = CARTESIAN_POINT ( 'NONE',  ( 0.06929133858267692847, 0.1564960629921263446, 0.1336614173228345692 ) ) ;
#2495 = CIRCLE ( 'NONE', #4815, 0.003937007874015749712 ) ;
#2496 = DIRECTION ( 'NONE',  ( 2.348093788196917952E-30, -1.644517855226018450E-15, -1.000000000000000000 ) ) ;
#2497 = ADVANCED_FACE ( 'NONE', ( #5364 ), #3925, .F. ) ;
#2498 = ADVANCED_FACE ( 'NONE', ( #4309 ), #394, .F. ) ;
#2499 = DIRECTION ( 'NONE',  ( 2.348093788196917952E-30, -1.644517855226018450E-15, -1.000000000000000000 ) ) ;
#2500 = COLOUR_RGB ( '',1.000000000000000000, 1.000000000000000000, 1.000000000000000000 ) ;
#2501 = SURFACE_SIDE_STYLE ('',( #6305 ) ) ;
#2502 = PRESENTATION_LAYER_ASSIGNMENT (  '', '', ( #2399 ) ) ;
#2503 = DIRECTION ( 'NONE',  ( -1.000000000000000000, -1.602884491802569361E-15, 2.711709361697226329E-31 ) ) ;
#2504 = DIMENSIONAL_EXPONENTS ( 1.000000000000000000, 0.0000000000000000000, 0.0000000000000000000, 0.0000000000000000000, 0.0000000000000000000, 0.0000000000000000000, 0.0000000000000000000 ) ;
#2505 = PLANE ( 'NONE',  #1279 ) ;
#2506 = COLOUR_RGB ( '',0.7607843137254901578, 0.7607843137254901578, 0.0000000000000000000 ) ;
#2507 = DIRECTION ( 'NONE',  ( -1.000000000000000000, -1.602884491802569361E-15, 2.711709361697226329E-31 ) ) ;
#2508 = PRESENTATION_LAYER_ASSIGNMENT (  '', '', ( #5624 ) ) ;
#2509 = DIRECTION ( 'NONE',  ( 1.602884491802569361E-15, -1.000000000000000000, 0.0000000000000000000 ) ) ;
#2510 = SURFACE_SIDE_STYLE ('',( #2444 ) ) ;
#2511 = MECHANICAL_DESIGN_GEOMETRIC_PRESENTATION_REPRESENTATION (  '', ( #986 ), #3413 ) ;
#2512 = ORIENTED_EDGE ( 'NONE', *, *, #1948, .T. ) ;
#2513 = ORIENTED_EDGE ( 'NONE', *, *, #3128, .F. ) ;
#2514 = LINE ( 'NONE', #1139, #5701 ) ;
#2515 =( LENGTH_UNIT ( ) NAMED_UNIT ( * ) SI_UNIT ( $, .METRE. ) );
#2516 = ORIENTED_EDGE ( 'NONE', *, *, #4690, .F. ) ;
#2517 =( GEOMETRIC_REPRESENTATION_CONTEXT ( 3 ) GLOBAL_UNCERTAINTY_ASSIGNED_CONTEXT ( ( #1135 ) ) GLOBAL_UNIT_ASSIGNED_CONTEXT ( ( #4858, #4334, #5713 ) ) REPRESENTATION_CONTEXT ( 'NONE', 'WORKASPACE' ) );
#2518 = DIRECTION ( 'NONE',  ( -1.000000000000000000, -1.602884491802569361E-15, 2.711709361697226329E-31 ) ) ;
#2519 = EDGE_LOOP ( 'NONE', ( #1390, #3495, #5473, #4452 ) ) ;
#2520 = ORIENTED_EDGE ( 'NONE', *, *, #1203, .F. ) ;
#2521 = SURFACE_STYLE_USAGE ( .BOTH. , #1479 ) ;
#2522 = CARTESIAN_POINT ( 'NONE',  ( 0.06018589945968472882, 0.2037401574803152926, -0.02145669291338599474 ) ) ;
#2523 = VECTOR ( 'NONE', #1549, 39.37007874015748143 ) ;
#2524 = PLANE ( 'NONE',  #2861 ) ;
#2525 = CARTESIAN_POINT ( 'NONE',  ( 0.06889763779527535714, 0.1564960629921264001, 0.1820866141732282728 ) ) ;
#2526 = CARTESIAN_POINT ( 'NONE',  ( 0.06929133858267698398, 0.1269685039370083146, -0.06633858267716538637 ) ) ;
#2527 = DIRECTION ( 'NONE',  ( 1.000000000000000000, 1.602884491802569361E-15, 0.0000000000000000000 ) ) ;
#2528 = LINE ( 'NONE', #3931, #4194 ) ;
#2529 = ADVANCED_FACE ( 'NONE', ( #4836 ), #6299, .F. ) ;
#2530 = CARTESIAN_POINT ( 'NONE',  ( -0.1464566929133855888, -0.1407480314960631029, 0.1151574803149610915 ) ) ;
#2531 =( NAMED_UNIT ( * ) PLANE_ANGLE_UNIT ( ) SI_UNIT ( $, .RADIAN. ) );
#2532 = EDGE_CURVE ( 'NONE', #64, #4300, #4024, .T. ) ;
#2533 = ADVANCED_FACE ( 'NONE', ( #3992 ), #660, .T. ) ;
#2534 = LINE ( 'NONE', #3477, #5124 ) ;
#2535 = SURFACE_STYLE_USAGE ( .BOTH. , #2440 ) ;
#2536 = DIRECTION ( 'NONE',  ( 6.749499564049081992E-10, 1.000000000000000000, -1.644517855226017859E-15 ) ) ;
#2537 = CARTESIAN_POINT ( 'NONE',  ( 0.06743043410952737071, 0.1269685039370082591, -0.08095997496618115297 ) ) ;
#2538 = DIRECTION ( 'NONE',  ( -2.364801230464485631E-30, 1.644517855226018450E-15, -1.000000000000000000 ) ) ;
#2539 = PRESENTATION_LAYER_ASSIGNMENT (  '', '', ( #5251 ) ) ;
#2540 = ORIENTED_EDGE ( 'NONE', *, *, #5030, .F. ) ;
#2541 = UNCERTAINTY_MEASURE_WITH_UNIT (LENGTH_MEASURE( 1.000000000000000082E-05 ), #1760, 'distance_accuracy_value', 'NONE');
#2542 = EDGE_LOOP ( 'NONE', ( #4128, #4188, #4533, #1130 ) ) ;
#2543 = ORIENTED_EDGE ( 'NONE', *, *, #233, .T. ) ;
#2544 = LINE ( 'NONE', #1081, #4612 ) ;
#2545 = ORIENTED_EDGE ( 'NONE', *, *, #3330, .F. ) ;
#2546 = SURFACE_STYLE_USAGE ( .BOTH. , #3074 ) ;
#2547 = VERTEX_POINT ( 'NONE', #3052 ) ;
#2548 = CARTESIAN_POINT ( 'NONE',  ( -0.06889763779527567633, 0.04350393700787420076, 0.1702755905511812440 ) ) ;
#2549 = ORIENTED_EDGE ( 'NONE', *, *, #2797, .F. ) ;
#2550 = SURFACE_SIDE_STYLE ('',( #3551 ) ) ;
#2551 =( NAMED_UNIT ( * ) SI_UNIT ( $, .STERADIAN. ) SOLID_ANGLE_UNIT ( ) );
#2552 = CIRCLE ( 'NONE', #4984, 0.009105439123007881552 ) ;
#2553 = CARTESIAN_POINT ( 'NONE',  ( 0.1952755905511816270, -0.02263779527559005994, -0.006889763779527295282 ) ) ;
#2554 =( GEOMETRIC_REPRESENTATION_CONTEXT ( 3 ) GLOBAL_UNCERTAINTY_ASSIGNED_CONTEXT ( ( #1710 ) ) GLOBAL_UNIT_ASSIGNED_CONTEXT ( ( #4058, #657, #78 ) ) REPRESENTATION_CONTEXT ( 'NONE', 'WORKASPACE' ) );
#2555 = CARTESIAN_POINT ( 'NONE',  ( 0.1500000000000003553, -0.1564960629921256230, 0.09468503937007924365 ) ) ;
#2556 = LINE ( 'NONE', #3565, #2818 ) ;
#2557 = VECTOR ( 'NONE', #5531, 39.37007874015748143 ) ;
#2558 = DIRECTION ( 'NONE',  ( 1.324743555594197337E-12, 1.000000000000000000, -1.644517855226017859E-15 ) ) ;
#2559 = ORIENTED_EDGE ( 'NONE', *, *, #5416, .T. ) ;
#2560 = EDGE_CURVE ( 'NONE', #1023, #839, #2581, .T. ) ;
#2561 = LINE ( 'NONE', #1586, #1866 ) ;
#2562 = CARTESIAN_POINT ( 'NONE',  ( 0.06889763779527560694, 0.001377952755905891046, 0.1624015748031497897 ) ) ;
#2563 = EDGE_CURVE ( 'NONE', #1512, #3287, #4059, .T. ) ;
#2564 = PRESENTATION_LAYER_ASSIGNMENT (  '', '', ( #5583 ) ) ;
#2565 = VECTOR ( 'NONE', #2301, 39.37007874015748143 ) ;
#2566 = ORIENTED_EDGE ( 'NONE', *, *, #4407, .T. ) ;
#2567 =( GEOMETRIC_REPRESENTATION_CONTEXT ( 3 ) GLOBAL_UNCERTAINTY_ASSIGNED_CONTEXT ( ( #5644 ) ) GLOBAL_UNIT_ASSIGNED_CONTEXT ( ( #3394, #1880, #4297 ) ) REPRESENTATION_CONTEXT ( 'NONE', 'WORKASPACE' ) );
#2568 = EDGE_LOOP ( 'NONE', ( #245, #2512, #1079, #4684 ) ) ;
#2569 = DIRECTION ( 'NONE',  ( 4.788507553440025214E-13, -1.000000000000000000, 2.236891227802259687E-13 ) ) ;
#2570 =( NAMED_UNIT ( * ) SI_UNIT ( $, .STERADIAN. ) SOLID_ANGLE_UNIT ( ) );
#2571 = ORIENTED_EDGE ( 'NONE', *, *, #459, .T. ) ;
#2572 = EDGE_CURVE ( 'NONE', #3274, #637, #5485, .T. ) ;
#2573 = AXIS2_PLACEMENT_3D ( 'NONE', #4286, #6181, #4226 ) ;
#2574 = CARTESIAN_POINT ( 'NONE',  ( 0.06018589945968472882, 0.2037401574803154036, -0.07544402180015766235 ) ) ;
#2575 = LENGTH_MEASURE_WITH_UNIT ( LENGTH_MEASURE( 0.02539999999999999897 ), #3047 );
#2576 = ORIENTED_EDGE ( 'NONE', *, *, #2176, .F. ) ;
#2577 = DIRECTION ( 'NONE',  ( 1.602884491802569361E-15, -1.000000000000000000, 1.644517855226017859E-15 ) ) ;
#2578 = VECTOR ( 'NONE', #4775, 39.37007874015748143 ) ;
#2579 = FILL_AREA_STYLE ('',( #3078 ) ) ;
#2580 = FILL_AREA_STYLE ('',( #3528 ) ) ;
#2581 = LINE ( 'NONE', #2525, #6047 ) ;
#2582 = LINE ( 'NONE', #5998, #906 ) ;
#2583 = CARTESIAN_POINT ( 'NONE',  ( 0.08700787401574773539, 0.1998031496062996071, 0.004133858267716384455 ) ) ;
#2584 = MECHANICAL_DESIGN_GEOMETRIC_PRESENTATION_REPRESENTATION (  '', ( #4116 ), #3911 ) ;
#2585 = SURFACE_SIDE_STYLE ('',( #627 ) ) ;
#2586 = LINE ( 'NONE', #2174, #1126 ) ;
#2587 = DIRECTION ( 'NONE',  ( 1.594929680954395007E-15, -0.9950371902099891530, -0.09950371902099724997 ) ) ;
#2588 =( CONVERSION_BASED_UNIT ( 'INCH', #4093 ) LENGTH_UNIT ( ) NAMED_UNIT ( #1312 ) );
#2589 = VECTOR ( 'NONE', #1421, 39.37007874015748143 ) ;
#2590 = ORIENTED_EDGE ( 'NONE', *, *, #5042, .F. ) ;
#2591 = LINE ( 'NONE', #5196, #5947 ) ;
#2592 = LINE ( 'NONE', #3062, #5815 ) ;
#2593 = ORIENTED_EDGE ( 'NONE', *, *, #2745, .T. ) ;
#2594 =( GEOMETRIC_REPRESENTATION_CONTEXT ( 3 ) GLOBAL_UNCERTAINTY_ASSIGNED_CONTEXT ( ( #4450 ) ) GLOBAL_UNIT_ASSIGNED_CONTEXT ( ( #3328, #5386, #5903 ) ) REPRESENTATION_CONTEXT ( 'NONE', 'WORKASPACE' ) );
#2595 = ORIENTED_EDGE ( 'NONE', *, *, #2918, .F. ) ;
#2596 = VECTOR ( 'NONE', #5343, 39.37007874015748854 ) ;
#2597 = VECTOR ( 'NONE', #635, 39.37007874015748143 ) ;
#2598 = FACE_OUTER_BOUND ( 'NONE', #808, .T. ) ;
#2599 = VERTEX_POINT ( 'NONE', #169 ) ;
#2600 = PRESENTATION_STYLE_ASSIGNMENT (( #1624 ) ) ;
#2601 = CARTESIAN_POINT ( 'NONE',  ( 0.01934165959544855914, 0.1643700787401576879, 0.07460629921259834263 ) ) ;
#2602 = ORIENTED_EDGE ( 'NONE', *, *, #5226, .T. ) ;
#2603 = DIRECTION ( 'NONE',  ( -1.602884491802569361E-15, 1.000000000000000000, -1.644517855226017859E-15 ) ) ;
#2604 = EDGE_CURVE ( 'NONE', #323, #2599, #3746, .T. ) ;
#2605 = ADVANCED_FACE ( 'NONE', ( #755 ), #3621, .T. ) ;
#2606 =( NAMED_UNIT ( * ) SI_UNIT ( $, .STERADIAN. ) SOLID_ANGLE_UNIT ( ) );
#2607 = PRESENTATION_STYLE_ASSIGNMENT (( #1239 ) ) ;
#2608 = LENGTH_MEASURE_WITH_UNIT ( LENGTH_MEASURE( 0.02539999999999999897 ), #5971 );
#2609 = AXIS2_PLACEMENT_3D ( 'NONE', #2574, #4973, #2130 ) ;
#2610 =( NAMED_UNIT ( * ) PLANE_ANGLE_UNIT ( ) SI_UNIT ( $, .RADIAN. ) );
#2611 = DIRECTION ( 'NONE',  ( 1.602884491802569361E-15, -1.000000000000000000, 1.644517855226017859E-15 ) ) ;
#2612 =( GEOMETRIC_REPRESENTATION_CONTEXT ( 3 ) GLOBAL_UNCERTAINTY_ASSIGNED_CONTEXT ( ( #1651 ) ) GLOBAL_UNIT_ASSIGNED_CONTEXT ( ( #826, #5199, #1762 ) ) REPRESENTATION_CONTEXT ( 'NONE', 'WORKASPACE' ) );
#2613 =( NAMED_UNIT ( * ) PLANE_ANGLE_UNIT ( ) SI_UNIT ( $, .RADIAN. ) );
#2614 = PRESENTATION_STYLE_ASSIGNMENT (( #4421 ) ) ;
#2615 = FACE_OUTER_BOUND ( 'NONE', #4047, .T. ) ;
#2616 = DIRECTION ( 'NONE',  ( -1.602884491802569361E-15, 1.000000000000000000, -1.644517855226017859E-15 ) ) ;
#2617 = DIRECTION ( 'NONE',  ( 1.000000000000000000, 1.602884491802569361E-15, -2.711709361697224578E-31 ) ) ;
#2618 = DIRECTION ( 'NONE',  ( -1.594929680954394613E-15, 0.9950371902099890420, -0.09950371902100052512 ) ) ;
#2619 = EDGE_LOOP ( 'NONE', ( #4279, #5967, #1502, #4753 ) ) ;
#2620 = DIRECTION ( 'NONE',  ( 1.602884491802569361E-15, -1.000000000000000000, 1.644517855226017859E-15 ) ) ;
#2621 = CARTESIAN_POINT ( 'NONE',  ( 0.06889763779527535714, 0.1564960629921263724, 0.1624015748031495399 ) ) ;
#2622 = EDGE_LOOP ( 'NONE', ( #3729, #2278, #5726, #3158, #4711 ) ) ;
#2623 = VERTEX_POINT ( 'NONE', #2638 ) ;
#2624 =( NAMED_UNIT ( * ) SI_UNIT ( $, .STERADIAN. ) SOLID_ANGLE_UNIT ( ) );
#2625 = FILL_AREA_STYLE ('',( #2127 ) ) ;
#2626 = VERTEX_POINT ( 'NONE', #721 ) ;
#2627 = PRESENTATION_STYLE_ASSIGNMENT (( #807 ) ) ;
#2628 = FILL_AREA_STYLE ('',( #681 ) ) ;
#2629 = DIRECTION ( 'NONE',  ( 1.594929680954395007E-15, -0.9950371902099891530, -0.09950371902099724997 ) ) ;
#2630 = DIRECTION ( 'NONE',  ( -1.594929680954394613E-15, 0.9950371902099890420, -0.09950371902100052512 ) ) ;
#2631 = DIRECTION ( 'NONE',  ( 1.602884491802569361E-15, -1.000000000000000000, 1.644517855226017859E-15 ) ) ;
#2632 = EDGE_CURVE ( 'NONE', #2239, #1938, #5573, .T. ) ;
#2633 = CARTESIAN_POINT ( 'NONE',  ( 0.08700787401574773539, 0.1998031496062996348, -0.09586614173228362457 ) ) ;
#2634 = ADVANCED_FACE ( 'NONE', ( #1786 ), #3138, .T. ) ;
#2635 = LINE ( 'NONE', #4660, #5694 ) ;
#2636 = PRESENTATION_LAYER_ASSIGNMENT (  '', '', ( #5675 ) ) ;
#2637 = ADVANCED_BREP_SHAPE_REPRESENTATION ( 'CUI_DEVICES_DS01C-254-S-03BE', ( #1648, #5838, #3752, #1500, #1680, #5650, #3737, #5565 ), #5985 ) ;
#2638 = CARTESIAN_POINT ( 'NONE',  ( -0.1535433070866138727, -0.1722440944881890312, -0.1037401574803144821 ) ) ;
#2639 = COLOUR_RGB ( '',0.0000000000000000000, 0.0000000000000000000, 1.000000000000000000 ) ;
#2640 = ADVANCED_FACE ( 'NONE', ( #4695 ), #3107, .T. ) ;
#2641 = FILL_AREA_STYLE_COLOUR ( '', #284 ) ;
#2642 = VECTOR ( 'NONE', #2499, 39.37007874015748143 ) ;
#2643 =( CONVERSION_BASED_UNIT ( 'INCH', #694 ) LENGTH_UNIT ( ) NAMED_UNIT ( #2024 ) );
#2644 = DIRECTION ( 'NONE',  ( -1.000000000000000000, -1.602884491802569361E-15, 2.711709361697226329E-31 ) ) ;
#2645 = DIRECTION ( 'NONE',  ( 1.602884491802569361E-15, -1.000000000000000000, 1.644517855226017859E-15 ) ) ;
#2646 = DIRECTION ( 'NONE',  ( -1.602884491802569361E-15, 1.000000000000000000, -1.644517855226017859E-15 ) ) ;
#2647 = ORIENTED_EDGE ( 'NONE', *, *, #5102, .T. ) ;
#2648 = AXIS2_PLACEMENT_3D ( 'NONE', #24, #1456, #5821 ) ;
#2649 = LENGTH_MEASURE_WITH_UNIT ( LENGTH_MEASURE( 0.02539999999999999897 ), #2148 );
#2650 = LINE ( 'NONE', #2181, #3687 ) ;
#2651 = ORIENTED_EDGE ( 'NONE', *, *, #4769, .F. ) ;
#2652 = ORIENTED_EDGE ( 'NONE', *, *, #3097, .F. ) ;
#2653 = UNCERTAINTY_MEASURE_WITH_UNIT (LENGTH_MEASURE( 1.000000000000000082E-05 ), #6093, 'distance_accuracy_value', 'NONE');
#2654 = CARTESIAN_POINT ( 'NONE',  ( 0.1464566929133862272, -0.1722440944881885594, -0.1037401574803144821 ) ) ;
#2655 = SURFACE_SIDE_STYLE ('',( #613 ) ) ;
#2656 = FACE_OUTER_BOUND ( 'NONE', #4124, .T. ) ;
#2657 =( GEOMETRIC_REPRESENTATION_CONTEXT ( 3 ) GLOBAL_UNCERTAINTY_ASSIGNED_CONTEXT ( ( #817 ) ) GLOBAL_UNIT_ASSIGNED_CONTEXT ( ( #5267, #1065, #4925 ) ) REPRESENTATION_CONTEXT ( 'NONE', 'WORKASPACE' ) );
#2658 = ORIENTED_EDGE ( 'NONE', *, *, #1613, .F. ) ;
#2659 = AXIS2_PLACEMENT_3D ( 'NONE', #3781, #5712, #424 ) ;
#2660 = CARTESIAN_POINT ( 'NONE',  ( -0.08720472440944883330, -0.05413385826771651560, 0.1007874015748033980 ) ) ;
#2661 = DIRECTION ( 'NONE',  ( -1.000000000000000000, -1.602884491802569361E-15, 2.711709361697224578E-31 ) ) ;
#2662 = VECTOR ( 'NONE', #2569, 39.37007874015748143 ) ;
#2663 = LINE ( 'NONE', #1694, #564 ) ;
#2664 = FACE_OUTER_BOUND ( 'NONE', #2362, .T. ) ;
#2665 = VECTOR ( 'NONE', #1008, 39.37007874015748143 ) ;
#2666 = CARTESIAN_POINT ( 'NONE',  ( 0.08720472440944880554, -0.05413385826771623804, 0.1007874015748033980 ) ) ;
#2667 = EDGE_CURVE ( 'NONE', #554, #1253, #1817, .T. ) ;
#2668 = AXIS2_PLACEMENT_3D ( 'NONE', #2150, #122, #4100 ) ;
#2669 = EDGE_CURVE ( 'NONE', #4538, #4798, #1985, .T. ) ;
#2670 =( NAMED_UNIT ( * ) PLANE_ANGLE_UNIT ( ) SI_UNIT ( $, .RADIAN. ) );
#2671 = AXIS2_PLACEMENT_3D ( 'NONE', #265, #4585, #2617 ) ;
#2672 = DIRECTION ( 'NONE',  ( 0.0000000000000000000, 0.0000000000000000000, -1.000000000000000000 ) ) ;
#2673 =( NAMED_UNIT ( * ) SI_UNIT ( $, .STERADIAN. ) SOLID_ANGLE_UNIT ( ) );
#2674 = EDGE_CURVE ( 'NONE', #4970, #4065, #5847, .T. ) ;
#2675 = EDGE_CURVE ( 'NONE', #1224, #4878, #2391, .T. ) ;
#2676 = LINE ( 'NONE', #1729, #6225 ) ;
#2677 = VECTOR ( 'NONE', #2841, 39.37007874015748854 ) ;
#2678 = VERTEX_POINT ( 'NONE', #919 ) ;
#2679 = CARTESIAN_POINT ( 'NONE',  ( 0.06018589945980290512, 0.1564960629921262336, 0.07460629921259835651 ) ) ;
#2680 = EDGE_LOOP ( 'NONE', ( #867, #1420, #978 ) ) ;
#2681 = LENGTH_MEASURE_WITH_UNIT ( LENGTH_MEASURE( 0.02539999999999999897 ), #1321 );
#2682 = VERTEX_POINT ( 'NONE', #4364 ) ;
#2683 = AXIS2_PLACEMENT_3D ( 'NONE', #2694, #4638, #717 ) ;
#2684 = SURFACE_STYLE_FILL_AREA ( #874 ) ;
#2685 = AXIS2_PLACEMENT_3D ( 'NONE', #4976, #623, #2577 ) ;
#2686 = DIRECTION ( 'NONE',  ( -0.7956271577886172564, -2.392722035830079268E-15, -0.6057866173738132298 ) ) ;
#2687 = ORIENTED_EDGE ( 'NONE', *, *, #1454, .F. ) ;
#2688 =( CONVERSION_BASED_UNIT ( 'INCH', #5180 ) LENGTH_UNIT ( ) NAMED_UNIT ( #5320 ) );
#2689 =( LENGTH_UNIT ( ) NAMED_UNIT ( * ) SI_UNIT ( $, .METRE. ) );
#2690 = COLOUR_RGB ( '',1.000000000000000000, 1.000000000000000000, 1.000000000000000000 ) ;
#2691 = CARTESIAN_POINT ( 'NONE',  ( 0.1535433070866144833, -0.1407480314960625756, -0.1068897637795270944 ) ) ;
#2692 = MECHANICAL_DESIGN_GEOMETRIC_PRESENTATION_REPRESENTATION (  '', ( #3005 ), #1894 ) ;
#2693 = SURFACE_STYLE_FILL_AREA ( #4109 ) ;
#2694 = CARTESIAN_POINT ( 'NONE',  ( -2.057162640966502078E-16, 0.1269685039370080093, 0.05413385826771650866 ) ) ;
#2695 = MECHANICAL_DESIGN_GEOMETRIC_PRESENTATION_REPRESENTATION (  '', ( #3308 ), #4143 ) ;
#2696 = COLOUR_RGB ( '',0.0000000000000000000, 0.0000000000000000000, 1.000000000000000000 ) ;
#2697 = SURFACE_SIDE_STYLE ('',( #3166 ) ) ;
#2698 = FACE_OUTER_BOUND ( 'NONE', #5823, .T. ) ;
#2699 = CARTESIAN_POINT ( 'NONE',  ( -0.06929133858267749746, 0.1958661417322837273, 0.03366141732283450816 ) ) ;
#2700 = PRESENTATION_LAYER_ASSIGNMENT (  '', '', ( #6154 ) ) ;
#2701 = CARTESIAN_POINT ( 'NONE',  ( 0.01934165959544850363, 0.1998031496062994683, -0.01628826166439385770 ) ) ;
#2702 = SURFACE_SIDE_STYLE ('',( #761 ) ) ;
#2703 =( LENGTH_UNIT ( ) NAMED_UNIT ( * ) SI_UNIT ( $, .METRE. ) );
#2704 = MECHANICAL_DESIGN_GEOMETRIC_PRESENTATION_REPRESENTATION (  '', ( #4247 ), #2612 ) ;
#2705 =( NAMED_UNIT ( * ) SI_UNIT ( $, .STERADIAN. ) SOLID_ANGLE_UNIT ( ) );
#2706 = ORIENTED_EDGE ( 'NONE', *, *, #3136, .T. ) ;
#2707 = DIRECTION ( 'NONE',  ( -1.000000000000000000, -1.602884491802569361E-15, 2.711709361697224578E-31 ) ) ;
#2708 = EDGE_CURVE ( 'NONE', #4823, #2151, #5324, .T. ) ;
#2709 = DIRECTION ( 'NONE',  ( -0.7956271577887875646, 0.0000000000000000000, 0.6057866173735895199 ) ) ;
#2710 = ORIENTED_EDGE ( 'NONE', *, *, #640, .T. ) ;
#2711 = LENGTH_MEASURE_WITH_UNIT ( LENGTH_MEASURE( 0.02539999999999999897 ), #304 );
#2712 = ADVANCED_FACE ( 'NONE', ( #4762 ), #5290, .T. ) ;
#2713 = ORIENTED_EDGE ( 'NONE', *, *, #2675, .T. ) ;
#2714 = UNCERTAINTY_MEASURE_WITH_UNIT (LENGTH_MEASURE( 1.000000000000000082E-05 ), #5092, 'distance_accuracy_value', 'NONE');
#2715 = CARTESIAN_POINT ( 'NONE',  ( 0.01934165959544861813, 0.1269685039370081203, 0.1245559781998425014 ) ) ;
#2716 = CARTESIAN_POINT ( 'NONE',  ( 0.1535433070866144833, -0.1407480314960625756, -0.1068897637795270944 ) ) ;
#2717 = FACE_OUTER_BOUND ( 'NONE', #3844, .T. ) ;
#2718 = ORIENTED_EDGE ( 'NONE', *, *, #4443, .T. ) ;
#2719 = EDGE_CURVE ( 'NONE', #4622, #2445, #2205, .T. ) ;
#2720 = ORIENTED_EDGE ( 'NONE', *, *, #1322, .F. ) ;
#2721 = FILL_AREA_STYLE ('',( #712 ) ) ;
#2722 = DIRECTION ( 'NONE',  ( 1.602884491802569361E-15, -1.000000000000000000, 1.644517855226017859E-15 ) ) ;
#2723 = DIRECTION ( 'NONE',  ( 2.348093788196917952E-30, -1.644517855226018450E-15, -1.000000000000000000 ) ) ;
#2724 =( NAMED_UNIT ( * ) PLANE_ANGLE_UNIT ( ) SI_UNIT ( $, .RADIAN. ) );
#2725 = DIMENSIONAL_EXPONENTS ( 1.000000000000000000, 0.0000000000000000000, 0.0000000000000000000, 0.0000000000000000000, 0.0000000000000000000, 0.0000000000000000000, 0.0000000000000000000 ) ;
#2726 = DIRECTION ( 'NONE',  ( -2.255731163044917930E-10, 1.000000000000000000, 2.962140801037447666E-10 ) ) ;
#2727 = DIRECTION ( 'NONE',  ( 2.348093788196917952E-30, -1.644517855226018450E-15, -1.000000000000000000 ) ) ;
#2728 = UNCERTAINTY_MEASURE_WITH_UNIT (LENGTH_MEASURE( 1.000000000000000082E-05 ), #950, 'distance_accuracy_value', 'NONE');
#2729 = SURFACE_STYLE_USAGE ( .BOTH. , #5129 ) ;
#2730 = ORIENTED_EDGE ( 'NONE', *, *, #4915, .F. ) ;
#2731 = FACE_OUTER_BOUND ( 'NONE', #4909, .T. ) ;
#2732 =( LENGTH_UNIT ( ) NAMED_UNIT ( * ) SI_UNIT ( $, .METRE. ) );
#2733 = FILL_AREA_STYLE_COLOUR ( '', #5993 ) ;
#2734 = FILL_AREA_STYLE ('',( #1249 ) ) ;
#2735 = MECHANICAL_DESIGN_GEOMETRIC_PRESENTATION_REPRESENTATION (  '', ( #6081 ), #2138 ) ;
#2736 = DIRECTION ( 'NONE',  ( -2.348093788196917952E-30, 1.644517855226018450E-15, 1.000000000000000000 ) ) ;
#2737 = VERTEX_POINT ( 'NONE', #4457 ) ;
#2738 = DIRECTION ( 'NONE',  ( 0.0000000000000000000, 0.0000000000000000000, 1.000000000000000000 ) ) ;
#2739 = DIRECTION ( 'NONE',  ( 2.348093788196917952E-30, -1.644517855226018450E-15, -1.000000000000000000 ) ) ;
#2740 = ORIENTED_EDGE ( 'NONE', *, *, #1174, .F. ) ;
#2741 =( GEOMETRIC_REPRESENTATION_CONTEXT ( 3 ) GLOBAL_UNCERTAINTY_ASSIGNED_CONTEXT ( ( #2728 ) ) GLOBAL_UNIT_ASSIGNED_CONTEXT ( ( #950, #5832, #3841 ) ) REPRESENTATION_CONTEXT ( 'NONE', 'WORKASPACE' ) );
#2742 = ORIENTED_EDGE ( 'NONE', *, *, #1994, .F. ) ;
#2743 = EDGE_CURVE ( 'NONE', #3636, #2825, #1408, .T. ) ;
#2744 = DIRECTION ( 'NONE',  ( -0.6057866173735902970, -2.279429041416054056E-15, -0.7956271577887871205 ) ) ;
#2745 = EDGE_CURVE ( 'NONE', #5360, #3541, #2106, .T. ) ;
#2746 = PRESENTATION_STYLE_ASSIGNMENT (( #1262 ) ) ;
#2747 = FILL_AREA_STYLE_COLOUR ( '', #3684 ) ;
#2748 = SURFACE_SIDE_STYLE ('',( #1871 ) ) ;
#2749 = ORIENTED_EDGE ( 'NONE', *, *, #4652, .F. ) ;
#2750 = AXIS2_PLACEMENT_3D ( 'NONE', #2775, #4187, #1223 ) ;
#2751 = FILL_AREA_STYLE_COLOUR ( '', #3135 ) ;
#2752 = STYLED_ITEM ( 'NONE', ( #5570 ), #3885 ) ;
#2753 =( CONVERSION_BASED_UNIT ( 'INCH', #6123 ) LENGTH_UNIT ( ) NAMED_UNIT ( #6179 ) );
#2754 = ORIENTED_EDGE ( 'NONE', *, *, #3106, .T. ) ;
#2755 =( NAMED_UNIT ( * ) SI_UNIT ( $, .STERADIAN. ) SOLID_ANGLE_UNIT ( ) );
#2756 = AXIS2_PLACEMENT_3D ( 'NONE', #5245, #3798, #945 ) ;
#2757 = VECTOR ( 'NONE', #2250, 39.37007874015748143 ) ;
#2758 = ADVANCED_FACE ( 'NONE', ( #3953 ), #1600, .F. ) ;
#2759 = CARTESIAN_POINT ( 'NONE',  ( -0.1464566929133857831, -0.02263779527559053872, -0.08484251968503912777 ) ) ;
#2760 = FACE_OUTER_BOUND ( 'NONE', #1112, .T. ) ;
#2761 = CARTESIAN_POINT ( 'NONE',  ( 0.06018589945968484678, 0.1269685039370081758, -0.01628826166439373974 ) ) ;
#2762 = CARTESIAN_POINT ( 'NONE',  ( -0.08720472440944881942, -0.06003937007874013410, 0.1007874015748034119 ) ) ;
#2763 = ORIENTED_EDGE ( 'NONE', *, *, #4575, .F. ) ;
#2764 = EDGE_LOOP ( 'NONE', ( #2658, #4950, #5055, #2472 ) ) ;
#2765 = DIRECTION ( 'NONE',  ( 1.602884491802569361E-15, -1.000000000000000000, 1.644517855226017859E-15 ) ) ;
#2766 = DIRECTION ( 'NONE',  ( 1.602884491802569361E-15, -1.000000000000000000, 1.644517855226017859E-15 ) ) ;
#2767 = AXIS2_PLACEMENT_3D ( 'NONE', #187, #1228, #777 ) ;
#2768 = CARTESIAN_POINT ( 'NONE',  ( 0.1948818897637796532, -0.05413385826771593967, 0.1820866141732286614 ) ) ;
#2769 =( NAMED_UNIT ( * ) SI_UNIT ( $, .STERADIAN. ) SOLID_ANGLE_UNIT ( ) );
#2770 = EDGE_LOOP ( 'NONE', ( #4880, #2776, #2921 ) ) ;
#2771 = SURFACE_STYLE_USAGE ( .BOTH. , #4748 ) ;
#2772 = CLOSED_SHELL ( 'NONE', ( #137, #974, #3885, #4852, #3797, #5816, #320, #3338 ) ) ;
#2773 = LINE ( 'NONE', #1291, #6128 ) ;
#2774 = VERTEX_POINT ( 'NONE', #619 ) ;
#2775 = CARTESIAN_POINT ( 'NONE',  ( -0.1464566929133857831, -0.02263779527559057342, -0.1068897637795273164 ) ) ;
#2776 = ORIENTED_EDGE ( 'NONE', *, *, #4966, .T. ) ;
#2777 = VECTOR ( 'NONE', #1218, 39.37007874015748143 ) ;
#2778 =( LENGTH_UNIT ( ) NAMED_UNIT ( * ) SI_UNIT ( $, .METRE. ) );
#2779 = CARTESIAN_POINT ( 'NONE',  ( 0.06018589945980290512, 0.1564960629921262336, 0.07460629921259835651 ) ) ;
#2780 = FILL_AREA_STYLE_COLOUR ( '', #4111 ) ;
#2781 = STYLED_ITEM ( 'NONE', ( #3558 ), #772 ) ;
#2782 = ADVANCED_FACE ( 'NONE', ( #4050 ), #1145, .T. ) ;
#2783 = DIMENSIONAL_EXPONENTS ( 1.000000000000000000, 0.0000000000000000000, 0.0000000000000000000, 0.0000000000000000000, 0.0000000000000000000, 0.0000000000000000000, 0.0000000000000000000 ) ;
#2784 = ORIENTED_EDGE ( 'NONE', *, *, #5976, .F. ) ;
#2785 = UNCERTAINTY_MEASURE_WITH_UNIT (LENGTH_MEASURE( 1.000000000000000082E-05 ), #141, 'distance_accuracy_value', 'NONE');
#2786 = COLOUR_RGB ( '',0.0000000000000000000, 0.0000000000000000000, 1.000000000000000000 ) ;
#2787 = STYLED_ITEM ( 'NONE', ( #5513 ), #1123 ) ;
#2788 = ORIENTED_EDGE ( 'NONE', *, *, #6168, .T. ) ;
#2789 =( LENGTH_UNIT ( ) NAMED_UNIT ( * ) SI_UNIT ( $, .METRE. ) );
#2790 = FACE_OUTER_BOUND ( 'NONE', #5507, .T. ) ;
#2791 = CARTESIAN_POINT ( 'NONE',  ( -0.1464566929133857831, -0.02263779527559057342, 0.01515748031496088298 ) ) ;
#2792 = ADVANCED_FACE ( 'NONE', ( #3983 ), #5008, .T. ) ;
#2793 = PRESENTATION_LAYER_ASSIGNMENT (  '', '', ( #439 ) ) ;
#2794 =( GEOMETRIC_REPRESENTATION_CONTEXT ( 3 ) GLOBAL_UNCERTAINTY_ASSIGNED_CONTEXT ( ( #3040 ) ) GLOBAL_UNIT_ASSIGNED_CONTEXT ( ( #343, #5765, #374 ) ) REPRESENTATION_CONTEXT ( 'NONE', 'WORKASPACE' ) );
#2795 = DIRECTION ( 'NONE',  ( -2.208151064125262763E-16, 1.634031787452694499E-15, 1.000000000000000000 ) ) ;
#2796 = ADVANCED_FACE ( 'NONE', ( #2161 ), #5153, .F. ) ;
#2797 = EDGE_CURVE ( 'NONE', #5466, #2599, #3620, .T. ) ;
#2798 = SURFACE_SIDE_STYLE ('',( #851 ) ) ;
#2799 = UNCERTAINTY_MEASURE_WITH_UNIT (LENGTH_MEASURE( 1.000000000000000082E-05 ), #1397, 'distance_accuracy_value', 'NONE');
#2800 = ORIENTED_EDGE ( 'NONE', *, *, #4955, .F. ) ;
#2801 = ORIENTED_EDGE ( 'NONE', *, *, #6204, .F. ) ;
#2802 = ORIENTED_EDGE ( 'NONE', *, *, #3501, .T. ) ;
#2803 = PLANE ( 'NONE',  #3499 ) ;
#2804 = TOROIDAL_SURFACE ( 'NONE', #2197, 0.005168431248992125769, 0.003937007874015747977 ) ;
#2805 = DIRECTION ( 'NONE',  ( 2.255666698845082219E-10, 1.000000000000000000, -2.962197096095551764E-10 ) ) ;
#2806 =( GEOMETRIC_REPRESENTATION_CONTEXT ( 3 ) GLOBAL_UNCERTAINTY_ASSIGNED_CONTEXT ( ( #2858 ) ) GLOBAL_UNIT_ASSIGNED_CONTEXT ( ( #4180, #6137, #6167 ) ) REPRESENTATION_CONTEXT ( 'NONE', 'WORKASPACE' ) );
#2807 = DIRECTION ( 'NONE',  ( -1.000000000000000000, -1.602884491802569361E-15, 2.711709361697226329E-31 ) ) ;
#2808 = SURFACE_SIDE_STYLE ('',( #5098 ) ) ;
#2809 = MECHANICAL_DESIGN_GEOMETRIC_PRESENTATION_REPRESENTATION (  '', ( #982 ), #5525 ) ;
#2810 = PRESENTATION_STYLE_ASSIGNMENT (( #6068 ) ) ;
#2811 =( CONVERSION_BASED_UNIT ( 'INCH', #866 ) LENGTH_UNIT ( ) NAMED_UNIT ( #2310 ) );
#2812 = ORIENTED_EDGE ( 'NONE', *, *, #6291, .T. ) ;
#2813 = MECHANICAL_DESIGN_GEOMETRIC_PRESENTATION_REPRESENTATION (  '', ( #1289 ), #1508 ) ;
#2814 = FILL_AREA_STYLE_COLOUR ( '', #3655 ) ;
#2815 = FILL_AREA_STYLE_COLOUR ( '', #5197 ) ;
#2816 = ORIENTED_EDGE ( 'NONE', *, *, #1639, .F. ) ;
#2817 = SURFACE_STYLE_USAGE ( .BOTH. , #2271 ) ;
#2818 = VECTOR ( 'NONE', #6005, 39.37007874015748143 ) ;
#2819 = SURFACE_STYLE_USAGE ( .BOTH. , #2881 ) ;
#2820 = DIMENSIONAL_EXPONENTS ( 1.000000000000000000, 0.0000000000000000000, 0.0000000000000000000, 0.0000000000000000000, 0.0000000000000000000, 0.0000000000000000000, 0.0000000000000000000 ) ;
#2821 = CARTESIAN_POINT ( 'NONE',  ( 0.1535433070866143168, -0.02263779527559011892, 0.1151574803149608972 ) ) ;
#2822 = ORIENTED_EDGE ( 'NONE', *, *, #244, .T. ) ;
#2823 = COLOUR_RGB ( '',0.7607843137254901578, 0.7607843137254901578, 0.0000000000000000000 ) ;
#2824 = FILL_AREA_STYLE_COLOUR ( '', #2639 ) ;
#2825 = VERTEX_POINT ( 'NONE', #748 ) ;
#2826 =( NAMED_UNIT ( * ) PLANE_ANGLE_UNIT ( ) SI_UNIT ( $, .RADIAN. ) );
#2827 = ORIENTED_EDGE ( 'NONE', *, *, #1564, .T. ) ;
#2828 = CARTESIAN_POINT ( 'NONE',  ( 0.06018589945968478433, 0.1643700787401577434, 0.08371173833560621724 ) ) ;
#2829 = LINE ( 'NONE', #1336, #824 ) ;
#2830 =( NAMED_UNIT ( * ) SI_UNIT ( $, .STERADIAN. ) SOLID_ANGLE_UNIT ( ) );
#2831 = ORIENTED_EDGE ( 'NONE', *, *, #3972, .T. ) ;
#2832 = ADVANCED_FACE ( 'NONE', ( #3584 ), #4142, .F. ) ;
#2833 = VERTEX_POINT ( 'NONE', #4635 ) ;
#2834 = ORIENTED_EDGE ( 'NONE', *, *, #4610, .F. ) ;
#2835 = CARTESIAN_POINT ( 'NONE',  ( 0.06018589945968472882, 0.2037401574803153759, 0.02972440944881872896 ) ) ;
#2836 = EDGE_CURVE ( 'NONE', #5766, #5392, #3679, .T. ) ;
#2837 = DIRECTION ( 'NONE',  ( 0.1140686577440007121, 1.816622754153544183E-15, 0.9934728689403058421 ) ) ;
#2838 = AXIS2_PLACEMENT_3D ( 'NONE', #976, #2877, #1393 ) ;
#2839 = PLANE ( 'NONE',  #3359 ) ;
#2840 = DIRECTION ( 'NONE',  ( 0.1140686577440007121, 1.816622754153544183E-15, 0.9934728689403058421 ) ) ;
#2841 = DIRECTION ( 'NONE',  ( 1.594929680954395007E-15, -0.9950371902099891530, -0.09950371902099724997 ) ) ;
#2842 = LINE ( 'NONE', #5723, #3890 ) ;
#2843 = EDGE_CURVE ( 'NONE', #3700, #3011, #1270, .T. ) ;
#2844 =( LENGTH_UNIT ( ) NAMED_UNIT ( * ) SI_UNIT ( $, .METRE. ) );
#2845 = SURFACE_STYLE_FILL_AREA ( #3445 ) ;
#2846 = CARTESIAN_POINT ( 'NONE',  ( 0.06743043410952737071, 0.1269685039370082313, 0.01904002503381884912 ) ) ;
#2847 = VECTOR ( 'NONE', #2874, 39.37007874015748143 ) ;
#2848 = ORIENTED_EDGE ( 'NONE', *, *, #5416, .F. ) ;
#2849 = DIRECTION ( 'NONE',  ( -1.000000000000000000, -1.602884491802569361E-15, 2.711709361697226329E-31 ) ) ;
#2850 = LINE ( 'NONE', #4780, #2596 ) ;
#2851 =( CONVERSION_BASED_UNIT ( 'INCH', #5764 ) LENGTH_UNIT ( ) NAMED_UNIT ( #5866 ) );
#2852 = PRESENTATION_STYLE_ASSIGNMENT (( #1398 ) ) ;
#2853 = ORIENTED_EDGE ( 'NONE', *, *, #1441, .F. ) ;
#2854 = PRESENTATION_LAYER_ASSIGNMENT (  '', '', ( #3870 ) ) ;
#2855 = DIRECTION ( 'NONE',  ( -0.6057866173738133408, 3.374170927560872739E-16, 0.7956271577886172564 ) ) ;
#2856 = AXIS2_PLACEMENT_3D ( 'NONE', #2555, #1667, #5888 ) ;
#2857 = ORIENTED_EDGE ( 'NONE', *, *, #1838, .T. ) ;
#2858 = UNCERTAINTY_MEASURE_WITH_UNIT (LENGTH_MEASURE( 1.000000000000000082E-05 ), #4180, 'distance_accuracy_value', 'NONE');
#2859 = ORIENTED_EDGE ( 'NONE', *, *, #4959, .T. ) ;
#2860 = LINE ( 'NONE', #490, #2475 ) ;
#2861 = AXIS2_PLACEMENT_3D ( 'NONE', #4254, #5592, #270 ) ;
#2862 =( GEOMETRIC_REPRESENTATION_CONTEXT ( 3 ) GLOBAL_UNCERTAINTY_ASSIGNED_CONTEXT ( ( #2155 ) ) GLOBAL_UNIT_ASSIGNED_CONTEXT ( ( #3553, #3027, #1631 ) ) REPRESENTATION_CONTEXT ( 'NONE', 'WORKASPACE' ) );
#2863 = DIRECTION ( 'NONE',  ( 0.0000000000000000000, 0.0000000000000000000, -1.000000000000000000 ) ) ;
#2864 = MECHANICAL_DESIGN_GEOMETRIC_PRESENTATION_REPRESENTATION (  '', ( #3255 ), #297 ) ;
#2865 = ORIENTED_EDGE ( 'NONE', *, *, #2323, .F. ) ;
#2866 = EDGE_LOOP ( 'NONE', ( #4507, #5218, #5677, #46, #5799, #2393 ) ) ;
#2867 = ORIENTED_EDGE ( 'NONE', *, *, #1161, .F. ) ;
#2868 = LINE ( 'NONE', #5751, #2589 ) ;
#2869 = TOROIDAL_SURFACE ( 'NONE', #3775, 0.005168431248992125769, 0.003937007874015747977 ) ;
#2870 = AXIS2_PLACEMENT_3D ( 'NONE', #5615, #4744, #2672 ) ;
#2871 =( LENGTH_UNIT ( ) NAMED_UNIT ( * ) SI_UNIT ( $, .METRE. ) );
#2872 = PRESENTATION_LAYER_ASSIGNMENT (  '', '', ( #2067 ) ) ;
#2873 = CARTESIAN_POINT ( 'NONE',  ( -0.1464566929133861994, 0.2273622047244094058, -0.04586614173228362179 ) ) ;
#2874 = DIRECTION ( 'NONE',  ( -2.348093788196917952E-30, 1.644517855226018450E-15, 1.000000000000000000 ) ) ;
#2875 = DIRECTION ( 'NONE',  ( 2.364801230464485631E-30, -1.644517855226018450E-15, -1.000000000000000000 ) ) ;
#2876 = DIMENSIONAL_EXPONENTS ( 1.000000000000000000, 0.0000000000000000000, 0.0000000000000000000, 0.0000000000000000000, 0.0000000000000000000, 0.0000000000000000000, 0.0000000000000000000 ) ;
#2877 = DIRECTION ( 'NONE',  ( 2.600193504018908375E-30, -1.644517855226017859E-15, -1.000000000000000000 ) ) ;
#2878 =( CONVERSION_BASED_UNIT ( 'INCH', #440 ) LENGTH_UNIT ( ) NAMED_UNIT ( #3295 ) );
#2879 = ADVANCED_FACE ( 'NONE', ( #5040 ), #3192, .T. ) ;
#2880 = EDGE_CURVE ( 'NONE', #1435, #6227, #3446, .T. ) ;
#2881 = SURFACE_SIDE_STYLE ('',( #3703 ) ) ;
#2882 = CARTESIAN_POINT ( 'NONE',  ( -0.1535433070866139282, -0.1407480314960631029, 0.01515748031496108768 ) ) ;
#2883 =( NAMED_UNIT ( * ) PLANE_ANGLE_UNIT ( ) SI_UNIT ( $, .RADIAN. ) );
#2884 = VERTEX_POINT ( 'NONE', #2029 ) ;
#2885 = COLOUR_RGB ( '',0.7607843137254901578, 0.7607843137254901578, 0.0000000000000000000 ) ;
#2886 = DIRECTION ( 'NONE',  ( -1.000000000000000000, -1.602884491802569361E-15, 2.711709361697226329E-31 ) ) ;
#2887 = VERTEX_POINT ( 'NONE', #1878 ) ;
#2888 = VERTEX_POINT ( 'NONE', #3966 ) ;
#2889 = PLANE ( 'NONE',  #1997 ) ;
#2890 = PRESENTATION_LAYER_ASSIGNMENT (  '', '', ( #3395 ) ) ;
#2891 = PLANE ( 'NONE',  #5820 ) ;
#2892 = DIRECTION ( 'NONE',  ( 6.254816746612918849E-10, -1.000000000000000000, 1.644517855226017859E-15 ) ) ;
#2893 = VECTOR ( 'NONE', #76, 39.37007874015748143 ) ;
#2894 = ORIENTED_EDGE ( 'NONE', *, *, #198, .F. ) ;
#2895 = ORIENTED_EDGE ( 'NONE', *, *, #2419, .T. ) ;
#2896 = DIRECTION ( 'NONE',  ( -1.000000000000000000, -1.602884491802569361E-15, 2.711709361697226329E-31 ) ) ;
#2897 = STYLED_ITEM ( 'NONE', ( #2600 ), #2034 ) ;
#2898 = PRESENTATION_STYLE_ASSIGNMENT (( #5717 ) ) ;
#2899 = VECTOR ( 'NONE', #5559, 39.37007874015748143 ) ;
#2900 =( NAMED_UNIT ( * ) SI_UNIT ( $, .STERADIAN. ) SOLID_ANGLE_UNIT ( ) );
#2901 = DIRECTION ( 'NONE',  ( 0.0000000000000000000, 1.387778780781445478E-15, 1.000000000000000000 ) ) ;
#2902 = CARTESIAN_POINT ( 'NONE',  ( -0.06929133858267744195, 0.1564960629921261781, 0.03366141732283457061 ) ) ;
#2903 = DIMENSIONAL_EXPONENTS ( 1.000000000000000000, 0.0000000000000000000, 0.0000000000000000000, 0.0000000000000000000, 0.0000000000000000000, 0.0000000000000000000, 0.0000000000000000000 ) ;
#2904 =( GEOMETRIC_REPRESENTATION_CONTEXT ( 3 ) GLOBAL_UNCERTAINTY_ASSIGNED_CONTEXT ( ( #5382 ) ) GLOBAL_UNIT_ASSIGNED_CONTEXT ( ( #2276, #837, #445 ) ) REPRESENTATION_CONTEXT ( 'NONE', 'WORKASPACE' ) );
#2905 = STYLED_ITEM ( 'NONE', ( #2898 ), #1573 ) ;
#2906 = DIRECTION ( 'NONE',  ( -0.7956271577883994306, 0.0000000000000000000, 0.6057866173740993343 ) ) ;
#2907 = DIRECTION ( 'NONE',  ( -0.7956271577887875646, 0.0000000000000000000, 0.6057866173735895199 ) ) ;
#2908 = DIRECTION ( 'NONE',  ( -1.359243330564626174E-15, 0.8479983040050815823, -0.5299989400031900333 ) ) ;
#2909 = PRESENTATION_LAYER_ASSIGNMENT (  '', '', ( #1904 ) ) ;
#2910 = DIRECTION ( 'NONE',  ( -1.000000000000000000, -1.602884491802569361E-15, 2.878783784372901366E-31 ) ) ;
#2911 = DIRECTION ( 'NONE',  ( 2.348093788196917952E-30, -1.644517855226018450E-15, -1.000000000000000000 ) ) ;
#2912 = EDGE_LOOP ( 'NONE', ( #4965, #3177, #4403, #1021, #670, #5761, #1566, #779 ) ) ;
#2913 =( CONVERSION_BASED_UNIT ( 'INCH', #5306 ) LENGTH_UNIT ( ) NAMED_UNIT ( #1361 ) );
#2914 = EDGE_CURVE ( 'NONE', #617, #2449, #5889, .T. ) ;
#2915 = SURFACE_STYLE_FILL_AREA ( #1396 ) ;
#2916 = FACE_OUTER_BOUND ( 'NONE', #2482, .T. ) ;
#2917 = EDGE_CURVE ( 'NONE', #3886, #1543, #2534, .T. ) ;
#2918 = EDGE_CURVE ( 'NONE', #4616, #5283, #2415, .T. ) ;
#2919 = FACE_OUTER_BOUND ( 'NONE', #5417, .T. ) ;
#2920 = DIMENSIONAL_EXPONENTS ( 1.000000000000000000, 0.0000000000000000000, 0.0000000000000000000, 0.0000000000000000000, 0.0000000000000000000, 0.0000000000000000000, 0.0000000000000000000 ) ;
#2921 = ORIENTED_EDGE ( 'NONE', *, *, #5734, .F. ) ;
#2922 = UNCERTAINTY_MEASURE_WITH_UNIT (LENGTH_MEASURE( 1.000000000000000082E-05 ), #3157, 'distance_accuracy_value', 'NONE');
#2923 = ORIENTED_EDGE ( 'NONE', *, *, #200, .T. ) ;
#2924 = PRESENTATION_LAYER_ASSIGNMENT (  '', '', ( #2114 ) ) ;
#2925 = DIRECTION ( 'NONE',  ( 5.046588147372974893E-13, 1.000000000000000000, -4.605343884023600448E-14 ) ) ;
#2926 = ORIENTED_EDGE ( 'NONE', *, *, #107, .F. ) ;
#2927 = ADVANCED_FACE ( 'NONE', ( #1068 ), #348, .T. ) ;
#2928 = FILL_AREA_STYLE_COLOUR ( '', #4678 ) ;
#2929 = CARTESIAN_POINT ( 'NONE',  ( -0.1464566929133855888, -0.1407480314960631029, -0.006889763779527091452 ) ) ;
#2930 = UNCERTAINTY_MEASURE_WITH_UNIT (LENGTH_MEASURE( 1.000000000000000082E-05 ), #5119, 'distance_accuracy_value', 'NONE');
#2931 = ORIENTED_EDGE ( 'NONE', *, *, #4732, .F. ) ;
#2932 = ORIENTED_EDGE ( 'NONE', *, *, #5704, .T. ) ;
#2933 = LINE ( 'NONE', #499, #4712 ) ;
#2934 = DIMENSIONAL_EXPONENTS ( 1.000000000000000000, 0.0000000000000000000, 0.0000000000000000000, 0.0000000000000000000, 0.0000000000000000000, 0.0000000000000000000, 0.0000000000000000000 ) ;
#2935 =( CONVERSION_BASED_UNIT ( 'INCH', #4307 ) LENGTH_UNIT ( ) NAMED_UNIT ( #958 ) );
#2936 = LINE ( 'NONE', #3376, #3523 ) ;
#2937 = SURFACE_STYLE_FILL_AREA ( #626 ) ;
#2938 = CARTESIAN_POINT ( 'NONE',  ( -0.007480314960630130190, 0.1269685039370081203, -0.09586614173228349967 ) ) ;
#2939 =( NAMED_UNIT ( * ) PLANE_ANGLE_UNIT ( ) SI_UNIT ( $, .RADIAN. ) );
#2940 = LINE ( 'NONE', #509, #3127 ) ;
#2941 = ORIENTED_EDGE ( 'NONE', *, *, #4577, .F. ) ;
#2942 = DIRECTION ( 'NONE',  ( -1.000000000000000000, -1.602884491802569361E-15, 2.711709361697226329E-31 ) ) ;
#2943 = DIMENSIONAL_EXPONENTS ( 1.000000000000000000, 0.0000000000000000000, 0.0000000000000000000, 0.0000000000000000000, 0.0000000000000000000, 0.0000000000000000000, 0.0000000000000000000 ) ;
#2944 = CARTESIAN_POINT ( 'NONE',  ( 0.06929133858267698398, 0.1269685039370082313, 0.1245559781998425014 ) ) ;
#2945 = LINE ( 'NONE', #4872, #729 ) ;
#2946 = CARTESIAN_POINT ( 'NONE',  ( 0.01934165959544850363, 0.1998031496062994405, 0.08371173833560614785 ) ) ;
#2947 =( LENGTH_UNIT ( ) NAMED_UNIT ( * ) SI_UNIT ( $, .METRE. ) );
#2948 = ADVANCED_FACE ( 'NONE', ( #3006 ), #4292, .T. ) ;
#2949 = VERTEX_POINT ( 'NONE', #6036 ) ;
#2950 = EDGE_CURVE ( 'NONE', #4591, #3039, #2556, .T. ) ;
#2951 = ORIENTED_EDGE ( 'NONE', *, *, #4576, .F. ) ;
#2952 = DIRECTION ( 'NONE',  ( 1.000000000000000000, 1.602884491802569361E-15, 0.0000000000000000000 ) ) ;
#2953 = DIRECTION ( 'NONE',  ( -2.348093788196917952E-30, 1.644517855226018450E-15, 1.000000000000000000 ) ) ;
#2954 = ORIENTED_EDGE ( 'NONE', *, *, #3937, .F. ) ;
#2955 = DIRECTION ( 'NONE',  ( -2.348093788196917952E-30, 1.644517855226018450E-15, 1.000000000000000000 ) ) ;
#2956 = ADVANCED_FACE ( 'NONE', ( #4494 ), #892, .T. ) ;
#2957 = EDGE_CURVE ( 'NONE', #5135, #4763, #5520, .T. ) ;
#2958 = ORIENTED_EDGE ( 'NONE', *, *, #888, .F. ) ;
#2959 =( GEOMETRIC_REPRESENTATION_CONTEXT ( 3 ) GLOBAL_UNCERTAINTY_ASSIGNED_CONTEXT ( ( #3153 ) ) GLOBAL_UNIT_ASSIGNED_CONTEXT ( ( #4244, #3724, #5164 ) ) REPRESENTATION_CONTEXT ( 'NONE', 'WORKASPACE' ) );
#2960 = CIRCLE ( 'NONE', #5787, 0.003937007874015749712 ) ;
#2961 = CARTESIAN_POINT ( 'NONE',  ( -0.08720472440944879167, -0.06003937007874045328, -0.09251968503936990051 ) ) ;
#2962 = VERTEX_POINT ( 'NONE', #4468 ) ;
#2963 = PRESENTATION_STYLE_ASSIGNMENT (( #1024 ) ) ;
#2964 = SURFACE_SIDE_STYLE ('',( #4084 ) ) ;
#2965 = COLOUR_RGB ( '',0.7607843137254901578, 0.7607843137254901578, 0.0000000000000000000 ) ;
#2966 = DIRECTION ( 'NONE',  ( 0.0000000000000000000, 0.0000000000000000000, 1.000000000000000000 ) ) ;
#2967 = CARTESIAN_POINT ( 'NONE',  ( 0.06743043410952725969, 0.1998031496062996071, -0.1107723084983623790 ) ) ;
#2968 = LINE ( 'NONE', #6273, #6106 ) ;
#2969 =( GEOMETRIC_REPRESENTATION_CONTEXT ( 3 ) GLOBAL_UNCERTAINTY_ASSIGNED_CONTEXT ( ( #1417 ) ) GLOBAL_UNIT_ASSIGNED_CONTEXT ( ( #5104, #5166, #2769 ) ) REPRESENTATION_CONTEXT ( 'NONE', 'WORKASPACE' ) );
#2970 = AXIS2_PLACEMENT_3D ( 'NONE', #3459, #3044, #559 ) ;
#2971 = DIRECTION ( 'NONE',  ( -2.364801230464485631E-30, 1.644517855226018450E-15, 1.000000000000000000 ) ) ;
#2972 = CARTESIAN_POINT ( 'NONE',  ( -0.1464566929133855611, -0.1722440944881890590, -0.003740157480314449702 ) ) ;
#2973 = COLOUR_RGB ( '',0.7607843137254901578, 0.7607843137254901578, 0.0000000000000000000 ) ;
#2974 = CARTESIAN_POINT ( 'NONE',  ( 0.01934165959544850363, 0.1998031496062995238, -0.1214566929133859829 ) ) ;
#2975 = LINE ( 'NONE', #4418, #3073 ) ;
#2976 = AXIS2_PLACEMENT_3D ( 'NONE', #981, #5892, #480 ) ;
#2977 = DIRECTION ( 'NONE',  ( -1.602884491802569361E-15, 1.000000000000000000, -1.644517855226017859E-15 ) ) ;
#2978 = DIRECTION ( 'NONE',  ( 1.602884491802569361E-15, -1.000000000000000000, 1.644517855226017859E-15 ) ) ;
#2979 = UNCERTAINTY_MEASURE_WITH_UNIT (LENGTH_MEASURE( 1.000000000000000082E-05 ), #467, 'distance_accuracy_value', 'NONE');
#2980 = ORIENTED_EDGE ( 'NONE', *, *, #198, .T. ) ;
#2981 = ORIENTED_EDGE ( 'NONE', *, *, #362, .T. ) ;
#2982 = DIRECTION ( 'NONE',  ( 2.348093788196917952E-30, -1.644517855226018450E-15, -1.000000000000000000 ) ) ;
#2983 = DIRECTION ( 'NONE',  ( -1.602884491802569361E-15, 1.000000000000000000, -1.644517855226017859E-15 ) ) ;
#2984 = EDGE_CURVE ( 'NONE', #4321, #1023, #3116, .T. ) ;
#2985 = DIRECTION ( 'NONE',  ( 1.602884491802569361E-15, -1.000000000000000000, 1.644517855226017859E-15 ) ) ;
#2986 = EDGE_LOOP ( 'NONE', ( #5982, #2269, #3304, #3072 ) ) ;
#2987 =( GEOMETRIC_REPRESENTATION_CONTEXT ( 3 ) GLOBAL_UNCERTAINTY_ASSIGNED_CONTEXT ( ( #5446 ) ) GLOBAL_UNIT_ASSIGNED_CONTEXT ( ( #636, #699, #182 ) ) REPRESENTATION_CONTEXT ( 'NONE', 'WORKASPACE' ) );
#2988 = DIMENSIONAL_EXPONENTS ( 1.000000000000000000, 0.0000000000000000000, 0.0000000000000000000, 0.0000000000000000000, 0.0000000000000000000, 0.0000000000000000000, 0.0000000000000000000 ) ;
#2989 = DIRECTION ( 'NONE',  ( 1.594929680954395007E-15, -0.9950371902099891530, -0.09950371902099724997 ) ) ;
#2990 = DIRECTION ( 'NONE',  ( 1.000000000000000000, 1.602884491802569361E-15, -2.711709361697224578E-31 ) ) ;
#2991 = ORIENTED_EDGE ( 'NONE', *, *, #368, .F. ) ;
#2992 = STYLED_ITEM ( 'NONE', ( #3145 ), #486 ) ;
#2993 = ORIENTED_EDGE ( 'NONE', *, *, #803, .T. ) ;
#2994 = EDGE_CURVE ( 'NONE', #2479, #2888, #4987, .T. ) ;
#2995 = SURFACE_STYLE_FILL_AREA ( #999 ) ;
#2996 = EDGE_CURVE ( 'NONE', #124, #4889, #671, .T. ) ;
#2997 = EDGE_CURVE ( 'NONE', #1535, #3022, #4148, .T. ) ;
#2998 = AXIS2_PLACEMENT_3D ( 'NONE', #5656, #1798, #1670 ) ;
#2999 = LINE ( 'NONE', #4921, #2154 ) ;
#3000 = FILL_AREA_STYLE_COLOUR ( '', #3985 ) ;
#3001 = DIRECTION ( 'NONE',  ( -1.000000000000000000, -1.602884491802569361E-15, 2.711709361697226329E-31 ) ) ;
#3002 = AXIS2_PLACEMENT_3D ( 'NONE', #1044, #2040, #2952 ) ;
#3003 = AXIS2_PLACEMENT_3D ( 'NONE', #1459, #479, #3322 ) ;
#3004 = FILL_AREA_STYLE ('',( #4523 ) ) ;
#3005 = STYLED_ITEM ( 'NONE', ( #3220 ), #1206 ) ;
#3006 = FACE_OUTER_BOUND ( 'NONE', #1800, .T. ) ;
#3007 = PRESENTATION_LAYER_ASSIGNMENT (  '', '', ( #3196 ) ) ;
#3008 = LINE ( 'NONE', #4847, #3582 ) ;
#3009 = CYLINDRICAL_SURFACE ( 'NONE', #3929, 0.009105439123007878083 ) ;
#3010 = PLANE ( 'NONE',  #1365 ) ;
#3011 = VERTEX_POINT ( 'NONE', #2144 ) ;
#3012 = VECTOR ( 'NONE', #1375, 39.37007874015748143 ) ;
#3013 = ORIENTED_EDGE ( 'NONE', *, *, #3447, .F. ) ;
#3014 = ORIENTED_EDGE ( 'NONE', *, *, #5425, .F. ) ;
#3015 = CARTESIAN_POINT ( 'NONE',  ( 0.08700787401574773539, 0.1998031496062996071, 0.004133858267716384455 ) ) ;
#3016 =( NAMED_UNIT ( * ) PLANE_ANGLE_UNIT ( ) SI_UNIT ( $, .RADIAN. ) );
#3017 = LENGTH_MEASURE_WITH_UNIT ( LENGTH_MEASURE( 0.02539999999999999897 ), #4112 );
#3018 = ORIENTED_EDGE ( 'NONE', *, *, #3137, .T. ) ;
#3019 = LINE ( 'NONE', #1627, #6101 ) ;
#3020 = SURFACE_STYLE_USAGE ( .BOTH. , #3494 ) ;
#3021 = VECTOR ( 'NONE', #1205, 39.37007874015748143 ) ;
#3022 = VERTEX_POINT ( 'NONE', #4582 ) ;
#3023 = LINE ( 'NONE', #1055, #2099 ) ;
#3024 = ORIENTED_EDGE ( 'NONE', *, *, #5540, .T. ) ;
#3025 = CARTESIAN_POINT ( 'NONE',  ( 0.06889763779527535714, 0.1564960629921264001, 0.1820866141732282728 ) ) ;
#3026 = FILL_AREA_STYLE ('',( #49 ) ) ;
#3027 =( NAMED_UNIT ( * ) PLANE_ANGLE_UNIT ( ) SI_UNIT ( $, .RADIAN. ) );
#3028 = SURFACE_STYLE_USAGE ( .BOTH. , #4980 ) ;
#3029 = ADVANCED_FACE ( 'NONE', ( #5439 ), #3633, .T. ) ;
#3030 = CARTESIAN_POINT ( 'NONE',  ( 0.06929133858267698398, 0.1269685039370082313, 0.1336614173228346247 ) ) ;
#3031 = EDGE_CURVE ( 'NONE', #4726, #1732, #4274, .T. ) ;
#3032 = PRESENTATION_STYLE_ASSIGNMENT (( #1100 ) ) ;
#3033 = SURFACE_STYLE_FILL_AREA ( #2088 ) ;
#3034 = ADVANCED_FACE ( 'NONE', ( #2266 ), #763, .T. ) ;
#3035 = ORIENTED_EDGE ( 'NONE', *, *, #5303, .T. ) ;
#3036 = DIRECTION ( 'NONE',  ( 1.000000000000000000, 1.602884491802764604E-15, 1.187510765328999591E-13 ) ) ;
#3037 = DIRECTION ( 'NONE',  ( 1.000000000000000000, 1.875148439272792120E-15, 1.586938124156564227E-11 ) ) ;
#3038 = DIRECTION ( 'NONE',  ( 0.0000000000000000000, 0.0000000000000000000, 1.000000000000000000 ) ) ;
#3039 = VERTEX_POINT ( 'NONE', #2303 ) ;
#3040 = UNCERTAINTY_MEASURE_WITH_UNIT (LENGTH_MEASURE( 1.000000000000000082E-05 ), #343, 'distance_accuracy_value', 'NONE');
#3041 = ORIENTED_EDGE ( 'NONE', *, *, #2560, .T. ) ;
#3042 = VERTEX_POINT ( 'NONE', #5655 ) ;
#3043 = ORIENTED_EDGE ( 'NONE', *, *, #2103, .F. ) ;
#3044 = DIRECTION ( 'NONE',  ( -1.602884491802569361E-15, 1.000000000000000000, -1.644517855226017859E-15 ) ) ;
#3045 = SURFACE_SIDE_STYLE ('',( #1086 ) ) ;
#3046 =( GEOMETRIC_REPRESENTATION_CONTEXT ( 3 ) GLOBAL_UNCERTAINTY_ASSIGNED_CONTEXT ( ( #2425 ) ) GLOBAL_UNIT_ASSIGNED_CONTEXT ( ( #3381, #5301, #475 ) ) REPRESENTATION_CONTEXT ( 'NONE', 'WORKASPACE' ) );
#3047 =( LENGTH_UNIT ( ) NAMED_UNIT ( * ) SI_UNIT ( $, .METRE. ) );
#3048 = VERTEX_POINT ( 'NONE', #4611 ) ;
#3049 = PLANE ( 'NONE',  #2685 ) ;
#3050 =( NAMED_UNIT ( * ) SI_UNIT ( $, .STERADIAN. ) SOLID_ANGLE_UNIT ( ) );
#3051 = LINE ( 'NONE', #142, #6200 ) ;
#3052 = CARTESIAN_POINT ( 'NONE',  ( 0.01522951533058629174, 0.2037401574803152371, -0.01315729518093717090 ) ) ;
#3053 = PRESENTATION_LAYER_ASSIGNMENT (  '', '', ( #2051 ) ) ;
#3054 = PLANE ( 'NONE',  #1210 ) ;
#3055 = SURFACE_SIDE_STYLE ('',( #3961 ) ) ;
#3056 = MECHANICAL_DESIGN_GEOMETRIC_PRESENTATION_REPRESENTATION (  '', ( #3146 ), #391 ) ;
#3057 = CARTESIAN_POINT ( 'NONE',  ( 0.1948818897637796532, -0.05413385826771593967, -0.1738188976377951778 ) ) ;
#3058 = DIRECTION ( 'NONE',  ( -2.364801230464485631E-30, 1.644517855226018450E-15, 1.000000000000000000 ) ) ;
#3059 = ORIENTED_EDGE ( 'NONE', *, *, #2299, .T. ) ;
#3060 = PRESENTATION_STYLE_ASSIGNMENT (( #4645 ) ) ;
#3061 = CARTESIAN_POINT ( 'NONE',  ( 0.06018589945968484678, 0.1269685039370081203, 0.08371173833560627275 ) ) ;
#3062 = CARTESIAN_POINT ( 'NONE',  ( 0.08720472440944884718, -0.06003937007874016879, -0.09251968503936990051 ) ) ;
#3063 = ORIENTED_EDGE ( 'NONE', *, *, #6045, .T. ) ;
#3064 = ADVANCED_FACE ( 'NONE', ( #5720 ), #5686, .T. ) ;
#3065 = ADVANCED_FACE ( 'NONE', ( #4150 ), #3630, .T. ) ;
#3066 = ORIENTED_EDGE ( 'NONE', *, *, #1415, .T. ) ;
#3067 = STYLED_ITEM ( 'NONE', ( #4760 ), #5650 ) ;
#3068 = DIRECTION ( 'NONE',  ( -1.602884491802569361E-15, 1.000000000000000000, -1.644517855226017859E-15 ) ) ;
#3069 = ORIENTED_EDGE ( 'NONE', *, *, #1801, .T. ) ;
#3070 = FILL_AREA_STYLE_COLOUR ( '', #6026 ) ;
#3071 = DIRECTION ( 'NONE',  ( 1.594929680954418377E-16, -0.09950371902100052512, -0.9950371902099890420 ) ) ;
#3072 = ORIENTED_EDGE ( 'NONE', *, *, #2532, .F. ) ;
#3073 = VECTOR ( 'NONE', #3036, 39.37007874015748143 ) ;
#3074 = SURFACE_SIDE_STYLE ('',( #586 ) ) ;
#3075 = DIRECTION ( 'NONE',  ( 0.0000000000000000000, 0.0000000000000000000, 1.000000000000000000 ) ) ;
#3076 = LINE ( 'NONE', #1207, #4731 ) ;
#3077 = AXIS2_PLACEMENT_3D ( 'NONE', #4559, #152, #1620 ) ;
#3078 = FILL_AREA_STYLE_COLOUR ( '', #2696 ) ;
#3079 = CARTESIAN_POINT ( 'NONE',  ( 0.06429804372452725680, 0.1998031496062996071, 0.02142501171637779464 ) ) ;
#3080 = PRESENTATION_STYLE_ASSIGNMENT (( #3028 ) ) ;
#3081 = AXIS2_PLACEMENT_3D ( 'NONE', #2761, #2288, #4234 ) ;
#3082 = CARTESIAN_POINT ( 'NONE',  ( 0.01522951533058629174, 0.2037401574803152926, 0.02142501171637779464 ) ) ;
#3083 = AXIS2_PLACEMENT_3D ( 'NONE', #2583, #3472, #5461 ) ;
#3084 = CARTESIAN_POINT ( 'NONE',  ( -0.1535433070866138727, -0.1722440944881890035, -0.08799212598425146248 ) ) ;
#3085 = CARTESIAN_POINT ( 'NONE',  ( -0.06889763779527570409, 0.05610236220472458041, 0.1624015748031496786 ) ) ;
#3086 = CARTESIAN_POINT ( 'NONE',  ( 0.06018589945980290512, 0.1564960629921262614, -0.02539370078740165945 ) ) ;
#3087 = DIRECTION ( 'NONE',  ( -1.602884491802569361E-15, 1.000000000000000000, -1.644517855226017859E-15 ) ) ;
#3088 = DIMENSIONAL_EXPONENTS ( 1.000000000000000000, 0.0000000000000000000, 0.0000000000000000000, 0.0000000000000000000, 0.0000000000000000000, 0.0000000000000000000, 0.0000000000000000000 ) ;
#3089 = SURFACE_STYLE_FILL_AREA ( #2179 ) ;
#3090 = ORIENTED_EDGE ( 'NONE', *, *, #5976, .T. ) ;
#3091 = SURFACE_STYLE_FILL_AREA ( #4185 ) ;
#3092 = CARTESIAN_POINT ( 'NONE',  ( 0.1535433070866145389, -0.1722440944881885594, 0.01200787401574855001 ) ) ;
#3093 = VERTEX_POINT ( 'NONE', #5616 ) ;
#3094 = AXIS2_PLACEMENT_3D ( 'NONE', #6126, #5154, #5638 ) ;
#3095 = MECHANICAL_DESIGN_GEOMETRIC_PRESENTATION_REPRESENTATION (  '', ( #5617 ), #2005 ) ;
#3096 = VERTEX_POINT ( 'NONE', #5365 ) ;
#3097 = EDGE_CURVE ( 'NONE', #2626, #3212, #3430, .T. ) ;
#3098 = UNCERTAINTY_MEASURE_WITH_UNIT (LENGTH_MEASURE( 1.000000000000000082E-05 ), #596, 'distance_accuracy_value', 'NONE');
#3099 = COLOUR_RGB ( '',0.7607843137254901578, 0.7607843137254901578, 0.0000000000000000000 ) ;
#3100 = PRESENTATION_LAYER_ASSIGNMENT (  '', '', ( #4134 ) ) ;
#3101 = EDGE_CURVE ( 'NONE', #3238, #3274, #5857, .T. ) ;
#3102 = LENGTH_MEASURE_WITH_UNIT ( LENGTH_MEASURE( 0.02539999999999999897 ), #1200 );
#3103 = VERTEX_POINT ( 'NONE', #1450 ) ;
#3104 = CARTESIAN_POINT ( 'NONE',  ( 0.01934165959544861813, 0.1269685039370082036, 0.03366141732283462612 ) ) ;
#3105 = CARTESIAN_POINT ( 'NONE',  ( 0.01934165959544861813, 0.1269685039370081203, -0.02539370078740161782 ) ) ;
#3106 = EDGE_CURVE ( 'NONE', #1813, #3368, #5265, .T. ) ;
#3107 = TOROIDAL_SURFACE ( 'NONE', #3315, 0.005168431248992125769, 0.003937007874015747977 ) ;
#3108 = FILL_AREA_STYLE ('',( #1238 ) ) ;
#3109 =( GEOMETRIC_REPRESENTATION_CONTEXT ( 3 ) GLOBAL_UNCERTAINTY_ASSIGNED_CONTEXT ( ( #4562 ) ) GLOBAL_UNIT_ASSIGNED_CONTEXT ( ( #1847, #2826, #4870 ) ) REPRESENTATION_CONTEXT ( 'NONE', 'WORKASPACE' ) );
#3110 = DIRECTION ( 'NONE',  ( 1.602884491802569361E-15, -1.000000000000000000, 1.644517855226017859E-15 ) ) ;
#3111 = SURFACE_SIDE_STYLE ('',( #1610 ) ) ;
#3112 =( CONVERSION_BASED_UNIT ( 'INCH', #4605 ) LENGTH_UNIT ( ) NAMED_UNIT ( #371 ) );
#3113 =( GEOMETRIC_REPRESENTATION_CONTEXT ( 3 ) GLOBAL_UNCERTAINTY_ASSIGNED_CONTEXT ( ( #3669 ) ) GLOBAL_UNIT_ASSIGNED_CONTEXT ( ( #4525, #3595, #5926 ) ) REPRESENTATION_CONTEXT ( 'NONE', 'WORKASPACE' ) );
#3114 = LINE ( 'NONE', #3084, #4482 ) ;
#3115 = SURFACE_STYLE_USAGE ( .BOTH. , #117 ) ;
#3116 = LINE ( 'NONE', #3534, #4544 ) ;
#3117 = DIRECTION ( 'NONE',  ( 1.602884491802569361E-15, -1.000000000000000000, 1.644517855226018450E-15 ) ) ;
#3118 = FILL_AREA_STYLE_COLOUR ( '', #1236 ) ;
#3119 = ORIENTED_EDGE ( 'NONE', *, *, #4652, .T. ) ;
#3120 = CARTESIAN_POINT ( 'NONE',  ( 0.06929133858267687296, 0.1958661417322838660, 0.1336614173228345137 ) ) ;
#3121 = LINE ( 'NONE', #1221, #2377 ) ;
#3122 = ORIENTED_EDGE ( 'NONE', *, *, #5229, .T. ) ;
#3123 = ORIENTED_EDGE ( 'NONE', *, *, #4503, .F. ) ;
#3124 = LINE ( 'NONE', #5504, #3762 ) ;
#3125 = PRESENTATION_STYLE_ASSIGNMENT (( #4012 ) ) ;
#3126 = VERTEX_POINT ( 'NONE', #2494 ) ;
#3127 = VECTOR ( 'NONE', #2471, 39.37007874015748143 ) ;
#3128 = EDGE_CURVE ( 'NONE', #6143, #2949, #5885, .T. ) ;
#3129 = LINE ( 'NONE', #1434, #621 ) ;
#3130 = EDGE_CURVE ( 'NONE', #344, #3636, #6059, .T. ) ;
#3131 = DIRECTION ( 'NONE',  ( -2.600193504018907675E-30, 1.644517855226017859E-15, 1.000000000000000000 ) ) ;
#3132 = DIRECTION ( 'NONE',  ( 1.766520851300210063E-16, -1.678194808735199276E-15, -1.000000000000000000 ) ) ;
#3133 = SURFACE_SIDE_STYLE ('',( #785 ) ) ;
#3134 = DIRECTION ( 'NONE',  ( 1.602884491802569361E-15, -1.000000000000000000, 1.644517855226017859E-15 ) ) ;
#3135 = COLOUR_RGB ( '',0.7607843137254901578, 0.7607843137254901578, 0.0000000000000000000 ) ;
#3136 = EDGE_CURVE ( 'NONE', #6162, #64, #5333, .T. ) ;
#3137 = EDGE_CURVE ( 'NONE', #4648, #2394, #5817, .T. ) ;
#3138 = CYLINDRICAL_SURFACE ( 'NONE', #991, 0.009105439123007874613 ) ;
#3139 = CARTESIAN_POINT ( 'NONE',  ( 0.1464566929133862272, -0.1722440944881885871, -0.006889763779527056757 ) ) ;
#3140 =( NAMED_UNIT ( * ) SI_UNIT ( $, .STERADIAN. ) SOLID_ANGLE_UNIT ( ) );
#3141 = AXIS2_PLACEMENT_3D ( 'NONE', #4290, #3738, #6250 ) ;
#3142 = SURFACE_SIDE_STYLE ('',( #1213 ) ) ;
#3143 = AXIS2_PLACEMENT_3D ( 'NONE', #3831, #477, #1429 ) ;
#3144 = LINE ( 'NONE', #2231, #1243 ) ;
#3145 = PRESENTATION_STYLE_ASSIGNMENT (( #5585 ) ) ;
#3146 = STYLED_ITEM ( 'NONE', ( #4221 ), #4854 ) ;
#3147 = VERTEX_POINT ( 'NONE', #3826 ) ;
#3148 = LINE ( 'NONE', #5588, #5560 ) ;
#3149 = ORIENTED_EDGE ( 'NONE', *, *, #725, .T. ) ;
#3150 = ORIENTED_EDGE ( 'NONE', *, *, #758, .T. ) ;
#3151 = MECHANICAL_DESIGN_GEOMETRIC_PRESENTATION_REPRESENTATION (  '', ( #2358 ), #5577 ) ;
#3152 = AXIS2_PLACEMENT_3D ( 'NONE', #4694, #3625, #1209 ) ;
#3153 = UNCERTAINTY_MEASURE_WITH_UNIT (LENGTH_MEASURE( 1.000000000000000082E-05 ), #4244, 'distance_accuracy_value', 'NONE');
#3154 = DIRECTION ( 'NONE',  ( -1.602884491802569361E-15, 1.000000000000000000, -1.644517855226017859E-15 ) ) ;
#3155 = FACE_OUTER_BOUND ( 'NONE', #3909, .T. ) ;
#3156 = PRESENTATION_LAYER_ASSIGNMENT (  '', '', ( #718 ) ) ;
#3157 =( CONVERSION_BASED_UNIT ( 'INCH', #1229 ) LENGTH_UNIT ( ) NAMED_UNIT ( #416 ) );
#3158 = ORIENTED_EDGE ( 'NONE', *, *, #5897, .F. ) ;
#3159 = MECHANICAL_DESIGN_GEOMETRIC_PRESENTATION_REPRESENTATION (  '', ( #3870 ), #111 ) ;
#3160 =( LENGTH_UNIT ( ) NAMED_UNIT ( * ) SI_UNIT ( $, .METRE. ) );
#3161 = FILL_AREA_STYLE_COLOUR ( '', #1346 ) ;
#3162 = AXIS2_PLACEMENT_3D ( 'NONE', #811, #4692, #5090 ) ;
#3163 = LENGTH_MEASURE_WITH_UNIT ( LENGTH_MEASURE( 0.02539999999999999897 ), #3653 );
#3164 = MECHANICAL_DESIGN_GEOMETRIC_PRESENTATION_REPRESENTATION (  '', ( #1049 ), #4800 ) ;
#3165 = LINE ( 'NONE', #2225, #1233 ) ;
#3166 = SURFACE_STYLE_FILL_AREA ( #4662 ) ;
#3167 = PRESENTATION_STYLE_ASSIGNMENT (( #2729 ) ) ;
#3168 = AXIS2_PLACEMENT_3D ( 'NONE', #5377, #2978, #2062 ) ;
#3169 = EDGE_CURVE ( 'NONE', #1043, #3366, #2936, .T. ) ;
#3170 = SURFACE_SIDE_STYLE ('',( #4665 ) ) ;
#3171 = EDGE_CURVE ( 'NONE', #4186, #643, #6271, .T. ) ;
#3172 = ADVANCED_FACE ( 'NONE', ( #5783 ), #4311, .F. ) ;
#3173 = STYLED_ITEM ( 'NONE', ( #2308 ), #280 ) ;
#3174 = CYLINDRICAL_SURFACE ( 'NONE', #95, 0.009105439123007878083 ) ;
#3175 =( NAMED_UNIT ( * ) PLANE_ANGLE_UNIT ( ) SI_UNIT ( $, .RADIAN. ) );
#3176 = PRESENTATION_LAYER_ASSIGNMENT (  '', '', ( #2781 ) ) ;
#3177 = ORIENTED_EDGE ( 'NONE', *, *, #4017, .T. ) ;
#3178 = DIRECTION ( 'NONE',  ( -2.348093788196917952E-30, 1.644517855226018450E-15, 1.000000000000000000 ) ) ;
#3179 = ORIENTED_EDGE ( 'NONE', *, *, #5613, .T. ) ;
#3180 = SURFACE_STYLE_FILL_AREA ( #5111 ) ;
#3181 = VERTEX_POINT ( 'NONE', #4952 ) ;
#3182 = LINE ( 'NONE', #5115, #3467 ) ;
#3183 = LENGTH_MEASURE_WITH_UNIT ( LENGTH_MEASURE( 0.02539999999999999897 ), #373 );
#3184 = CIRCLE ( 'NONE', #2095, 0.005168431248992127504 ) ;
#3185 = AXIS2_PLACEMENT_3D ( 'NONE', #1526, #4005, #3037 ) ;
#3186 = DIRECTION ( 'NONE',  ( 1.602884491802569361E-15, -1.000000000000000000, 1.644517855226018450E-15 ) ) ;
#3187 = EDGE_LOOP ( 'NONE', ( #5777, #3489, #2894, #2381 ) ) ;
#3188 = FILL_AREA_STYLE ('',( #709 ) ) ;
#3189 = LINE ( 'NONE', #4106, #518 ) ;
#3190 = AXIS2_PLACEMENT_3D ( 'NONE', #5663, #6078, #246 ) ;
#3191 = ORIENTED_EDGE ( 'NONE', *, *, #1709, .T. ) ;
#3192 = CYLINDRICAL_SURFACE ( 'NONE', #3425, 0.009105439123007878083 ) ;
#3193 = AXIS2_PLACEMENT_3D ( 'NONE', #1545, #5995, #4055 ) ;
#3194 = LINE ( 'NONE', #4263, #5743 ) ;
#3195 = LENGTH_MEASURE_WITH_UNIT ( LENGTH_MEASURE( 0.02539999999999999897 ), #1581 );
#3196 = STYLED_ITEM ( 'NONE', ( #861 ), #2489 ) ;
#3197 = STYLED_ITEM ( 'NONE', ( #5453 ), #1788 ) ;
#3198 = SURFACE_STYLE_USAGE ( .BOTH. , #4113 ) ;
#3199 = SURFACE_STYLE_FILL_AREA ( #2259 ) ;
#3200 = SURFACE_STYLE_FILL_AREA ( #3656 ) ;
#3201 = VECTOR ( 'NONE', #2727, 39.37007874015748143 ) ;
#3202 = SURFACE_STYLE_USAGE ( .BOTH. , #5095 ) ;
#3203 = LINE ( 'NONE', #151, #4827 ) ;
#3204 = PRESENTATION_LAYER_ASSIGNMENT (  '', '', ( #5037 ) ) ;
#3205 = EDGE_CURVE ( 'NONE', #4321, #2094, #5517, .T. ) ;
#3206 =( LENGTH_UNIT ( ) NAMED_UNIT ( * ) SI_UNIT ( $, .METRE. ) );
#3207 =( NAMED_UNIT ( * ) PLANE_ANGLE_UNIT ( ) SI_UNIT ( $, .RADIAN. ) );
#3208 = EDGE_CURVE ( 'NONE', #2125, #2737, #1064, .T. ) ;
#3209 = FACE_OUTER_BOUND ( 'NONE', #3302, .T. ) ;
#3210 = PRESENTATION_STYLE_ASSIGNMENT (( #4643 ) ) ;
#3211 = EDGE_LOOP ( 'NONE', ( #4749, #2146, #5448, #4619, #1230, #1844, #3396, #302 ) ) ;
#3212 = VERTEX_POINT ( 'NONE', #624 ) ;
#3213 = CARTESIAN_POINT ( 'NONE',  ( 0.06889763779527535714, 0.1564960629921263724, 0.1624015748031495399 ) ) ;
#3214 = EDGE_LOOP ( 'NONE', ( #2361, #5000, #5179, #1806 ) ) ;
#3215 = EDGE_CURVE ( 'NONE', #3427, #5737, #2582, .T. ) ;
#3216 = UNCERTAINTY_MEASURE_WITH_UNIT (LENGTH_MEASURE( 1.000000000000000082E-05 ), #1890, 'distance_accuracy_value', 'NONE');
#3217 =( NAMED_UNIT ( * ) PLANE_ANGLE_UNIT ( ) SI_UNIT ( $, .RADIAN. ) );
#3218 = DIRECTION ( 'NONE',  ( -1.602884491802569361E-15, 1.000000000000000000, -1.644517855226017859E-15 ) ) ;
#3219 = PRESENTATION_STYLE_ASSIGNMENT (( #4137 ) ) ;
#3220 = PRESENTATION_STYLE_ASSIGNMENT (( #5598 ) ) ;
#3221 = ORIENTED_EDGE ( 'NONE', *, *, #1400, .F. ) ;
#3222 = CARTESIAN_POINT ( 'NONE',  ( 0.1535433070866143168, -0.02263779527559012933, -0.006889763779527295282 ) ) ;
#3223 = ORIENTED_EDGE ( 'NONE', *, *, #450, .F. ) ;
#3224 = DIRECTION ( 'NONE',  ( 1.000000000000000000, 1.602884491802569361E-15, -2.711709361697226329E-31 ) ) ;
#3225 = DIRECTION ( 'NONE',  ( -1.000000000000000000, -1.602884491802569361E-15, 2.711709361697226329E-31 ) ) ;
#3226 = MECHANICAL_DESIGN_GEOMETRIC_PRESENTATION_REPRESENTATION (  '', ( #5148 ), #3646 ) ;
#3227 = LENGTH_MEASURE_WITH_UNIT ( LENGTH_MEASURE( 0.02539999999999999897 ), #321 );
#3228 = ORIENTED_EDGE ( 'NONE', *, *, #4728, .F. ) ;
#3229 = EDGE_LOOP ( 'NONE', ( #529, #5252, #5900, #895 ) ) ;
#3230 = FACE_OUTER_BOUND ( 'NONE', #3607, .T. ) ;
#3231 = DIRECTION ( 'NONE',  ( 4.788507553440025214E-13, -1.000000000000000000, 2.236891227802259687E-13 ) ) ;
#3232 = FACE_OUTER_BOUND ( 'NONE', #4153, .T. ) ;
#3233 =( NAMED_UNIT ( * ) PLANE_ANGLE_UNIT ( ) SI_UNIT ( $, .RADIAN. ) );
#3234 = MECHANICAL_DESIGN_GEOMETRIC_PRESENTATION_REPRESENTATION (  '', ( #2234 ), #82 ) ;
#3235 = FACE_OUTER_BOUND ( 'NONE', #5871, .T. ) ;
#3236 = CARTESIAN_POINT ( 'NONE',  ( 0.06018589945968472882, 0.1998031496062996348, 0.03366141732283450816 ) ) ;
#3237 = ORIENTED_EDGE ( 'NONE', *, *, #2220, .F. ) ;
#3238 = VERTEX_POINT ( 'NONE', #2526 ) ;
#3239 = ORIENTED_EDGE ( 'NONE', *, *, #5042, .T. ) ;
#3240 =( GEOMETRIC_REPRESENTATION_CONTEXT ( 3 ) GLOBAL_UNCERTAINTY_ASSIGNED_CONTEXT ( ( #741 ) ) GLOBAL_UNIT_ASSIGNED_CONTEXT ( ( #6304, #2939, #4776 ) ) REPRESENTATION_CONTEXT ( 'NONE', 'WORKASPACE' ) );
#3241 = PLANE ( 'NONE',  #2153 ) ;
#3242 = EDGE_CURVE ( 'NONE', #2125, #4426, #1663, .T. ) ;
#3243 = CARTESIAN_POINT ( 'NONE',  ( 0.01209712494559416970, 0.1998031496062995238, 0.1190400250338187610 ) ) ;
#3244 = FILL_AREA_STYLE ('',( #2747 ) ) ;
#3245 = FILL_AREA_STYLE_COLOUR ( '', #4620 ) ;
#3246 = EDGE_CURVE ( 'NONE', #4789, #179, #659, .T. ) ;
#3247 = CYLINDRICAL_SURFACE ( 'NONE', #1255, 0.009105439123007872879 ) ;
#3248 = ADVANCED_FACE ( 'NONE', ( #2169 ), #691, .T. ) ;
#3249 = AXIS2_PLACEMENT_3D ( 'NONE', #5762, #2744, #341 ) ;
#3250 = PRESENTATION_STYLE_ASSIGNMENT (( #6056 ) ) ;
#3251 = AXIS2_PLACEMENT_3D ( 'NONE', #1383, #2329, #5296 ) ;
#3252 = DIRECTION ( 'NONE',  ( 1.602884491802569361E-15, -1.000000000000000000, 1.644517855226017859E-15 ) ) ;
#3253 = ORIENTED_EDGE ( 'NONE', *, *, #3811, .T. ) ;
#3254 = CARTESIAN_POINT ( 'NONE',  ( -0.06889763779527563470, 0.008858267716535609890, 0.1702755905511812995 ) ) ;
#3255 = STYLED_ITEM ( 'NONE', ( #6038 ), #5268 ) ;
#3256 = VECTOR ( 'NONE', #1204, 39.37007874015748143 ) ;
#3257 = VERTEX_POINT ( 'NONE', #3082 ) ;
#3258 = FACE_OUTER_BOUND ( 'NONE', #4586, .T. ) ;
#3259 =( LENGTH_UNIT ( ) NAMED_UNIT ( * ) SI_UNIT ( $, .METRE. ) );
#3260 = AXIS2_PLACEMENT_3D ( 'NONE', #1125, #3058, #632 ) ;
#3261 = LINE ( 'NONE', #1413, #715 ) ;
#3262 = ORIENTED_EDGE ( 'NONE', *, *, #5030, .T. ) ;
#3263 = ORIENTED_EDGE ( 'NONE', *, *, #2323, .T. ) ;
#3264 = ORIENTED_EDGE ( 'NONE', *, *, #934, .T. ) ;
#3265 = CARTESIAN_POINT ( 'NONE',  ( 0.1535433070866145389, -0.1722440944881885594, -0.1037401574803144821 ) ) ;
#3266 = AXIS2_PLACEMENT_3D ( 'NONE', #4013, #3071, #2011 ) ;
#3267 = PRESENTATION_STYLE_ASSIGNMENT (( #3749 ) ) ;
#3268 =( CONVERSION_BASED_UNIT ( 'INCH', #2300 ) LENGTH_UNIT ( ) NAMED_UNIT ( #4331 ) );
#3269 = PRESENTATION_STYLE_ASSIGNMENT (( #1347 ) ) ;
#3270 =( GEOMETRIC_REPRESENTATION_CONTEXT ( 3 ) GLOBAL_UNCERTAINTY_ASSIGNED_CONTEXT ( ( #426 ) ) GLOBAL_UNIT_ASSIGNED_CONTEXT ( ( #5597, #4629, #3643 ) ) REPRESENTATION_CONTEXT ( 'NONE', 'WORKASPACE' ) );
#3271 = SURFACE_STYLE_FILL_AREA ( #4246 ) ;
#3272 = FACE_OUTER_BOUND ( 'NONE', #37, .T. ) ;
#3273 = SURFACE_STYLE_USAGE ( .BOTH. , #6172 ) ;
#3274 = VERTEX_POINT ( 'NONE', #80 ) ;
#3275 = CARTESIAN_POINT ( 'NONE',  ( 0.06889763779527560694, 0.001377952755905891046, 0.1624015748031497897 ) ) ;
#3276 = CLOSED_SHELL ( 'NONE', ( #4893, #2372, #2139, #1246, #2758, #2948, #1824, #486 ) ) ;
#3277 = PLANE ( 'NONE',  #4604 ) ;
#3278 = ORIENTED_EDGE ( 'NONE', *, *, #4959, .F. ) ;
#3279 = PRESENTATION_LAYER_ASSIGNMENT (  '', '', ( #4420 ) ) ;
#3280 = CARTESIAN_POINT ( 'NONE',  ( 0.1535433070866145389, -0.1722440944881885871, -0.003740157480314449702 ) ) ;
#3281 = CARTESIAN_POINT ( 'NONE',  ( -0.1535433070866139282, -0.1407480314960631584, 0.09311023622047291670 ) ) ;
#3282 = CARTESIAN_POINT ( 'NONE',  ( 0.01934165959544849669, 0.2037401574803152371, -0.02145669291338599474 ) ) ;
#3283 = PLANE ( 'NONE',  #6246 ) ;
#3284 = VERTEX_POINT ( 'NONE', #2052 ) ;
#3285 = VECTOR ( 'NONE', #1961, 39.37007874015748143 ) ;
#3286 = ADVANCED_FACE ( 'NONE', ( #5919 ), #3054, .F. ) ;
#3287 = VERTEX_POINT ( 'NONE', #3030 ) ;
#3288 = DIRECTION ( 'NONE',  ( 2.348093788196917952E-30, -1.644517855226018450E-15, -1.000000000000000000 ) ) ;
#3289 = UNCERTAINTY_MEASURE_WITH_UNIT (LENGTH_MEASURE( 1.000000000000000082E-05 ), #584, 'distance_accuracy_value', 'NONE');
#3290 = EDGE_CURVE ( 'NONE', #1707, #1846, #4981, .T. ) ;
#3291 = VECTOR ( 'NONE', #3486, 39.37007874015748143 ) ;
#3292 = ORIENTED_EDGE ( 'NONE', *, *, #6169, .F. ) ;
#3293 = LINE ( 'NONE', #5742, #1245 ) ;
#3294 = CARTESIAN_POINT ( 'NONE',  ( 0.1535433070866145389, -0.1722440944881886149, 0.09625984251968555672 ) ) ;
#3295 = DIMENSIONAL_EXPONENTS ( 1.000000000000000000, 0.0000000000000000000, 0.0000000000000000000, 0.0000000000000000000, 0.0000000000000000000, 0.0000000000000000000, 0.0000000000000000000 ) ;
#3296 = AXIS2_PLACEMENT_3D ( 'NONE', #3015, #2072, #5474 ) ;
#3297 = PRESENTATION_LAYER_ASSIGNMENT (  '', '', ( #3005 ) ) ;
#3298 = CARTESIAN_POINT ( 'NONE',  ( -0.06929133858267744195, 0.1564960629921261226, 0.1336614173228345692 ) ) ;
#3299 = UNCERTAINTY_MEASURE_WITH_UNIT (LENGTH_MEASURE( 1.000000000000000082E-05 ), #4934, 'distance_accuracy_value', 'NONE');
#3300 = EDGE_CURVE ( 'NONE', #643, #2151, #5575, .T. ) ;
#3301 = VERTEX_POINT ( 'NONE', #1787 ) ;
#3302 = EDGE_LOOP ( 'NONE', ( #3674, #1305, #4853, #4422 ) ) ;
#3303 = AXIS2_PLACEMENT_3D ( 'NONE', #1496, #3866, #2380 ) ;
#3304 = ORIENTED_EDGE ( 'NONE', *, *, #272, .T. ) ;
#3305 =( NAMED_UNIT ( * ) SI_UNIT ( $, .STERADIAN. ) SOLID_ANGLE_UNIT ( ) );
#3306 =( NAMED_UNIT ( * ) PLANE_ANGLE_UNIT ( ) SI_UNIT ( $, .RADIAN. ) );
#3307 =( NAMED_UNIT ( * ) SI_UNIT ( $, .STERADIAN. ) SOLID_ANGLE_UNIT ( ) );
#3308 = STYLED_ITEM ( 'NONE', ( #1095 ), #2529 ) ;
#3309 =( CONVERSION_BASED_UNIT ( 'INCH', #3959 ) LENGTH_UNIT ( ) NAMED_UNIT ( #2903 ) );
#3310 =( CONVERSION_BASED_UNIT ( 'INCH', #2464 ) LENGTH_UNIT ( ) NAMED_UNIT ( #731 ) );
#3311 = CIRCLE ( 'NONE', #29, 0.02460629921259841618 ) ;
#3312 = SURFACE_SIDE_STYLE ('',( #3751 ) ) ;
#3313 = DIRECTION ( 'NONE',  ( 0.7956271577883996526, 0.0000000000000000000, -0.6057866173740990012 ) ) ;
#3314 = FACE_OUTER_BOUND ( 'NONE', #489, .T. ) ;
#3315 = AXIS2_PLACEMENT_3D ( 'NONE', #1922, #960, #2322 ) ;
#3316 =( CONVERSION_BASED_UNIT ( 'INCH', #5204 ) LENGTH_UNIT ( ) NAMED_UNIT ( #2504 ) );
#3317 =( LENGTH_UNIT ( ) NAMED_UNIT ( * ) SI_UNIT ( $, .METRE. ) );
#3318 = DIMENSIONAL_EXPONENTS ( 1.000000000000000000, 0.0000000000000000000, 0.0000000000000000000, 0.0000000000000000000, 0.0000000000000000000, 0.0000000000000000000, 0.0000000000000000000 ) ;
#3319 = PRESENTATION_STYLE_ASSIGNMENT (( #542 ) ) ;
#3320 = CARTESIAN_POINT ( 'NONE',  ( -0.1464566929133855888, -0.1407480314960630197, -0.08484251968503893349 ) ) ;
#3321 = AXIS2_PLACEMENT_3D ( 'NONE', #42, #1539, #3460 ) ;
#3322 = DIRECTION ( 'NONE',  ( 1.000000000000000000, 1.602884491802569361E-15, -2.711709361697224578E-31 ) ) ;
#3323 = ORIENTED_EDGE ( 'NONE', *, *, #395, .F. ) ;
#3324 = STYLED_ITEM ( 'NONE', ( #2810 ), #3065 ) ;
#3325 = LINE ( 'NONE', #3391, #921 ) ;
#3326 = EDGE_LOOP ( 'NONE', ( #2543, #2812, #3335 ) ) ;
#3327 = VERTEX_POINT ( 'NONE', #3717 ) ;
#3328 =( CONVERSION_BASED_UNIT ( 'INCH', #4454 ) LENGTH_UNIT ( ) NAMED_UNIT ( #97 ) );
#3329 = DIRECTION ( 'NONE',  ( -1.000000000000000000, -1.602884491802569361E-15, 2.711709361697226329E-31 ) ) ;
#3330 = EDGE_CURVE ( 'NONE', #707, #4560, #3741, .T. ) ;
#3331 = LENGTH_MEASURE_WITH_UNIT ( LENGTH_MEASURE( 0.02539999999999999897 ), #5288 );
#3332 = FACE_OUTER_BOUND ( 'NONE', #1767, .T. ) ;
#3333 = ORIENTED_EDGE ( 'NONE', *, *, #4926, .T. ) ;
#3334 = ORIENTED_EDGE ( 'NONE', *, *, #4436, .F. ) ;
#3335 = ORIENTED_EDGE ( 'NONE', *, *, #4542, .F. ) ;
#3336 = DIRECTION ( 'NONE',  ( -1.000000000000000000, -1.602884491802569361E-15, 2.878783784372901366E-31 ) ) ;
#3337 = LENGTH_MEASURE_WITH_UNIT ( LENGTH_MEASURE( 0.02539999999999999897 ), #1381 );
#3338 = ADVANCED_FACE ( 'NONE', ( #1278 ), #5094, .F. ) ;
#3339 =( GEOMETRIC_REPRESENTATION_CONTEXT ( 3 ) GLOBAL_UNCERTAINTY_ASSIGNED_CONTEXT ( ( #672 ) ) GLOBAL_UNIT_ASSIGNED_CONTEXT ( ( #5609, #5543, #1244 ) ) REPRESENTATION_CONTEXT ( 'NONE', 'WORKASPACE' ) );
#3340 = ADVANCED_FACE ( 'NONE', ( #2698 ), #4640, .T. ) ;
#3341 = PRESENTATION_STYLE_ASSIGNMENT (( #502 ) ) ;
#3342 = CARTESIAN_POINT ( 'NONE',  ( 0.1535433070866143168, -0.02263779527559005300, -0.08484251968503912777 ) ) ;
#3343 =( LENGTH_UNIT ( ) NAMED_UNIT ( * ) SI_UNIT ( $, .METRE. ) );
#3344 = DIMENSIONAL_EXPONENTS ( 1.000000000000000000, 0.0000000000000000000, 0.0000000000000000000, 0.0000000000000000000, 0.0000000000000000000, 0.0000000000000000000, 0.0000000000000000000 ) ;
#3345 = DIRECTION ( 'NONE',  ( 1.000000000000000000, 1.602884491802569361E-15, -2.711709361697226329E-31 ) ) ;
#3346 = DIRECTION ( 'NONE',  ( 1.602884491802569361E-15, -1.000000000000000000, 1.644517855226017859E-15 ) ) ;
#3347 = DIRECTION ( 'NONE',  ( -1.000000000000000000, -1.602884491802569361E-15, 2.711709361697226329E-31 ) ) ;
#3348 = SURFACE_STYLE_FILL_AREA ( #1319 ) ;
#3349 = CARTESIAN_POINT ( 'NONE',  ( 0.1535433070866145389, -0.1722440944881885594, 0.01200787401574855001 ) ) ;
#3350 = PRESENTATION_LAYER_ASSIGNMENT (  '', '', ( #6081 ) ) ;
#3351 = CARTESIAN_POINT ( 'NONE',  ( -0.1948818897637795144, -0.05413385826771657111, 0.1820866141732286614 ) ) ;
#3352 = FACE_OUTER_BOUND ( 'NONE', #6176, .T. ) ;
#3353 = CARTESIAN_POINT ( 'NONE',  ( 0.01934165959548794084, 0.1564960629921262336, -0.1253937007874016685 ) ) ;
#3354 = VECTOR ( 'NONE', #2807, 39.37007874015748143 ) ;
#3355 =( NAMED_UNIT ( * ) SI_UNIT ( $, .STERADIAN. ) SOLID_ANGLE_UNIT ( ) );
#3356 = ORIENTED_EDGE ( 'NONE', *, *, #5746, .F. ) ;
#3357 = ORIENTED_EDGE ( 'NONE', *, *, #3651, .F. ) ;
#3358 =( CONVERSION_BASED_UNIT ( 'INCH', #6257 ) LENGTH_UNIT ( ) NAMED_UNIT ( #5277 ) );
#3359 = AXIS2_PLACEMENT_3D ( 'NONE', #3824, #393, #2366 ) ;
#3360 = COLOUR_RGB ( '',1.000000000000000000, 1.000000000000000000, 1.000000000000000000 ) ;
#3361 = DIRECTION ( 'NONE',  ( -1.766520851300210063E-16, 1.634031787452694499E-15, 1.000000000000000000 ) ) ;
#3362 = DIRECTION ( 'NONE',  ( -1.602884491802569361E-15, 1.000000000000000000, -1.644517855226017859E-15 ) ) ;
#3363 = AXIS2_PLACEMENT_3D ( 'NONE', #2715, #3068, #6048 ) ;
#3364 = UNCERTAINTY_MEASURE_WITH_UNIT (LENGTH_MEASURE( 1.000000000000000082E-05 ), #257, 'distance_accuracy_value', 'NONE');
#3365 = VECTOR ( 'NONE', #2603, 39.37007874015748143 ) ;
#3366 = VERTEX_POINT ( 'NONE', #5371 ) ;
#3367 = PLANE ( 'NONE',  #5844 ) ;
#3368 = VERTEX_POINT ( 'NONE', #3320 ) ;
#3369 = CARTESIAN_POINT ( 'NONE',  ( -0.1464566929133857831, -0.02263779527559060811, 0.1151574803149608972 ) ) ;
#3370 = DIRECTION ( 'NONE',  ( -1.602884491802569361E-15, 1.000000000000000000, -1.644517855226017859E-15 ) ) ;
#3371 = VECTOR ( 'NONE', #366, 39.37007874015748143 ) ;
#3372 = VECTOR ( 'NONE', #5735, 39.37007874015748143 ) ;
#3373 = CARTESIAN_POINT ( 'NONE',  ( -2.057162640966502078E-16, 0.1269685039370080093, 0.05413385826771650866 ) ) ;
#3374 =( NAMED_UNIT ( * ) PLANE_ANGLE_UNIT ( ) SI_UNIT ( $, .RADIAN. ) );
#3375 = EDGE_CURVE ( 'NONE', #1813, #4477, #940, .T. ) ;
#3376 = CARTESIAN_POINT ( 'NONE',  ( 0.06929133858267698398, 0.1269685039370082036, -0.01628826166424806460 ) ) ;
#3377 = VECTOR ( 'NONE', #194, 39.37007874015748143 ) ;
#3378 = EDGE_CURVE ( 'NONE', #1529, #5421, #1005, .T. ) ;
#3379 = ADVANCED_FACE ( 'NONE', ( #4898 ), #1457, .T. ) ;
#3380 = FILL_AREA_STYLE_COLOUR ( '', #5999 ) ;
#3381 =( CONVERSION_BASED_UNIT ( 'INCH', #5785 ) LENGTH_UNIT ( ) NAMED_UNIT ( #1852 ) );
#3382 =( LENGTH_UNIT ( ) NAMED_UNIT ( * ) SI_UNIT ( $, .METRE. ) );
#3383 = PLANE ( 'NONE',  #2455 ) ;
#3384 = DIRECTION ( 'NONE',  ( -1.000000000000000000, -1.602884491802569361E-15, 2.711709361697226329E-31 ) ) ;
#3385 = EDGE_CURVE ( 'NONE', #1707, #3645, #2940, .T. ) ;
#3386 =( NAMED_UNIT ( * ) SI_UNIT ( $, .STERADIAN. ) SOLID_ANGLE_UNIT ( ) );
#3387 = DIMENSIONAL_EXPONENTS ( 1.000000000000000000, 0.0000000000000000000, 0.0000000000000000000, 0.0000000000000000000, 0.0000000000000000000, 0.0000000000000000000, 0.0000000000000000000 ) ;
#3388 = DIRECTION ( 'NONE',  ( 1.499671914429180214E-11, -1.000000000000000000, 1.644517855226017859E-15 ) ) ;
#3389 = LINE ( 'NONE', #4849, #1058 ) ;
#3390 = MECHANICAL_DESIGN_GEOMETRIC_PRESENTATION_REPRESENTATION (  '', ( #4508 ), #1476 ) ;
#3391 = CARTESIAN_POINT ( 'NONE',  ( 0.01934165959543282173, 0.1564960629921262614, 0.1336614173228345692 ) ) ;
#3392 = ORIENTED_EDGE ( 'NONE', *, *, #2950, .F. ) ;
#3393 = EDGE_LOOP ( 'NONE', ( #4765, #2038, #1708, #3221 ) ) ;
#3394 =( CONVERSION_BASED_UNIT ( 'INCH', #2352 ) LENGTH_UNIT ( ) NAMED_UNIT ( #2820 ) );
#3395 = STYLED_ITEM ( 'NONE', ( #6037 ), #534 ) ;
#3396 = ORIENTED_EDGE ( 'NONE', *, *, #5177, .T. ) ;
#3397 = SURFACE_STYLE_FILL_AREA ( #5674 ) ;
#3398 = SURFACE_STYLE_USAGE ( .BOTH. , #2798 ) ;
#3399 = ORIENTED_EDGE ( 'NONE', *, *, #3378, .F. ) ;
#3400 = DIMENSIONAL_EXPONENTS ( 1.000000000000000000, 0.0000000000000000000, 0.0000000000000000000, 0.0000000000000000000, 0.0000000000000000000, 0.0000000000000000000, 0.0000000000000000000 ) ;
#3401 = SURFACE_STYLE_FILL_AREA ( #1927 ) ;
#3402 = VERTEX_POINT ( 'NONE', #5862 ) ;
#3403 = DIRECTION ( 'NONE',  ( -1.000000000000000000, -1.602884491802569361E-15, 2.711709361697226329E-31 ) ) ;
#3404 = STYLED_ITEM ( 'NONE', ( #3125 ), #2066 ) ;
#3405 = PLANE ( 'NONE',  #3193 ) ;
#3406 = STYLED_ITEM ( 'NONE', ( #3801 ), #1240 ) ;
#3407 = FILL_AREA_STYLE ('',( #4834 ) ) ;
#3408 = DIRECTION ( 'NONE',  ( 1.602884491802569361E-15, -1.000000000000000000, 1.548860246407864322E-15 ) ) ;
#3409 = VECTOR ( 'NONE', #3218, 39.37007874015748143 ) ;
#3410 = DIRECTION ( 'NONE',  ( 1.602884491802569361E-15, -1.000000000000000000, 1.644517855226017859E-15 ) ) ;
#3411 = DIRECTION ( 'NONE',  ( 1.602884491802569361E-15, -1.000000000000000000, 1.644517855226017859E-15 ) ) ;
#3412 = EDGE_CURVE ( 'NONE', #2065, #4250, #1520, .T. ) ;
#3413 =( GEOMETRIC_REPRESENTATION_CONTEXT ( 3 ) GLOBAL_UNCERTAINTY_ASSIGNED_CONTEXT ( ( #98 ) ) GLOBAL_UNIT_ASSIGNED_CONTEXT ( ( #6232, #1933, #1485 ) ) REPRESENTATION_CONTEXT ( 'NONE', 'WORKASPACE' ) );
#3414 = CARTESIAN_POINT ( 'NONE',  ( 0.1464566929133862272, -0.1722440944881885871, 0.1120078740157485764 ) ) ;
#3415 = EDGE_CURVE ( 'NONE', #1649, #2833, #1477, .T. ) ;
#3416 = DIRECTION ( 'NONE',  ( -1.602884491802569361E-15, 1.000000000000000000, -1.644517855226017859E-15 ) ) ;
#3417 = ORIENTED_EDGE ( 'NONE', *, *, #890, .T. ) ;
#3418 = STYLED_ITEM ( 'NONE', ( #1304 ), #2605 ) ;
#3419 = PRESENTATION_STYLE_ASSIGNMENT (( #2535 ) ) ;
#3420 = CARTESIAN_POINT ( 'NONE',  ( 0.1535433070866144833, -0.1407480314960626033, -0.006889763779527091452 ) ) ;
#3421 = LINE ( 'NONE', #2032, #1276 ) ;
#3422 = ADVANCED_FACE ( 'NONE', ( #939 ), #5370, .F. ) ;
#3423 = LENGTH_MEASURE_WITH_UNIT ( LENGTH_MEASURE( 0.02539999999999999897 ), #1974 );
#3424 = ADVANCED_FACE ( 'NONE', ( #2407 ), #55, .T. ) ;
#3425 = AXIS2_PLACEMENT_3D ( 'NONE', #58, #1521, #4932 ) ;
#3426 = DIRECTION ( 'NONE',  ( -1.602884491802569361E-15, 1.000000000000000000, -1.644517855226017859E-15 ) ) ;
#3427 = VERTEX_POINT ( 'NONE', #3349 ) ;
#3428 = UNCERTAINTY_MEASURE_WITH_UNIT (LENGTH_MEASURE( 1.000000000000000082E-05 ), #201, 'distance_accuracy_value', 'NONE');
#3429 = ORIENTED_EDGE ( 'NONE', *, *, #4610, .T. ) ;
#3430 = CIRCLE ( 'NONE', #4453, 0.009105439123007878083 ) ;
#3431 =( NAMED_UNIT ( * ) SI_UNIT ( $, .STERADIAN. ) SOLID_ANGLE_UNIT ( ) );
#3432 = LINE ( 'NONE', #3487, #4201 ) ;
#3433 = ORIENTED_EDGE ( 'NONE', *, *, #4126, .F. ) ;
#3434 = DIRECTION ( 'NONE',  ( -1.594929680954395007E-15, 0.9950371902099891530, 0.09950371902099724997 ) ) ;
#3435 = ORIENTED_EDGE ( 'NONE', *, *, #3491, .T. ) ;
#3436 = DIRECTION ( 'NONE',  ( -1.000000000000000000, -1.602884491802569361E-15, 2.711709361697226329E-31 ) ) ;
#3437 = EDGE_LOOP ( 'NONE', ( #4967, #1682, #4843, #5873 ) ) ;
#3438 = FACE_OUTER_BOUND ( 'NONE', #2764, .T. ) ;
#3439 = FILL_AREA_STYLE ('',( #6197 ) ) ;
#3440 = DIRECTION ( 'NONE',  ( -0.7956271577885695168, 0.0000000000000000000, -0.6057866173738759574 ) ) ;
#3441 = DIRECTION ( 'NONE',  ( 1.602884491802569361E-15, -1.000000000000000000, 1.644517855226017859E-15 ) ) ;
#3442 =( NAMED_UNIT ( * ) SI_UNIT ( $, .STERADIAN. ) SOLID_ANGLE_UNIT ( ) );
#3443 = LINE ( 'NONE', #2195, #6205 ) ;
#3444 = MECHANICAL_DESIGN_GEOMETRIC_PRESENTATION_REPRESENTATION (  '', ( #1937 ), #5357 ) ;
#3445 = FILL_AREA_STYLE ('',( #4378 ) ) ;
#3446 = LINE ( 'NONE', #5406, #3722 ) ;
#3447 = EDGE_CURVE ( 'NONE', #1856, #6143, #1004, .T. ) ;
#3448 = LINE ( 'NONE', #514, #1653 ) ;
#3449 = CARTESIAN_POINT ( 'NONE',  ( 0.06018589945968472882, 0.1998031496062995793, -0.1162882616643938632 ) ) ;
#3450 = PLANE ( 'NONE',  #5941 ) ;
#3451 = ORIENTED_EDGE ( 'NONE', *, *, #1869, .F. ) ;
#3452 = ADVANCED_FACE ( 'NONE', ( #1965 ), #3383, .T. ) ;
#3453 = EDGE_CURVE ( 'NONE', #1902, #4073, #3900, .T. ) ;
#3454 = ORIENTED_EDGE ( 'NONE', *, *, #1527, .F. ) ;
#3455 = ORIENTED_EDGE ( 'NONE', *, *, #5497, .F. ) ;
#3456 = ADVANCED_FACE ( 'NONE', ( #2470 ), #5302, .T. ) ;
#3457 = DIMENSIONAL_EXPONENTS ( 1.000000000000000000, 0.0000000000000000000, 0.0000000000000000000, 0.0000000000000000000, 0.0000000000000000000, 0.0000000000000000000, 0.0000000000000000000 ) ;
#3458 = ORIENTED_EDGE ( 'NONE', *, *, #4732, .T. ) ;
#3459 = CARTESIAN_POINT ( 'NONE',  ( 0.06018589945968484678, 0.1269685039370082036, -0.1162882616643937522 ) ) ;
#3460 = DIRECTION ( 'NONE',  ( -2.348093788196917952E-30, 1.644517855226018450E-15, 1.000000000000000000 ) ) ;
#3461 = ORIENTED_EDGE ( 'NONE', *, *, #3453, .T. ) ;
#3462 = VECTOR ( 'NONE', #5263, 39.37007874015748143 ) ;
#3463 = MECHANICAL_DESIGN_GEOMETRIC_PRESENTATION_REPRESENTATION (  '', ( #5168 ), #2554 ) ;
#3464 =( NAMED_UNIT ( * ) PLANE_ANGLE_UNIT ( ) SI_UNIT ( $, .RADIAN. ) );
#3465 = ORIENTED_EDGE ( 'NONE', *, *, #2287, .T. ) ;
#3466 = FILL_AREA_STYLE ('',( #2020 ) ) ;
#3467 = VECTOR ( 'NONE', #5058, 39.37007874015748143 ) ;
#3468 = DIRECTION ( 'NONE',  ( -1.602884491802569361E-15, 1.000000000000000000, -1.644517855226017859E-15 ) ) ;
#3469 = TOROIDAL_SURFACE ( 'NONE', #3251, 0.005168431248992125769, 0.003937007874015747977 ) ;
#3470 = SURFACE_STYLE_USAGE ( .BOTH. , #79 ) ;
#3471 = CARTESIAN_POINT ( 'NONE',  ( -0.1464566929133857831, -0.02263779527559053872, -0.08484251968503912777 ) ) ;
#3472 = DIRECTION ( 'NONE',  ( 1.602884491802569361E-15, -1.000000000000000000, 1.644517855226017859E-15 ) ) ;
#3473 = LENGTH_MEASURE_WITH_UNIT ( LENGTH_MEASURE( 0.02539999999999999897 ), #4746 );
#3474 = MECHANICAL_DESIGN_GEOMETRIC_PRESENTATION_REPRESENTATION (  '', ( #5074 ), #1967 ) ;
#3475 = VECTOR ( 'NONE', #2892, 39.37007874015748143 ) ;
#3476 =( GEOMETRIC_REPRESENTATION_CONTEXT ( 3 ) GLOBAL_UNCERTAINTY_ASSIGNED_CONTEXT ( ( #288 ) ) GLOBAL_UNIT_ASSIGNED_CONTEXT ( ( #67, #3016, #4944 ) ) REPRESENTATION_CONTEXT ( 'NONE', 'WORKASPACE' ) );
#3477 = CARTESIAN_POINT ( 'NONE',  ( 0.1535433070866144833, -0.1407480314960626311, 0.09311023622047291670 ) ) ;
#3478 = SURFACE_STYLE_FILL_AREA ( #1070 ) ;
#3479 = PLANE ( 'NONE',  #4412 ) ;
#3480 = CIRCLE ( 'NONE', #306, 0.003937007874015749712 ) ;
#3481 =( NAMED_UNIT ( * ) PLANE_ANGLE_UNIT ( ) SI_UNIT ( $, .RADIAN. ) );
#3482 = ORIENTED_EDGE ( 'NONE', *, *, #890, .F. ) ;
#3483 = STYLED_ITEM ( 'NONE', ( #1256 ), #138 ) ;
#3484 = ORIENTED_EDGE ( 'NONE', *, *, #1793, .T. ) ;
#3485 = ORIENTED_EDGE ( 'NONE', *, *, #2036, .T. ) ;
#3486 = DIRECTION ( 'NONE',  ( -1.000000000000000000, -1.602884491802569361E-15, 2.711709361697226329E-31 ) ) ;
#3487 = CARTESIAN_POINT ( 'NONE',  ( -0.1464566929133857831, -0.02263779527559057342, 0.01515748031496088298 ) ) ;
#3488 = SURFACE_STYLE_USAGE ( .BOTH. , #2481 ) ;
#3489 = ORIENTED_EDGE ( 'NONE', *, *, #4208, .T. ) ;
#3490 = MECHANICAL_DESIGN_GEOMETRIC_PRESENTATION_REPRESENTATION (  '', ( #2992 ), #3589 ) ;
#3491 = EDGE_CURVE ( 'NONE', #1953, #5766, #5727, .T. ) ;
#3492 = FACE_OUTER_BOUND ( 'NONE', #3326, .T. ) ;
#3493 = ADVANCED_FACE ( 'NONE', ( #5789 ), #4413, .T. ) ;
#3494 = SURFACE_SIDE_STYLE ('',( #5910 ) ) ;
#3495 = ORIENTED_EDGE ( 'NONE', *, *, #5781, .F. ) ;
#3496 = VECTOR ( 'NONE', #5367, 39.37007874015748143 ) ;
#3497 = LENGTH_MEASURE_WITH_UNIT ( LENGTH_MEASURE( 0.02539999999999999897 ), #5808 );
#3498 = VERTEX_POINT ( 'NONE', #2438 ) ;
#3499 = AXIS2_PLACEMENT_3D ( 'NONE', #361, #1380, #4304 ) ;
#3500 =( LENGTH_UNIT ( ) NAMED_UNIT ( * ) SI_UNIT ( $, .METRE. ) );
#3501 = EDGE_CURVE ( 'NONE', #5108, #3042, #1488, .T. ) ;
#3502 = CARTESIAN_POINT ( 'NONE',  ( -0.08720472440944881942, -0.06003937007874013410, 0.1007874015748034119 ) ) ;
#3503 = COLOUR_RGB ( '',0.7607843137254901578, 0.7607843137254901578, 0.0000000000000000000 ) ;
#3504 = FILL_AREA_STYLE_COLOUR ( '', #5569 ) ;
#3505 = VECTOR ( 'NONE', #2030, 39.37007874015748143 ) ;
#3506 = FACE_OUTER_BOUND ( 'NONE', #1885, .T. ) ;
#3507 = VECTOR ( 'NONE', #248, 39.37007874015748143 ) ;
#3508 = CARTESIAN_POINT ( 'NONE',  ( 0.01522951533058629695, 0.1998031496062994405, 0.08684270481906283812 ) ) ;
#3509 = AXIS2_PLACEMENT_3D ( 'NONE', #84, #1122, #2175 ) ;
#3510 = CARTESIAN_POINT ( 'NONE',  ( -0.06889763779527563470, 0.008858267716535609890, 0.1702755905511812995 ) ) ;
#3511 = AXIS2_PLACEMENT_3D ( 'NONE', #3061, #5027, #326 ) ;
#3512 = CARTESIAN_POINT ( 'NONE',  ( -0.04940944881889761803, -0.06003937007874039083, -0.09251968503936990051 ) ) ;
#3513 = CARTESIAN_POINT ( 'NONE',  ( 0.06018589945968478433, 0.1643700787401578545, 0.02455597819984241953 ) ) ;
#3514 = ORIENTED_EDGE ( 'NONE', *, *, #4816, .F. ) ;
#3515 = EDGE_LOOP ( 'NONE', ( #1080, #4222, #2545, #5587 ) ) ;
#3516 = ORIENTED_EDGE ( 'NONE', *, *, #4696, .F. ) ;
#3517 =( CONVERSION_BASED_UNIT ( 'INCH', #3102 ) LENGTH_UNIT ( ) NAMED_UNIT ( #1054 ) );
#3518 = CARTESIAN_POINT ( 'NONE',  ( -2.057162640966502078E-16, 0.1269685039370080093, 0.05413385826771650866 ) ) ;
#3519 = EDGE_LOOP ( 'NONE', ( #4914, #4504, #4671, #6046 ) ) ;
#3520 = COLOUR_RGB ( '',0.7607843137254901578, 0.7607843137254901578, 0.0000000000000000000 ) ;
#3521 = PRESENTATION_STYLE_ASSIGNMENT (( #2546 ) ) ;
#3522 = LENGTH_MEASURE_WITH_UNIT ( LENGTH_MEASURE( 0.02539999999999999897 ), #109 );
#3523 = VECTOR ( 'NONE', #4437, 39.37007874015748143 ) ;
#3524 = SURFACE_SIDE_STYLE ('',( #1601 ) ) ;
#3525 = ORIENTED_EDGE ( 'NONE', *, *, #5859, .T. ) ;
#3526 = CARTESIAN_POINT ( 'NONE',  ( 0.1464566929133862272, -0.1722440944881885594, 0.01515748031496113972 ) ) ;
#3527 = DIRECTION ( 'NONE',  ( 0.0000000000000000000, 1.875148439272792120E-15, 1.000000000000000000 ) ) ;
#3528 = FILL_AREA_STYLE_COLOUR ( '', #928 ) ;
#3529 = FILL_AREA_STYLE ('',( #1609 ) ) ;
#3530 =( NAMED_UNIT ( * ) SI_UNIT ( $, .STERADIAN. ) SOLID_ANGLE_UNIT ( ) );
#3531 = EDGE_CURVE ( 'NONE', #2825, #3022, #1643, .T. ) ;
#3532 = EDGE_CURVE ( 'NONE', #2547, #4295, #4666, .T. ) ;
#3533 = DIRECTION ( 'NONE',  ( 0.7956271577885687396, 2.392722035830077690E-15, 0.6057866173738768456 ) ) ;
#3534 = CARTESIAN_POINT ( 'NONE',  ( 0.06889763779527560694, 0.001377952755905925307, 0.1820866141732285226 ) ) ;
#3535 = FACE_OUTER_BOUND ( 'NONE', #5152, .T. ) ;
#3536 = ORIENTED_EDGE ( 'NONE', *, *, #2419, .F. ) ;
#3537 = SURFACE_SIDE_STYLE ('',( #3091 ) ) ;
#3538 = CARTESIAN_POINT ( 'NONE',  ( 0.06018589945968472882, 0.1998031496062995793, 0.1245559781998423626 ) ) ;
#3539 = VERTEX_POINT ( 'NONE', #5977 ) ;
#3540 = AXIS2_PLACEMENT_3D ( 'NONE', #5399, #3001, #4923 ) ;
#3541 = VERTEX_POINT ( 'NONE', #1120 ) ;
#3542 = UNCERTAINTY_MEASURE_WITH_UNIT (LENGTH_MEASURE( 1.000000000000000082E-05 ), #5801, 'distance_accuracy_value', 'NONE');
#3543 = DIRECTION ( 'NONE',  ( -1.000000000000000000, -1.602884491802569361E-15, 2.711709361697226329E-31 ) ) ;
#3544 = EDGE_LOOP ( 'NONE', ( #6248, #2647, #6011, #5139 ) ) ;
#3545 = CARTESIAN_POINT ( 'NONE',  ( 0.06018589945968484678, 0.1269685039370081758, -0.01628826166439373974 ) ) ;
#3546 = VERTEX_POINT ( 'NONE', #3562 ) ;
#3547 = LINE ( 'NONE', #1113, #4785 ) ;
#3548 = FILL_AREA_STYLE ('',( #5478 ) ) ;
#3549 = STYLED_ITEM ( 'NONE', ( #150 ), #6201 ) ;
#3550 = FILL_AREA_STYLE_COLOUR ( '', #1995 ) ;
#3551 = SURFACE_STYLE_FILL_AREA ( #2579 ) ;
#3552 = STYLED_ITEM ( 'NONE', ( #1910 ), #2637 ) ;
#3553 =( CONVERSION_BASED_UNIT ( 'INCH', #4023 ) LENGTH_UNIT ( ) NAMED_UNIT ( #2988 ) );
#3554 =( NAMED_UNIT ( * ) SI_UNIT ( $, .STERADIAN. ) SOLID_ANGLE_UNIT ( ) );
#3555 = COLOUR_RGB ( '',0.7607843137254901578, 0.7607843137254901578, 0.0000000000000000000 ) ;
#3556 = STYLED_ITEM ( 'NONE', ( #2115 ), #3616 ) ;
#3557 = CARTESIAN_POINT ( 'NONE',  ( 0.06889763779527560694, 0.001377952755905925307, 0.1820866141732285226 ) ) ;
#3558 = PRESENTATION_STYLE_ASSIGNMENT (( #3202 ) ) ;
#3559 = MECHANICAL_DESIGN_GEOMETRIC_PRESENTATION_REPRESENTATION (  '', ( #1132 ), #4182 ) ;
#3560 =( GEOMETRIC_REPRESENTATION_CONTEXT ( 3 ) GLOBAL_UNCERTAINTY_ASSIGNED_CONTEXT ( ( #2214 ) ) GLOBAL_UNIT_ASSIGNED_CONTEXT ( ( #2935, #2430, #3307 ) ) REPRESENTATION_CONTEXT ( 'NONE', 'WORKASPACE' ) );
#3561 = EDGE_CURVE ( 'NONE', #2833, #2623, #3114, .T. ) ;
#3562 = CARTESIAN_POINT ( 'NONE',  ( 0.1464566929133859496, -0.02263779527559010157, -0.1068897637795273164 ) ) ;
#3563 = CARTESIAN_POINT ( 'NONE',  ( 0.06018589945968472882, 0.1998031496062996071, 0.1336614173228345137 ) ) ;
#3564 = ADVANCED_FACE ( 'NONE', ( #83 ), #1066, .T. ) ;
#3565 = CARTESIAN_POINT ( 'NONE',  ( 0.06929133858267698398, 0.1269685039370081758, 0.08371173833575194789 ) ) ;
#3566 = PRESENTATION_LAYER_ASSIGNMENT (  '', '', ( #2358 ) ) ;
#3567 = LINE ( 'NONE', #178, #941 ) ;
#3568 = ORIENTED_EDGE ( 'NONE', *, *, #4926, .F. ) ;
#3569 = CARTESIAN_POINT ( 'NONE',  ( 0.06889763779527535714, 0.1564960629921263724, 0.1624015748031495399 ) ) ;
#3570 =( CONVERSION_BASED_UNIT ( 'INCH', #5496 ) LENGTH_UNIT ( ) NAMED_UNIT ( #923 ) );
#3571 = CARTESIAN_POINT ( 'NONE',  ( 0.1948818897637793202, 0.1564960629921266222, -0.1738188976377948169 ) ) ;
#3572 = ORIENTED_EDGE ( 'NONE', *, *, #4576, .T. ) ;
#3573 = AXIS2_PLACEMENT_3D ( 'NONE', #5368, #4808, #5922 ) ;
#3574 = ORIENTED_EDGE ( 'NONE', *, *, #209, .T. ) ;
#3575 = EDGE_CURVE ( 'NONE', #94, #511, #116, .T. ) ;
#3576 = MECHANICAL_DESIGN_GEOMETRIC_PRESENTATION_REPRESENTATION (  '', ( #5490 ), #3476 ) ;
#3577 = PLANE ( 'NONE',  #2247 ) ;
#3578 = CARTESIAN_POINT ( 'NONE',  ( -0.1464566929133855611, -0.1722440944881890590, -0.003740157480314449702 ) ) ;
#3579 = CARTESIAN_POINT ( 'NONE',  ( -0.06889763779527560694, 0.001377952755905703262, 0.1820866141732285226 ) ) ;
#3580 = CARTESIAN_POINT ( 'NONE',  ( 0.06429804372452725680, 0.2037401574803153481, -0.01315729518093717090 ) ) ;
#3581 = ORIENTED_EDGE ( 'NONE', *, *, #898, .T. ) ;
#3582 = VECTOR ( 'NONE', #3905, 39.37007874015748143 ) ;
#3583 =( NAMED_UNIT ( * ) PLANE_ANGLE_UNIT ( ) SI_UNIT ( $, .RADIAN. ) );
#3584 = FACE_OUTER_BOUND ( 'NONE', #2360, .T. ) ;
#3585 =( NAMED_UNIT ( * ) PLANE_ANGLE_UNIT ( ) SI_UNIT ( $, .RADIAN. ) );
#3586 = VECTOR ( 'NONE', #6148, 39.37007874015748143 ) ;
#3587 =( NAMED_UNIT ( * ) SI_UNIT ( $, .STERADIAN. ) SOLID_ANGLE_UNIT ( ) );
#3588 = LINE ( 'NONE', #3958, #2355 ) ;
#3589 =( GEOMETRIC_REPRESENTATION_CONTEXT ( 3 ) GLOBAL_UNCERTAINTY_ASSIGNED_CONTEXT ( ( #6284 ) ) GLOBAL_UNIT_ASSIGNED_CONTEXT ( ( #4614, #3175, #2705 ) ) REPRESENTATION_CONTEXT ( 'NONE', 'WORKASPACE' ) );
#3590 = FILL_AREA_STYLE ('',( #3993 ) ) ;
#3591 =( LENGTH_UNIT ( ) NAMED_UNIT ( * ) SI_UNIT ( $, .METRE. ) );
#3592 =( CONVERSION_BASED_UNIT ( 'INCH', #1155 ) LENGTH_UNIT ( ) NAMED_UNIT ( #354 ) );
#3593 = FILL_AREA_STYLE ('',( #6034 ) ) ;
#3594 =( CONVERSION_BASED_UNIT ( 'INCH', #1668 ) LENGTH_UNIT ( ) NAMED_UNIT ( #4001 ) );
#3595 =( NAMED_UNIT ( * ) PLANE_ANGLE_UNIT ( ) SI_UNIT ( $, .RADIAN. ) );
#3596 = MECHANICAL_DESIGN_GEOMETRIC_PRESENTATION_REPRESENTATION (  '', ( #3197 ), #455 ) ;
#3597 = STYLED_ITEM ( 'NONE', ( #3629 ), #805 ) ;
#3598 = CARTESIAN_POINT ( 'NONE',  ( 0.06929133858267692847, 0.1564960629921263724, 0.03366141732283457061 ) ) ;
#3599 = ORIENTED_EDGE ( 'NONE', *, *, #2077, .F. ) ;
#3600 = EDGE_CURVE ( 'NONE', #5636, #370, #5951, .T. ) ;
#3601 = CARTESIAN_POINT ( 'NONE',  ( 0.06429804372452725680, 0.2037401574803152926, 0.08684270481906283812 ) ) ;
#3602 =( CONVERSION_BASED_UNIT ( 'INCH', #4531 ) LENGTH_UNIT ( ) NAMED_UNIT ( #3898 ) );
#3603 = ORIENTED_EDGE ( 'NONE', *, *, #2383, .T. ) ;
#3604 = EDGE_CURVE ( 'NONE', #1532, #4267, #2960, .T. ) ;
#3605 = AXIS2_PLACEMENT_3D ( 'NONE', #4169, #3812, #5671 ) ;
#3606 = MECHANICAL_DESIGN_GEOMETRIC_PRESENTATION_REPRESENTATION (  '', ( #2787 ), #865 ) ;
#3607 = EDGE_LOOP ( 'NONE', ( #3223, #5703, #4485, #553, #4402, #5984 ) ) ;
#3608 = UNCERTAINTY_MEASURE_WITH_UNIT (LENGTH_MEASURE( 1.000000000000000082E-05 ), #4734, 'distance_accuracy_value', 'NONE');
#3609 = VECTOR ( 'NONE', #2087, 39.37007874015748143 ) ;
#3610 = PRESENTATION_LAYER_ASSIGNMENT (  '', '', ( #2905 ) ) ;
#3611 = CARTESIAN_POINT ( 'NONE',  ( 0.06929133858267698398, 0.1269685039370082036, -0.1253937007874016407 ) ) ;
#3612 = FACE_OUTER_BOUND ( 'NONE', #4859, .T. ) ;
#3613 = FILL_AREA_STYLE ('',( #742 ) ) ;
#3614 = ADVANCED_FACE ( 'NONE', ( #2086 ), #572, .T. ) ;
#3615 = VERTEX_POINT ( 'NONE', #2530 ) ;
#3616 = ADVANCED_FACE ( 'NONE', ( #4467 ), #5924, .T. ) ;
#3617 = LENGTH_MEASURE_WITH_UNIT ( LENGTH_MEASURE( 0.02539999999999999897 ), #3160 );
#3618 = MECHANICAL_DESIGN_GEOMETRIC_PRESENTATION_REPRESENTATION (  '', ( #1904 ), #1686 ) ;
#3619 = LINE ( 'NONE', #2660, #3 ) ;
#3620 = LINE ( 'NONE', #2691, #1511 ) ;
#3621 = TOROIDAL_SURFACE ( 'NONE', #2107, 0.02854330708661417110, 0.003937007874015747977 ) ;
#3622 = DIRECTION ( 'NONE',  ( 1.602884491802569361E-15, -1.000000000000000000, 1.644517855226017859E-15 ) ) ;
#3623 = PRESENTATION_STYLE_ASSIGNMENT (( #1695 ) ) ;
#3624 =( NAMED_UNIT ( * ) SI_UNIT ( $, .STERADIAN. ) SOLID_ANGLE_UNIT ( ) );
#3625 = DIRECTION ( 'NONE',  ( 1.602884491802569361E-15, -1.000000000000000000, 1.644517855226017859E-15 ) ) ;
#3626 =( GEOMETRIC_REPRESENTATION_CONTEXT ( 3 ) GLOBAL_UNCERTAINTY_ASSIGNED_CONTEXT ( ( #6145 ) ) GLOBAL_UNIT_ASSIGNED_CONTEXT ( ( #5509, #2252, #2755 ) ) REPRESENTATION_CONTEXT ( 'NONE', 'WORKASPACE' ) );
#3627 = UNCERTAINTY_MEASURE_WITH_UNIT (LENGTH_MEASURE( 1.000000000000000082E-05 ), #3316, 'distance_accuracy_value', 'NONE');
#3628 = LENGTH_MEASURE_WITH_UNIT ( LENGTH_MEASURE( 0.02539999999999999897 ), #4663 );
#3629 = PRESENTATION_STYLE_ASSIGNMENT (( #4090 ) ) ;
#3630 = TOROIDAL_SURFACE ( 'NONE', #4842, 0.005168431248992125769, 0.003937007874015747977 ) ;
#3631 = FACE_OUTER_BOUND ( 'NONE', #3872, .T. ) ;
#3632 = CYLINDRICAL_SURFACE ( 'NONE', #4730, 0.009105439123007878083 ) ;
#3633 = PLANE ( 'NONE',  #1298 ) ;
#3634 = CARTESIAN_POINT ( 'NONE',  ( -0.1535433070866139282, -0.1407480314960631307, -0.006889763779527091452 ) ) ;
#3635 = DIRECTION ( 'NONE',  ( 0.7213327287317043979, 1.723857615967890355E-17, -0.6925886906819034294 ) ) ;
#3636 = VERTEX_POINT ( 'NONE', #2230 ) ;
#3637 = PLANE ( 'NONE',  #598 ) ;
#3638 = CARTESIAN_POINT ( 'NONE',  ( -0.06929133858267744195, 0.1564960629921262059, -0.06633858267716544188 ) ) ;
#3639 = ORIENTED_EDGE ( 'NONE', *, *, #2917, .T. ) ;
#3640 = ORIENTED_EDGE ( 'NONE', *, *, #3415, .F. ) ;
#3641 = LINE ( 'NONE', #1736, #5483 ) ;
#3642 = LINE ( 'NONE', #4650, #5014 ) ;
#3643 =( NAMED_UNIT ( * ) SI_UNIT ( $, .STERADIAN. ) SOLID_ANGLE_UNIT ( ) );
#3644 = DIRECTION ( 'NONE',  ( 1.602884491802569361E-15, -1.000000000000000000, 1.644517855226017859E-15 ) ) ;
#3645 = VERTEX_POINT ( 'NONE', #5198 ) ;
#3646 =( GEOMETRIC_REPRESENTATION_CONTEXT ( 3 ) GLOBAL_UNCERTAINTY_ASSIGNED_CONTEXT ( ( #3098 ) ) GLOBAL_UNIT_ASSIGNED_CONTEXT ( ( #596, #2610, #3530 ) ) REPRESENTATION_CONTEXT ( 'NONE', 'WORKASPACE' ) );
#3647 = ADVANCED_FACE ( 'NONE', ( #3631 ), #2203, .T. ) ;
#3648 = DIRECTION ( 'NONE',  ( 1.602884491802569361E-15, -1.000000000000000000, 1.644517855226017859E-15 ) ) ;
#3649 = SURFACE_STYLE_USAGE ( .BOTH. , #6125 ) ;
#3650 = EDGE_CURVE ( 'NONE', #1493, #158, #702, .T. ) ;
#3651 = EDGE_CURVE ( 'NONE', #2774, #2079, #859, .T. ) ;
#3652 = CARTESIAN_POINT ( 'NONE',  ( 0.01522951533058629174, 0.2037401574803153481, -0.07857498828362222132 ) ) ;
#3653 =( LENGTH_UNIT ( ) NAMED_UNIT ( * ) SI_UNIT ( $, .METRE. ) );
#3654 =( NAMED_UNIT ( * ) PLANE_ANGLE_UNIT ( ) SI_UNIT ( $, .RADIAN. ) );
#3655 = COLOUR_RGB ( '',1.000000000000000000, 1.000000000000000000, 1.000000000000000000 ) ;
#3656 = FILL_AREA_STYLE ('',( #2261 ) ) ;
#3657 = DIRECTION ( 'NONE',  ( 0.0000000000000000000, 0.0000000000000000000, 1.000000000000000000 ) ) ;
#3658 = VECTOR ( 'NONE', #661, 39.37007874015748143 ) ;
#3659 = DIRECTION ( 'NONE',  ( 0.0000000000000000000, 0.0000000000000000000, 1.000000000000000000 ) ) ;
#3660 = PLANE ( 'NONE',  #1796 ) ;
#3661 = FILL_AREA_STYLE ('',( #2235 ) ) ;
#3662 = CARTESIAN_POINT ( 'NONE',  ( 0.06743043410952725969, 0.1998031496062995793, 0.1190400250338187610 ) ) ;
#3663 = ORIENTED_EDGE ( 'NONE', *, *, #1322, .T. ) ;
#3664 = MECHANICAL_DESIGN_GEOMETRIC_PRESENTATION_REPRESENTATION (  '', ( #609 ), #3560 ) ;
#3665 = DIRECTION ( 'NONE',  ( -1.602884491802569361E-15, 1.000000000000000000, -1.644517855226017859E-15 ) ) ;
#3666 = ORIENTED_EDGE ( 'NONE', *, *, #6054, .F. ) ;
#3667 = ORIENTED_EDGE ( 'NONE', *, *, #6013, .T. ) ;
#3668 =( GEOMETRIC_REPRESENTATION_CONTEXT ( 3 ) GLOBAL_UNCERTAINTY_ASSIGNED_CONTEXT ( ( #4071 ) ) GLOBAL_UNIT_ASSIGNED_CONTEXT ( ( #1949, #4398, #461 ) ) REPRESENTATION_CONTEXT ( 'NONE', 'WORKASPACE' ) );
#3669 = UNCERTAINTY_MEASURE_WITH_UNIT (LENGTH_MEASURE( 1.000000000000000082E-05 ), #4525, 'distance_accuracy_value', 'NONE');
#3670 = CARTESIAN_POINT ( 'NONE',  ( 0.04940944881889763191, -0.06003937007873992593, 0.1007874015748034119 ) ) ;
#3671 = SURFACE_SIDE_STYLE ('',( #2684 ) ) ;
#3672 = COLOUR_RGB ( '',1.000000000000000000, 1.000000000000000000, 1.000000000000000000 ) ;
#3673 = SURFACE_STYLE_FILL_AREA ( #2625 ) ;
#3674 = ORIENTED_EDGE ( 'NONE', *, *, #642, .F. ) ;
#3675 = CIRCLE ( 'NONE', #3981, 0.009105439123007872879 ) ;
#3676 = SURFACE_STYLE_USAGE ( .BOTH. , #309 ) ;
#3677 = LINE ( 'NONE', #3222, #2757 ) ;
#3678 = ORIENTED_EDGE ( 'NONE', *, *, #4771, .F. ) ;
#3679 = LINE ( 'NONE', #5123, #4938 ) ;
#3680 = MECHANICAL_DESIGN_GEOMETRIC_PRESENTATION_REPRESENTATION (  '', ( #2067 ), #948 ) ;
#3681 = CARTESIAN_POINT ( 'NONE',  ( -0.04940944881889767354, -0.05413385826771646009, 0.1007874015748033980 ) ) ;
#3682 = FILL_AREA_STYLE ('',( #1208 ) ) ;
#3683 = EDGE_CURVE ( 'NONE', #1332, #2306, #1825, .T. ) ;
#3684 = COLOUR_RGB ( '',0.7607843137254901578, 0.7607843137254901578, 0.0000000000000000000 ) ;
#3685 = EDGE_CURVE ( 'NONE', #429, #3539, #6102, .T. ) ;
#3686 = LENGTH_MEASURE_WITH_UNIT ( LENGTH_MEASURE( 0.02539999999999999897 ), #5542 );
#3687 = VECTOR ( 'NONE', #214, 39.37007874015748143 ) ;
#3688 = DIRECTION ( 'NONE',  ( 5.046588147372974893E-13, 1.000000000000000000, -4.605343884023600448E-14 ) ) ;
#3689 = ADVANCED_FACE ( 'NONE', ( #328 ), #4607, .T. ) ;
#3690 = VECTOR ( 'NONE', #2908, 39.37007874015748143 ) ;
#3691 =( NAMED_UNIT ( * ) SI_UNIT ( $, .STERADIAN. ) SOLID_ANGLE_UNIT ( ) );
#3692 = LINE ( 'NONE', #5719, #6092 ) ;
#3693 = DIRECTION ( 'NONE',  ( 2.348093788196916901E-30, -1.644517855226017859E-15, -1.000000000000000000 ) ) ;
#3694 = DIRECTION ( 'NONE',  ( -1.000000000000000000, -1.602884491801855442E-15, 4.339543524116999257E-13 ) ) ;
#3695 = AXIS2_PLACEMENT_3D ( 'NONE', #2699, #1756, #723 ) ;
#3696 = CARTESIAN_POINT ( 'NONE',  ( 0.1464566929133862272, -0.1722440944881886149, 0.09625984251968555672 ) ) ;
#3697 = ORIENTED_EDGE ( 'NONE', *, *, #3967, .T. ) ;
#3698 = FILL_AREA_STYLE ('',( #868 ) ) ;
#3699 = SURFACE_STYLE_FILL_AREA ( #2340 ) ;
#3700 = VERTEX_POINT ( 'NONE', #234 ) ;
#3701 = PRESENTATION_STYLE_ASSIGNMENT (( #4280 ) ) ;
#3702 = VERTEX_POINT ( 'NONE', #6066 ) ;
#3703 = SURFACE_STYLE_FILL_AREA ( #5730 ) ;
#3704 = DIMENSIONAL_EXPONENTS ( 1.000000000000000000, 0.0000000000000000000, 0.0000000000000000000, 0.0000000000000000000, 0.0000000000000000000, 0.0000000000000000000, 0.0000000000000000000 ) ;
#3705 = LINE ( 'NONE', #342, #5836 ) ;
#3706 = CARTESIAN_POINT ( 'NONE',  ( -0.1535433070866138727, -0.1722440944881890312, 0.01200787401574855001 ) ) ;
#3707 = ORIENTED_EDGE ( 'NONE', *, *, #3412, .F. ) ;
#3708 = DIRECTION ( 'NONE',  ( 2.348093788196917952E-30, -1.644517855226018450E-15, -1.000000000000000000 ) ) ;
#3709 = LINE ( 'NONE', #1657, #1656 ) ;
#3710 = PRESENTATION_LAYER_ASSIGNMENT (  '', '', ( #4826 ) ) ;
#3711 = EDGE_LOOP ( 'NONE', ( #5964, #4688, #2566, #2941 ) ) ;
#3712 =( NAMED_UNIT ( * ) PLANE_ANGLE_UNIT ( ) SI_UNIT ( $, .RADIAN. ) );
#3713 = FACE_OUTER_BOUND ( 'NONE', #6044, .T. ) ;
#3714 = COLOUR_RGB ( '',0.7607843137254901578, 0.7607843137254901578, 0.0000000000000000000 ) ;
#3715 = COLOUR_RGB ( '',0.7607843137254901578, 0.7607843137254901578, 0.0000000000000000000 ) ;
#3716 = CARTESIAN_POINT ( 'NONE',  ( 0.01934165959544855914, 0.1643700787401577157, -0.01628826166439378831 ) ) ;
#3717 = CARTESIAN_POINT ( 'NONE',  ( 0.01934165959548794084, 0.1564960629921262336, -0.1253937007874016685 ) ) ;
#3718 = VECTOR ( 'NONE', #5774, 39.37007874015748143 ) ;
#3719 = VERTEX_POINT ( 'NONE', #4342 ) ;
#3720 = DIRECTION ( 'NONE',  ( -2.348093788196917952E-30, 1.644517855226018450E-15, 1.000000000000000000 ) ) ;
#3721 = SURFACE_STYLE_FILL_AREA ( #293 ) ;
#3722 = VECTOR ( 'NONE', #1405, 39.37007874015748143 ) ;
#3723 = DIRECTION ( 'NONE',  ( 0.0000000000000000000, 0.0000000000000000000, 1.000000000000000000 ) ) ;
#3724 =( NAMED_UNIT ( * ) PLANE_ANGLE_UNIT ( ) SI_UNIT ( $, .RADIAN. ) );
#3725 = SURFACE_STYLE_USAGE ( .BOTH. , #2331 ) ;
#3726 = DIRECTION ( 'NONE',  ( 1.594929680954418377E-16, -0.09950371902100052512, -0.9950371902099890420 ) ) ;
#3727 = ADVANCED_FACE ( 'NONE', ( #3822 ), #3469, .T. ) ;
#3728 = VECTOR ( 'NONE', #1027, 39.37007874015748143 ) ;
#3729 = ORIENTED_EDGE ( 'NONE', *, *, #3850, .F. ) ;
#3730 = EDGE_LOOP ( 'NONE', ( #1746, #5528, #1056, #1673, #4720 ) ) ;
#3731 =( NAMED_UNIT ( * ) PLANE_ANGLE_UNIT ( ) SI_UNIT ( $, .RADIAN. ) );
#3732 = VERTEX_POINT ( 'NONE', #470 ) ;
#3733 = UNCERTAINTY_MEASURE_WITH_UNIT (LENGTH_MEASURE( 1.000000000000000082E-05 ), #2643, 'distance_accuracy_value', 'NONE');
#3734 = CARTESIAN_POINT ( 'NONE',  ( 0.01934165959544849669, 0.2037401574803152093, 0.07854330708661401428 ) ) ;
#3735 = SURFACE_STYLE_FILL_AREA ( #4228 ) ;
#3736 = DIRECTION ( 'NONE',  ( 1.602884491802569361E-15, -1.000000000000000000, 1.644517855226017859E-15 ) ) ;
#3737 = MANIFOLD_SOLID_BREP ( 'LPattern1[1]', #2772 ) ;
#3738 = DIRECTION ( 'NONE',  ( -2.364801230464485631E-30, 1.644517855226018450E-15, 1.000000000000000000 ) ) ;
#3739 = ORIENTED_EDGE ( 'NONE', *, *, #4061, .F. ) ;
#3740 = SURFACE_STYLE_FILL_AREA ( #6153 ) ;
#3741 = CIRCLE ( 'NONE', #72, 0.003937007874015752314 ) ;
#3742 = VERTEX_POINT ( 'NONE', #4371 ) ;
#3743 = DIRECTION ( 'NONE',  ( -0.7956271577885687396, 0.0000000000000000000, -0.6057866173738770676 ) ) ;
#3744 = CARTESIAN_POINT ( 'NONE',  ( -0.08720472440944880554, -0.05413385826771683479, -0.09251968503936991439 ) ) ;
#3745 =( NAMED_UNIT ( * ) SI_UNIT ( $, .STERADIAN. ) SOLID_ANGLE_UNIT ( ) );
#3746 = LINE ( 'NONE', #197, #3201 ) ;
#3747 = VERTEX_POINT ( 'NONE', #1858 ) ;
#3748 = VERTEX_POINT ( 'NONE', #3923 ) ;
#3749 = SURFACE_STYLE_USAGE ( .BOTH. , #6164 ) ;
#3750 = FILL_AREA_STYLE ('',( #2733 ) ) ;
#3751 = SURFACE_STYLE_FILL_AREA ( #5582 ) ;
#3752 = MANIFOLD_SOLID_BREP ( 'LPattern1[3]', #5923 ) ;
#3753 = CARTESIAN_POINT ( 'NONE',  ( -0.08720472440944879167, -0.06003937007874045328, -0.09251968503936990051 ) ) ;
#3754 = CARTESIAN_POINT ( 'NONE',  ( 0.06018589945968472882, 0.1998031496062995793, -0.1214566929133859829 ) ) ;
#3755 = ORIENTED_EDGE ( 'NONE', *, *, #4007, .T. ) ;
#3756 = PLANE ( 'NONE',  #5779 ) ;
#3757 = ADVANCED_FACE ( 'NONE', ( #4864 ), #3891, .T. ) ;
#3758 = CARTESIAN_POINT ( 'NONE',  ( 0.01830074866882645118, 0.1998031496062995238, -0.1214566929133859829 ) ) ;
#3759 = ORIENTED_EDGE ( 'NONE', *, *, #2068, .F. ) ;
#3760 = CARTESIAN_POINT ( 'NONE',  ( 0.01209712494559034984, 0.1269685039370080926, 0.08922769150163382956 ) ) ;
#3761 = EDGE_CURVE ( 'NONE', #2239, #5636, #3051, .T. ) ;
#3762 = VECTOR ( 'NONE', #3543, 39.37007874015748143 ) ;
#3763 = AXIS2_PLACEMENT_3D ( 'NONE', #1726, #2765, #3657 ) ;
#3764 = LINE ( 'NONE', #1432, #6100 ) ;
#3765 =( NAMED_UNIT ( * ) SI_UNIT ( $, .STERADIAN. ) SOLID_ANGLE_UNIT ( ) );
#3766 = DIRECTION ( 'NONE',  ( -6.234788562956082048E-10, -1.000000000000000000, -8.959562889578396700E-14 ) ) ;
#3767 = DIRECTION ( 'NONE',  ( 0.0000000000000000000, 0.0000000000000000000, 1.000000000000000000 ) ) ;
#3768 = FILL_AREA_STYLE ('',( #2780 ) ) ;
#3769 = PRESENTATION_LAYER_ASSIGNMENT (  '', '', ( #1 ) ) ;
#3770 = PRODUCT_CONTEXT ( 'NONE', #4380, 'mechanical' ) ;
#3771 = STYLED_ITEM ( 'NONE', ( #1447 ), #3727 ) ;
#3772 = EDGE_CURVE ( 'NONE', #1707, #846, #2134, .T. ) ;
#3773 = LINE ( 'NONE', #415, #942 ) ;
#3774 = ORIENTED_EDGE ( 'NONE', *, *, #2176, .T. ) ;
#3775 = AXIS2_PLACEMENT_3D ( 'NONE', #211, #5076, #4615 ) ;
#3776 = CIRCLE ( 'NONE', #618, 0.003937007874015748844 ) ;
#3777 = ORIENTED_EDGE ( 'NONE', *, *, #3600, .T. ) ;
#3778 = SURFACE_SIDE_STYLE ('',( #4691 ) ) ;
#3779 = DIRECTION ( 'NONE',  ( 1.602884491802569361E-15, -1.000000000000000000, 1.644517855226017859E-15 ) ) ;
#3780 =( GEOMETRIC_REPRESENTATION_CONTEXT ( 3 ) GLOBAL_UNCERTAINTY_ASSIGNED_CONTEXT ( ( #5190 ) ) GLOBAL_UNIT_ASSIGNED_CONTEXT ( ( #5155, #4145, #4170 ) ) REPRESENTATION_CONTEXT ( 'NONE', 'WORKASPACE' ) );
#3781 = CARTESIAN_POINT ( 'NONE',  ( 0.06018589945968472882, 0.1998031496062995793, 0.1245559781998423626 ) ) ;
#3782 = ORIENTED_EDGE ( 'NONE', *, *, #2743, .T. ) ;
#3783 = ORIENTED_EDGE ( 'NONE', *, *, #167, .T. ) ;
#3784 = ORIENTED_EDGE ( 'NONE', *, *, #6084, .T. ) ;
#3785 = FACE_OUTER_BOUND ( 'NONE', #377, .T. ) ;
#3786 = COLOUR_RGB ( '',0.0000000000000000000, 0.0000000000000000000, 1.000000000000000000 ) ;
#3787 = DIRECTION ( 'NONE',  ( -1.000000000000000000, -1.602884491802569361E-15, 2.711709361697226329E-31 ) ) ;
#3788 =( NAMED_UNIT ( * ) SI_UNIT ( $, .STERADIAN. ) SOLID_ANGLE_UNIT ( ) );
#3789 = DIMENSIONAL_EXPONENTS ( 1.000000000000000000, 0.0000000000000000000, 0.0000000000000000000, 0.0000000000000000000, 0.0000000000000000000, 0.0000000000000000000, 0.0000000000000000000 ) ;
#3790 = LINE ( 'NONE', #3753, #3285 ) ;
#3791 = DIRECTION ( 'NONE',  ( -1.602884491802569361E-15, 1.000000000000000000, -1.644517855226017859E-15 ) ) ;
#3792 = SURFACE_STYLE_FILL_AREA ( #3698 ) ;
#3793 = MECHANICAL_DESIGN_GEOMETRIC_PRESENTATION_REPRESENTATION (  '', ( #2483 ), #736 ) ;
#3794 = CARTESIAN_POINT ( 'NONE',  ( 0.06018589945968484678, 0.1269685039370082591, 0.03366141732283462612 ) ) ;
#3795 = EDGE_LOOP ( 'NONE', ( #484, #5319, #3572, #1053 ) ) ;
#3796 = DIRECTION ( 'NONE',  ( -2.348093788196917952E-30, 1.644517855226018450E-15, 1.000000000000000000 ) ) ;
#3797 = ADVANCED_FACE ( 'NONE', ( #5516 ), #1151, .F. ) ;
#3798 = DIRECTION ( 'NONE',  ( 1.602884491802569361E-15, -1.000000000000000000, 1.644517855226017859E-15 ) ) ;
#3799 = EDGE_CURVE ( 'NONE', #5421, #1316, #513, .T. ) ;
#3800 = PLANE ( 'NONE',  #5811 ) ;
#3801 = PRESENTATION_STYLE_ASSIGNMENT (( #6247 ) ) ;
#3802 = ORIENTED_EDGE ( 'NONE', *, *, #1013, .T. ) ;
#3803 =( GEOMETRIC_REPRESENTATION_CONTEXT ( 3 ) GLOBAL_UNCERTAINTY_ASSIGNED_CONTEXT ( ( #3428 ) ) GLOBAL_UNIT_ASSIGNED_CONTEXT ( ( #201, #2670, #3140 ) ) REPRESENTATION_CONTEXT ( 'NONE', 'WORKASPACE' ) );
#3804 = CARTESIAN_POINT ( 'NONE',  ( 0.06018589945980290512, 0.1564960629921263169, -0.1253937007874016685 ) ) ;
#3805 = DIMENSIONAL_EXPONENTS ( 1.000000000000000000, 0.0000000000000000000, 0.0000000000000000000, 0.0000000000000000000, 0.0000000000000000000, 0.0000000000000000000, 0.0000000000000000000 ) ;
#3806 = ORIENTED_EDGE ( 'NONE', *, *, #88, .F. ) ;
#3807 =( LENGTH_UNIT ( ) NAMED_UNIT ( * ) SI_UNIT ( $, .METRE. ) );
#3808 = PRESENTATION_LAYER_ASSIGNMENT (  '', '', ( #3404 ) ) ;
#3809 = EDGE_CURVE ( 'NONE', #2439, #3301, #3588, .T. ) ;
#3810 = ORIENTED_EDGE ( 'NONE', *, *, #5780, .T. ) ;
#3811 = EDGE_CURVE ( 'NONE', #1142, #3732, #2999, .T. ) ;
#3812 = DIRECTION ( 'NONE',  ( -1.602884491802569361E-15, 1.000000000000000000, -1.644517855226017859E-15 ) ) ;
#3813 = DIRECTION ( 'NONE',  ( 1.594929680954371539E-16, -0.09950371902099727772, 0.9950371902099893751 ) ) ;
#3814 = VECTOR ( 'NONE', #5359, 39.37007874015748143 ) ;
#3815 = CIRCLE ( 'NONE', #552, 0.009105439123007878083 ) ;
#3816 = CARTESIAN_POINT ( 'NONE',  ( 0.1535433070866143168, -0.02263779527559009463, -0.1068897637795273164 ) ) ;
#3817 = ORIENTED_EDGE ( 'NONE', *, *, #689, .F. ) ;
#3818 = ORIENTED_EDGE ( 'NONE', *, *, #1357, .T. ) ;
#3819 = ORIENTED_EDGE ( 'NONE', *, *, #4966, .F. ) ;
#3820 = SURFACE_STYLE_FILL_AREA ( #4766 ) ;
#3821 = SURFACE_STYLE_FILL_AREA ( #4306 ) ;
#3822 = FACE_OUTER_BOUND ( 'NONE', #2485, .T. ) ;
#3823 = VECTOR ( 'NONE', #993, 39.37007874015748143 ) ;
#3824 = CARTESIAN_POINT ( 'NONE',  ( -0.06929133858267749746, 0.1958661417322835607, 0.07460629921259828712 ) ) ;
#3825 = COLOUR_RGB ( '',1.000000000000000000, 1.000000000000000000, 1.000000000000000000 ) ;
#3826 = CARTESIAN_POINT ( 'NONE',  ( 0.06743043410952737071, 0.1269685039370082036, 0.1190400250338188581 ) ) ;
#3827 = DIRECTION ( 'NONE',  ( -1.000000000000000000, -1.602884491802569361E-15, 2.878783784372901366E-31 ) ) ;
#3828 = CARTESIAN_POINT ( 'NONE',  ( 0.08720472440944881942, -0.05413385826771624498, 0.1007874015748034119 ) ) ;
#3829 = STYLED_ITEM ( 'NONE', ( #4598 ), #2879 ) ;
#3830 = FACE_OUTER_BOUND ( 'NONE', #4830, .T. ) ;
#3831 = CARTESIAN_POINT ( 'NONE',  ( 0.1500000000000003553, -0.1564960629921255675, -0.1053149606299207813 ) ) ;
#3832 = LENGTH_MEASURE_WITH_UNIT ( LENGTH_MEASURE( 0.02539999999999999897 ), #2375 );
#3833 = AXIS2_PLACEMENT_3D ( 'NONE', #1860, #1829, #1251 ) ;
#3834 = ORIENTED_EDGE ( 'NONE', *, *, #4927, .T. ) ;
#3835 = PLANE ( 'NONE',  #4091 ) ;
#3836 = DIMENSIONAL_EXPONENTS ( 1.000000000000000000, 0.0000000000000000000, 0.0000000000000000000, 0.0000000000000000000, 0.0000000000000000000, 0.0000000000000000000, 0.0000000000000000000 ) ;
#3837 = DIRECTION ( 'NONE',  ( 0.0000000000000000000, 0.0000000000000000000, -1.000000000000000000 ) ) ;
#3838 =( NAMED_UNIT ( * ) SI_UNIT ( $, .STERADIAN. ) SOLID_ANGLE_UNIT ( ) );
#3839 = LINE ( 'NONE', #2779, #5315 ) ;
#3840 = CARTESIAN_POINT ( 'NONE',  ( 0.06018589945968472882, 0.2037401574803153481, -0.1162882616643938632 ) ) ;
#3841 =( NAMED_UNIT ( * ) SI_UNIT ( $, .STERADIAN. ) SOLID_ANGLE_UNIT ( ) );
#3842 = DIRECTION ( 'NONE',  ( -6.762023144706918568E-10, 1.000000000000000000, 8.919191143228396171E-14 ) ) ;
#3843 = ORIENTED_EDGE ( 'NONE', *, *, #4623, .T. ) ;
#3844 = EDGE_LOOP ( 'NONE', ( #1887, #3759, #5249, #188, #1047, #1478, #2788, #3041 ) ) ;
#3845 = FACE_OUTER_BOUND ( 'NONE', #1818, .T. ) ;
#3846 = SURFACE_SIDE_STYLE ('',( #5802 ) ) ;
#3847 = ADVANCED_FACE ( 'NONE', ( #5917 ), #1094, .F. ) ;
#3848 = LINE ( 'NONE', #5773, #5070 ) ;
#3849 = EDGE_CURVE ( 'NONE', #5036, #2884, #3165, .T. ) ;
#3850 = EDGE_CURVE ( 'NONE', #73, #531, #2635, .T. ) ;
#3851 = ORIENTED_EDGE ( 'NONE', *, *, #1563, .T. ) ;
#3852 = DIMENSIONAL_EXPONENTS ( 1.000000000000000000, 0.0000000000000000000, 0.0000000000000000000, 0.0000000000000000000, 0.0000000000000000000, 0.0000000000000000000, 0.0000000000000000000 ) ;
#3853 = FILL_AREA_STYLE_COLOUR ( '', #4133 ) ;
#3854 = ORIENTED_EDGE ( 'NONE', *, *, #3897, .F. ) ;
#3855 = CARTESIAN_POINT ( 'NONE',  ( 0.06889763779527559306, 0.008858267716535831934, 0.1702755905511812995 ) ) ;
#3856 =( GEOMETRIC_REPRESENTATION_CONTEXT ( 3 ) GLOBAL_UNCERTAINTY_ASSIGNED_CONTEXT ( ( #5057 ) ) GLOBAL_UNIT_ASSIGNED_CONTEXT ( ( #5244, #3936, #4314 ) ) REPRESENTATION_CONTEXT ( 'NONE', 'WORKASPACE' ) );
#3857 = EDGE_CURVE ( 'NONE', #6227, #4073, #229, .T. ) ;
#3858 = CARTESIAN_POINT ( 'NONE',  ( 0.06929133858267698398, 0.1269685039370082313, 0.1336614173228346247 ) ) ;
#3859 = DIRECTION ( 'NONE',  ( 1.000000000000000000, 1.602884491802569361E-15, -2.711709361697226329E-31 ) ) ;
#3860 = SURFACE_STYLE_USAGE ( .BOTH. , #5300 ) ;
#3861 = SURFACE_SIDE_STYLE ('',( #438 ) ) ;
#3862 =( LENGTH_UNIT ( ) NAMED_UNIT ( * ) SI_UNIT ( $, .METRE. ) );
#3863 = COLOUR_RGB ( '',1.000000000000000000, 1.000000000000000000, 1.000000000000000000 ) ;
#3864 = ORIENTED_EDGE ( 'NONE', *, *, #208, .T. ) ;
#3865 = FILL_AREA_STYLE_COLOUR ( '', #2057 ) ;
#3866 = DIRECTION ( 'NONE',  ( 2.348093788196916901E-30, -1.644517855226017859E-15, -1.000000000000000000 ) ) ;
#3867 = PRESENTATION_STYLE_ASSIGNMENT (( #6209 ) ) ;
#3868 = PLANE ( 'NONE',  #2668 ) ;
#3869 = CARTESIAN_POINT ( 'NONE',  ( 0.0000000000000000000, 0.0000000000000000000, 0.0000000000000000000 ) ) ;
#3870 = STYLED_ITEM ( 'NONE', ( #662 ), #4505 ) ;
#3871 = PLANE ( 'NONE',  #5786 ) ;
#3872 = EDGE_LOOP ( 'NONE', ( #2951, #4940, #4077, #215 ) ) ;
#3873 = UNCERTAINTY_MEASURE_WITH_UNIT (LENGTH_MEASURE( 1.000000000000000082E-05 ), #4982, 'distance_accuracy_value', 'NONE');
#3874 = ORIENTED_EDGE ( 'NONE', *, *, #5899, .F. ) ;
#3875 = CARTESIAN_POINT ( 'NONE',  ( 0.1535433070866143168, -0.02263779527559008770, 0.01515748031496088298 ) ) ;
#3876 = CARTESIAN_POINT ( 'NONE',  ( 0.06018589945968484678, 0.1269685039370082313, 0.1336614173228346247 ) ) ;
#3877 = AXIS2_PLACEMENT_3D ( 'NONE', #471, #5754, #2492 ) ;
#3878 =( NAMED_UNIT ( * ) SI_UNIT ( $, .STERADIAN. ) SOLID_ANGLE_UNIT ( ) );
#3879 = DIMENSIONAL_EXPONENTS ( 1.000000000000000000, 0.0000000000000000000, 0.0000000000000000000, 0.0000000000000000000, 0.0000000000000000000, 0.0000000000000000000, 0.0000000000000000000 ) ;
#3880 = CARTESIAN_POINT ( 'NONE',  ( 0.06929133858267698398, 0.1269685039370082036, -0.1253937007874016407 ) ) ;
#3881 = PRESENTATION_LAYER_ASSIGNMENT (  '', '', ( #3255 ) ) ;
#3882 = UNCERTAINTY_MEASURE_WITH_UNIT (LENGTH_MEASURE( 1.000000000000000082E-05 ), #1640, 'distance_accuracy_value', 'NONE');
#3883 = AXIS2_PLACEMENT_3D ( 'NONE', #528, #2484, #2955 ) ;
#3884 = EDGE_LOOP ( 'NONE', ( #212, #4527, #3817, #4476 ) ) ;
#3885 = ADVANCED_FACE ( 'NONE', ( #2167 ), #4146, .F. ) ;
#3886 = VERTEX_POINT ( 'NONE', #5127 ) ;
#3887 = LINE ( 'NONE', #4862, #6134 ) ;
#3888 = EDGE_CURVE ( 'NONE', #4267, #1769, #1041, .T. ) ;
#3889 = FILL_AREA_STYLE_COLOUR ( '', #5219 ) ;
#3890 = VECTOR ( 'NONE', #2370, 39.37007874015748143 ) ;
#3891 = PLANE ( 'NONE',  #1744 ) ;
#3892 = FILL_AREA_STYLE ('',( #1959 ) ) ;
#3893 = CARTESIAN_POINT ( 'NONE',  ( 0.01934165959544850363, 0.1998031496062995516, 0.02455597819984235014 ) ) ;
#3894 = CIRCLE ( 'NONE', #4689, 0.009105439123007878083 ) ;
#3895 = CARTESIAN_POINT ( 'NONE',  ( 0.01522951533058629174, 0.2037401574803152648, -0.1131572951809371869 ) ) ;
#3896 = DIRECTION ( 'NONE',  ( 1.602884491802569361E-15, -1.000000000000000000, 1.644517855226018450E-15 ) ) ;
#3897 = EDGE_CURVE ( 'NONE', #105, #5392, #5065, .T. ) ;
#3898 = DIMENSIONAL_EXPONENTS ( 1.000000000000000000, 0.0000000000000000000, 0.0000000000000000000, 0.0000000000000000000, 0.0000000000000000000, 0.0000000000000000000, 0.0000000000000000000 ) ;
#3899 = MECHANICAL_DESIGN_GEOMETRIC_PRESENTATION_REPRESENTATION (  '', ( #952 ), #1358 ) ;
#3900 = LINE ( 'NONE', #1030, #2642 ) ;
#3901 = DIRECTION ( 'NONE',  ( -2.348093788196916901E-30, 1.644517855226017859E-15, 1.000000000000000000 ) ) ;
#3902 = PRESENTATION_LAYER_ASSIGNMENT (  '', '', ( #2483 ) ) ;
#3903 = SURFACE_STYLE_FILL_AREA ( #2059 ) ;
#3904 = CARTESIAN_POINT ( 'NONE',  ( 0.04940944881889762497, -0.05413385826771629356, 0.1007874015748033980 ) ) ;
#3905 = DIRECTION ( 'NONE',  ( 1.000000000000000000, 1.602884491802569361E-15, -2.711709361697226329E-31 ) ) ;
#3906 = LENGTH_MEASURE_WITH_UNIT ( LENGTH_MEASURE( 0.02539999999999999897 ), #1560 );
#3907 = VECTOR ( 'NONE', #889, 39.37007874015748143 ) ;
#3908 = ORIENTED_EDGE ( 'NONE', *, *, #4771, .T. ) ;
#3909 = EDGE_LOOP ( 'NONE', ( #1195, #120, #3465, #585, #2754, #6215 ) ) ;
#3910 = DIRECTION ( 'NONE',  ( -1.602884491802569361E-15, 1.000000000000000000, -1.644517855226017859E-15 ) ) ;
#3911 =( GEOMETRIC_REPRESENTATION_CONTEXT ( 3 ) GLOBAL_UNCERTAINTY_ASSIGNED_CONTEXT ( ( #156 ) ) GLOBAL_UNIT_ASSIGNED_CONTEXT ( ( #597, #1003, #5950 ) ) REPRESENTATION_CONTEXT ( 'NONE', 'WORKASPACE' ) );
#3912 = DIRECTION ( 'NONE',  ( 1.000000000000000000, 1.602884491802569361E-15, -2.711709361697224578E-31 ) ) ;
#3913 = ORIENTED_EDGE ( 'NONE', *, *, #3215, .T. ) ;
#3914 = CARTESIAN_POINT ( 'NONE',  ( 0.1535433070866145389, -0.1722440944881885871, 0.1120078740157485764 ) ) ;
#3915 = ORIENTED_EDGE ( 'NONE', *, *, #6052, .T. ) ;
#3916 = FILL_AREA_STYLE_COLOUR ( '', #3099 ) ;
#3917 = ORIENTED_EDGE ( 'NONE', *, *, #50, .F. ) ;
#3918 = DIRECTION ( 'NONE',  ( 1.602884491802569361E-15, -1.000000000000000000, 1.644517855226017859E-15 ) ) ;
#3919 = CIRCLE ( 'NONE', #446, 0.009105439123007878083 ) ;
#3920 = DIRECTION ( 'NONE',  ( 1.324743555594197337E-12, 1.000000000000000000, -1.644517855226017859E-15 ) ) ;
#3921 = AXIS2_PLACEMENT_3D ( 'NONE', #1908, #4319, #1325 ) ;
#3922 = EDGE_CURVE ( 'NONE', #4426, #3301, #992, .T. ) ;
#3923 = CARTESIAN_POINT ( 'NONE',  ( -0.06889763779527587062, 0.1564960629921261781, 0.1624015748031495399 ) ) ;
#3924 = CARTESIAN_POINT ( 'NONE',  ( 0.1464566929133862272, -0.1722440944881885316, -0.08799212598425146248 ) ) ;
#3925 = CYLINDRICAL_SURFACE ( 'NONE', #5024, 0.02460629921259843006 ) ;
#3926 = DIRECTION ( 'NONE',  ( -0.7956271577887868984, 0.0000000000000000000, 0.6057866173735905191 ) ) ;
#3927 = DIMENSIONAL_EXPONENTS ( 1.000000000000000000, 0.0000000000000000000, 0.0000000000000000000, 0.0000000000000000000, 0.0000000000000000000, 0.0000000000000000000, 0.0000000000000000000 ) ;
#3928 = PRESENTATION_LAYER_ASSIGNMENT (  '', '', ( #336 ) ) ;
#3929 = AXIS2_PLACEMENT_3D ( 'NONE', #4992, #6010, #5649 ) ;
#3930 = SURFACE_SIDE_STYLE ('',( #2937 ) ) ;
#3931 = CARTESIAN_POINT ( 'NONE',  ( 0.06929133858267698398, 0.1269685039370082313, -0.1162882616642480771 ) ) ;
#3932 = PRESENTATION_LAYER_ASSIGNMENT (  '', '', ( #339 ) ) ;
#3933 = AXIS2_PLACEMENT_3D ( 'NONE', #131, #5003, #4046 ) ;
#3934 = EDGE_CURVE ( 'NONE', #5879, #8, #1473, .T. ) ;
#3935 = CARTESIAN_POINT ( 'NONE',  ( -0.007480314960630252488, 0.2037401574803152093, 0.1041338582677163865 ) ) ;
#3936 =( NAMED_UNIT ( * ) PLANE_ANGLE_UNIT ( ) SI_UNIT ( $, .RADIAN. ) );
#3937 = EDGE_CURVE ( 'NONE', #1257, #2387, #4299, .T. ) ;
#3938 = DIRECTION ( 'NONE',  ( 1.594929680954418377E-16, -0.09950371902100052512, -0.9950371902099890420 ) ) ;
#3939 =( GEOMETRIC_REPRESENTATION_CONTEXT ( 3 ) GLOBAL_UNCERTAINTY_ASSIGNED_CONTEXT ( ( #5768 ) ) GLOBAL_UNIT_ASSIGNED_CONTEXT ( ( #1277, #1337, #6158 ) ) REPRESENTATION_CONTEXT ( 'NONE', 'WORKASPACE' ) );
#3940 = FACE_OUTER_BOUND ( 'NONE', #3214, .T. ) ;
#3941 = PRESENTATION_STYLE_ASSIGNMENT (( #4751 ) ) ;
#3942 = FACE_OUTER_BOUND ( 'NONE', #622, .T. ) ;
#3943 =( NAMED_UNIT ( * ) PLANE_ANGLE_UNIT ( ) SI_UNIT ( $, .RADIAN. ) );
#3944 = COLOUR_RGB ( '',1.000000000000000000, 1.000000000000000000, 1.000000000000000000 ) ;
#3945 = DIRECTION ( 'NONE',  ( -1.602884491802569361E-15, 1.000000000000000000, -1.644517855226017859E-15 ) ) ;
#3946 = ORIENTED_EDGE ( 'NONE', *, *, #5530, .T. ) ;
#3947 = UNCERTAINTY_MEASURE_WITH_UNIT (LENGTH_MEASURE( 1.000000000000000082E-05 ), #3602, 'distance_accuracy_value', 'NONE');
#3948 = VERTEX_POINT ( 'NONE', #5255 ) ;
#3949 = ORIENTED_EDGE ( 'NONE', *, *, #4241, .T. ) ;
#3950 = STYLED_ITEM ( 'NONE', ( #5548 ), #3029 ) ;
#3951 = PRESENTATION_STYLE_ASSIGNMENT (( #5002 ) ) ;
#3952 = EDGE_LOOP ( 'NONE', ( #2513, #3013, #2827, #360 ) ) ;
#3953 = FACE_OUTER_BOUND ( 'NONE', #1596, .T. ) ;
#3954 = ORIENTED_EDGE ( 'NONE', *, *, #4503, .T. ) ;
#3955 = FILL_AREA_STYLE ('',( #3853 ) ) ;
#3956 = ORIENTED_EDGE ( 'NONE', *, *, #4436, .T. ) ;
#3957 = DIRECTION ( 'NONE',  ( -0.7956271577886172564, -2.775557561562892140E-15, -0.6057866173738131188 ) ) ;
#3958 = CARTESIAN_POINT ( 'NONE',  ( 0.1464566929133861717, -0.1407480314960626311, 0.09311023622047291670 ) ) ;
#3959 = LENGTH_MEASURE_WITH_UNIT ( LENGTH_MEASURE( 0.02539999999999999897 ), #2871 );
#3960 = CARTESIAN_POINT ( 'NONE',  ( -0.06929133858267744195, 0.1564960629921260671, -0.02539370078740165945 ) ) ;
#3961 = SURFACE_STYLE_FILL_AREA ( #1580 ) ;
#3962 = DIRECTION ( 'NONE',  ( 0.7956271577887870095, 0.0000000000000000000, -0.6057866173735900750 ) ) ;
#3963 = VECTOR ( 'NONE', #3965, 39.37007874015748143 ) ;
#3964 =( LENGTH_UNIT ( ) NAMED_UNIT ( * ) SI_UNIT ( $, .METRE. ) );
#3965 = DIRECTION ( 'NONE',  ( -1.000000000000000000, -1.602884491802569361E-15, 2.711709361697226329E-31 ) ) ;
#3966 = CARTESIAN_POINT ( 'NONE',  ( -0.1948818897637798475, 0.1564960629921260116, 0.1820866141732282728 ) ) ;
#3967 = EDGE_CURVE ( 'NONE', #1332, #4747, #3261, .T. ) ;
#3968 = DIMENSIONAL_EXPONENTS ( 1.000000000000000000, 0.0000000000000000000, 0.0000000000000000000, 0.0000000000000000000, 0.0000000000000000000, 0.0000000000000000000, 0.0000000000000000000 ) ;
#3969 = DIRECTION ( 'NONE',  ( 0.0000000000000000000, 0.0000000000000000000, -1.000000000000000000 ) ) ;
#3970 = FACE_OUTER_BOUND ( 'NONE', #5710, .T. ) ;
#3971 = DIRECTION ( 'NONE',  ( -2.255731163044917930E-10, 1.000000000000000000, 2.962140801037447666E-10 ) ) ;
#3972 = EDGE_CURVE ( 'NONE', #4763, #6124, #1748, .T. ) ;
#3973 = AXIS2_PLACEMENT_3D ( 'NONE', #224, #1267, #1232 ) ;
#3974 = VERTEX_POINT ( 'NONE', #5289 ) ;
#3975 = ORIENTED_EDGE ( 'NONE', *, *, #2632, .T. ) ;
#3976 = FILL_AREA_STYLE_COLOUR ( '', #2500 ) ;
#3977 = FILL_AREA_STYLE ('',( #1045 ) ) ;
#3978 = SURFACE_STYLE_USAGE ( .BOTH. , #1141 ) ;
#3979 = ORIENTED_EDGE ( 'NONE', *, *, #3849, .T. ) ;
#3980 = EDGE_CURVE ( 'NONE', #3039, #744, #2829, .T. ) ;
#3981 = AXIS2_PLACEMENT_3D ( 'NONE', #5978, #3426, #147 ) ;
#3982 = CARTESIAN_POINT ( 'NONE',  ( -0.1535433070866139282, -0.1407480314960631584, 0.09311023622047291670 ) ) ;
#3983 = FACE_OUTER_BOUND ( 'NONE', #2039, .T. ) ;
#3984 = ORIENTED_EDGE ( 'NONE', *, *, #4542, .T. ) ;
#3985 = COLOUR_RGB ( '',0.7607843137254901578, 0.7607843137254901578, 0.0000000000000000000 ) ;
#3986 =( GEOMETRIC_REPRESENTATION_CONTEXT ( 3 ) GLOBAL_UNCERTAINTY_ASSIGNED_CONTEXT ( ( #2653 ) ) GLOBAL_UNIT_ASSIGNED_CONTEXT ( ( #6093, #754, #3745 ) ) REPRESENTATION_CONTEXT ( 'NONE', 'WORKASPACE' ) );
#3987 = SURFACE_STYLE_FILL_AREA ( #3955 ) ;
#3988 = ORIENTED_EDGE ( 'NONE', *, *, #1948, .F. ) ;
#3989 = CARTESIAN_POINT ( 'NONE',  ( -0.06929133858267740032, 0.1269685039370079260, 0.07460629921259839814 ) ) ;
#3990 = STYLED_ITEM ( 'NONE', ( #3419 ), #5186 ) ;
#3991 = VECTOR ( 'NONE', #1050, 39.37007874015748143 ) ;
#3992 = FACE_OUTER_BOUND ( 'NONE', #1293, .T. ) ;
#3993 = FILL_AREA_STYLE_COLOUR ( '', #5662 ) ;
#3994 = PLANE ( 'NONE',  #6229 ) ;
#3995 =( LENGTH_UNIT ( ) NAMED_UNIT ( * ) SI_UNIT ( $, .METRE. ) );
#3996 = MECHANICAL_DESIGN_GEOMETRIC_PRESENTATION_REPRESENTATION (  '', ( #718 ), #3780 ) ;
#3997 = AXIS2_PLACEMENT_3D ( 'NONE', #1501, #1010, #2478 ) ;
#3998 = CARTESIAN_POINT ( 'NONE',  ( 0.01934165959544849669, 0.2037401574803152371, -0.01628826166439385770 ) ) ;
#3999 = CYLINDRICAL_SURFACE ( 'NONE', #4440, 0.02460629921259842659 ) ;
#4000 = VECTOR ( 'NONE', #2925, 39.37007874015748143 ) ;
#4001 = DIMENSIONAL_EXPONENTS ( 1.000000000000000000, 0.0000000000000000000, 0.0000000000000000000, 0.0000000000000000000, 0.0000000000000000000, 0.0000000000000000000, 0.0000000000000000000 ) ;
#4002 = CARTESIAN_POINT ( 'NONE',  ( -0.1499999999999997446, -0.1564960629921260671, -0.005314960629920771444 ) ) ;
#4003 = DIRECTION ( 'NONE',  ( 1.000000000000000000, 1.875148439272792120E-15, 0.0000000000000000000 ) ) ;
#4004 = CIRCLE ( 'NONE', #206, 0.009105439123007872879 ) ;
#4005 = DIRECTION ( 'NONE',  ( -1.602884491802569361E-15, 1.000000000000000000, -1.644517855226017859E-15 ) ) ;
#4006 = EDGE_LOOP ( 'NONE', ( #913, #2831, #4557, #5203 ) ) ;
#4007 = EDGE_CURVE ( 'NONE', #4043, #2962, #2451, .T. ) ;
#4008 = CIRCLE ( 'NONE', #5192, 0.005168431248992120565 ) ;
#4009 = UNCERTAINTY_MEASURE_WITH_UNIT (LENGTH_MEASURE( 1.000000000000000082E-05 ), #3594, 'distance_accuracy_value', 'NONE');
#4010 = ORIENTED_EDGE ( 'NONE', *, *, #640, .F. ) ;
#4011 = ORIENTED_EDGE ( 'NONE', *, *, #4057, .T. ) ;
#4012 = SURFACE_STYLE_USAGE ( .BOTH. , #5965 ) ;
#4013 = CARTESIAN_POINT ( 'NONE',  ( 0.1500000000000003553, -0.1564960629921255952, -0.005314960629920771444 ) ) ;
#4014 = ORIENTED_EDGE ( 'NONE', *, *, #2719, .F. ) ;
#4015 = DIRECTION ( 'NONE',  ( 2.348093788196917952E-30, -1.644517855226018450E-15, -1.000000000000000000 ) ) ;
#4016 = ADVANCED_FACE ( 'NONE', ( #3332 ), #4488, .T. ) ;
#4017 = EDGE_CURVE ( 'NONE', #11, #2102, #1374, .T. ) ;
#4018 = CIRCLE ( 'NONE', #1683, 0.02460629921259841618 ) ;
#4019 = DIRECTION ( 'NONE',  ( -2.348093788196917952E-30, 1.644517855226018450E-15, 1.000000000000000000 ) ) ;
#4020 = ORIENTED_EDGE ( 'NONE', *, *, #4812, .T. ) ;
#4021 = CARTESIAN_POINT ( 'NONE',  ( -0.1464566929133857831, -0.02263779527559060811, 0.1151574803149608972 ) ) ;
#4022 = MECHANICAL_DESIGN_GEOMETRIC_PRESENTATION_REPRESENTATION (  '', ( #2392 ), #130 ) ;
#4023 = LENGTH_MEASURE_WITH_UNIT ( LENGTH_MEASURE( 0.02539999999999999897 ), #4978 );
#4024 = LINE ( 'NONE', #3960, #5634 ) ;
#4025 = CARTESIAN_POINT ( 'NONE',  ( 0.01934165959543282173, 0.1564960629921263446, -0.06633858267716544188 ) ) ;
#4026 = VECTOR ( 'NONE', #5001, 39.37007874015748143 ) ;
#4027 = CIRCLE ( 'NONE', #3185, 0.009105439123007878083 ) ;
#4028 = DIMENSIONAL_EXPONENTS ( 1.000000000000000000, 0.0000000000000000000, 0.0000000000000000000, 0.0000000000000000000, 0.0000000000000000000, 0.0000000000000000000, 0.0000000000000000000 ) ;
#4029 = PRESENTATION_LAYER_ASSIGNMENT (  '', '', ( #5217 ) ) ;
#4030 = CARTESIAN_POINT ( 'NONE',  ( 0.06018589945968479821, 0.1564960629921263724, 0.03366141732283457061 ) ) ;
#4031 = CIRCLE ( 'NONE', #1281, 0.009105439123007878083 ) ;
#4032 =( LENGTH_UNIT ( ) NAMED_UNIT ( * ) SI_UNIT ( $, .METRE. ) );
#4033 = DIRECTION ( 'NONE',  ( 1.000000000000000000, 1.602884491802569361E-15, -2.711709361697224578E-31 ) ) ;
#4034 = EDGE_LOOP ( 'NONE', ( #498, #701, #2295, #3484 ) ) ;
#4035 = STYLED_ITEM ( 'NONE', ( #930 ), #2498 ) ;
#4036 = CARTESIAN_POINT ( 'NONE',  ( 0.06018589945968472882, 0.1998031496062996348, -0.07544402180015766235 ) ) ;
#4037 = PRESENTATION_LAYER_ASSIGNMENT (  '', '', ( #988 ) ) ;
#4038 = DIRECTION ( 'NONE',  ( -1.000000000000000000, -1.602884491802569361E-15, 2.711709361697226329E-31 ) ) ;
#4039 = CARTESIAN_POINT ( 'NONE',  ( 0.01934165959544850363, 0.1998031496062995238, -0.1162882616643938632 ) ) ;
#4040 = ORIENTED_EDGE ( 'NONE', *, *, #5940, .T. ) ;
#4041 = VERTEX_POINT ( 'NONE', #2356 ) ;
#4042 = STYLED_ITEM ( 'NONE', ( #1950 ), #2640 ) ;
#4043 = VERTEX_POINT ( 'NONE', #4333 ) ;
#4044 = CARTESIAN_POINT ( 'NONE',  ( 0.01934165959544861813, 0.1269685039370081758, 0.1336614173228346247 ) ) ;
#4045 = DIRECTION ( 'NONE',  ( -1.602884491802569361E-15, 1.000000000000000000, -1.644517855226017859E-15 ) ) ;
#4046 = DIRECTION ( 'NONE',  ( 0.7715274047096022381, 2.282905139954358816E-15, 0.6361960890968018090 ) ) ;
#4047 = EDGE_LOOP ( 'NONE', ( #2857, #5930, #2590, #2742 ) ) ;
#4048 =( GEOMETRIC_REPRESENTATION_CONTEXT ( 3 ) GLOBAL_UNCERTAINTY_ASSIGNED_CONTEXT ( ( #4132 ) ) GLOBAL_UNIT_ASSIGNED_CONTEXT ( ( #5452, #3712, #1235 ) ) REPRESENTATION_CONTEXT ( 'NONE', 'WORKASPACE' ) );
#4049 = DIRECTION ( 'NONE',  ( 0.6057866173740993343, 2.279429041416232339E-15, 0.7956271577883993196 ) ) ;
#4050 = FACE_OUTER_BOUND ( 'NONE', #5286, .T. ) ;
#4051 =( GEOMETRIC_REPRESENTATION_CONTEXT ( 3 ) GLOBAL_UNCERTAINTY_ASSIGNED_CONTEXT ( ( #1198 ) ) GLOBAL_UNIT_ASSIGNED_CONTEXT ( ( #2588, #6105, #3788 ) ) REPRESENTATION_CONTEXT ( 'NONE', 'WORKASPACE' ) );
#4052 = CARTESIAN_POINT ( 'NONE',  ( -0.1535433070866141225, -0.02263779527559061505, 0.1151574803149608972 ) ) ;
#4053 = PLANE ( 'NONE',  #4515 ) ;
#4054 = EDGE_CURVE ( 'NONE', #2449, #105, #6221, .T. ) ;
#4055 = DIRECTION ( 'NONE',  ( -2.348093788196917952E-30, 1.644517855226018450E-15, 1.000000000000000000 ) ) ;
#4056 = EDGE_CURVE ( 'NONE', #4941, #3546, #1882, .T. ) ;
#4057 = EDGE_CURVE ( 'NONE', #3747, #1404, #3848, .T. ) ;
#4058 =( CONVERSION_BASED_UNIT ( 'INCH', #2109 ) LENGTH_UNIT ( ) NAMED_UNIT ( #3344 ) );
#4059 = LINE ( 'NONE', #5997, #6149 ) ;
#4060 = PRESENTATION_STYLE_ASSIGNMENT (( #2025 ) ) ;
#4061 = EDGE_CURVE ( 'NONE', #4648, #3402, #400, .T. ) ;
#4062 = DIRECTION ( 'NONE',  ( 0.0000000000000000000, 0.0000000000000000000, 1.000000000000000000 ) ) ;
#4063 = DIRECTION ( 'NONE',  ( 2.348093788196916901E-30, -1.644517855226017859E-15, -1.000000000000000000 ) ) ;
#4064 = CARTESIAN_POINT ( 'NONE',  ( -0.1535433070866138727, -0.1722440944881890312, -0.1037401574803144821 ) ) ;
#4065 = VERTEX_POINT ( 'NONE', #5477 ) ;
#4066 = CARTESIAN_POINT ( 'NONE',  ( -0.06889763779527587062, 0.1564960629921261781, 0.1624015748031495399 ) ) ;
#4067 = DIRECTION ( 'NONE',  ( 2.047204322355081778E-10, 1.000000000000000000, 2.688782288034447080E-10 ) ) ;
#4068 = EDGE_LOOP ( 'NONE', ( #1595, #2210, #522, #2991 ) ) ;
#4069 = PRESENTATION_LAYER_ASSIGNMENT (  '', '', ( #588 ) ) ;
#4070 = ORIENTED_EDGE ( 'NONE', *, *, #2572, .T. ) ;
#4071 = UNCERTAINTY_MEASURE_WITH_UNIT (LENGTH_MEASURE( 1.000000000000000082E-05 ), #1949, 'distance_accuracy_value', 'NONE');
#4072 = LENGTH_MEASURE_WITH_UNIT ( LENGTH_MEASURE( 0.02539999999999999897 ), #2211 );
#4073 = VERTEX_POINT ( 'NONE', #1599 ) ;
#4074 = DIRECTION ( 'NONE',  ( 1.602884491802569361E-15, -1.000000000000000000, -1.644517855226017859E-15 ) ) ;
#4075 = SURFACE_STYLE_USAGE ( .BOTH. , #1738 ) ;
#4076 = LINE ( 'NONE', #4163, #3507 ) ;
#4077 = ORIENTED_EDGE ( 'NONE', *, *, #4095, .F. ) ;
#4078 = DIRECTION ( 'NONE',  ( 2.348093788196917952E-30, -1.644517855226018450E-15, -1.000000000000000000 ) ) ;
#4079 =( CONVERSION_BASED_UNIT ( 'INCH', #5877 ) LENGTH_UNIT ( ) NAMED_UNIT ( #2725 ) );
#4080 = PRESENTATION_LAYER_ASSIGNMENT (  '', '', ( #2234 ) ) ;
#4081 = DIRECTION ( 'NONE',  ( 0.0000000000000000000, 0.0000000000000000000, -1.000000000000000000 ) ) ;
#4082 =( LENGTH_UNIT ( ) NAMED_UNIT ( * ) SI_UNIT ( $, .METRE. ) );
#4083 = SURFACE_SIDE_STYLE ('',( #2995 ) ) ;
#4084 = SURFACE_STYLE_FILL_AREA ( #4463 ) ;
#4085 = DIRECTION ( 'NONE',  ( 1.602884491802569361E-15, -1.000000000000000000, 1.644517855226018450E-15 ) ) ;
#4086 = EDGE_CURVE ( 'NONE', #4917, #1043, #2076, .T. ) ;
#4087 = MECHANICAL_DESIGN_GEOMETRIC_PRESENTATION_REPRESENTATION (  '', ( #3556 ), #190 ) ;
#4088 = SURFACE_STYLE_USAGE ( .BOTH. , #3111 ) ;
#4089 = EDGE_CURVE ( 'NONE', #3702, #856, #1237, .T. ) ;
#4090 = SURFACE_STYLE_USAGE ( .BOTH. , #3170 ) ;
#4091 = AXIS2_PLACEMENT_3D ( 'NONE', #4002, #5865, #5826 ) ;
#4092 = DIRECTION ( 'NONE',  ( -2.348093788196916901E-30, 1.644517855226017859E-15, 1.000000000000000000 ) ) ;
#4093 = LENGTH_MEASURE_WITH_UNIT ( LENGTH_MEASURE( 0.02539999999999999897 ), #5463 );
#4094 = PRESENTATION_LAYER_ASSIGNMENT (  '', '', ( #4682 ) ) ;
#4095 = EDGE_CURVE ( 'NONE', #839, #5750, #5418, .T. ) ;
#4096 = VECTOR ( 'NONE', #4884, 39.37007874015748143 ) ;
#4097 = ORIENTED_EDGE ( 'NONE', *, *, #3934, .T. ) ;
#4098 = DIRECTION ( 'NONE',  ( 2.348093788196916901E-30, -1.644517855226017859E-15, -1.000000000000000000 ) ) ;
#4099 = SURFACE_SIDE_STYLE ('',( #3721 ) ) ;
#4100 = DIRECTION ( 'NONE',  ( 1.000000000000000000, 1.602884491802569361E-15, 0.0000000000000000000 ) ) ;
#4101 = ORIENTED_EDGE ( 'NONE', *, *, #4577, .T. ) ;
#4102 = COLOUR_RGB ( '',0.7607843137254901578, 0.7607843137254901578, 0.0000000000000000000 ) ;
#4103 = EDGE_LOOP ( 'NONE', ( #4565, #3536, #4738, #3123 ) ) ;
#4104 = CARTESIAN_POINT ( 'NONE',  ( 0.01934165959544855914, 0.1643700787401577434, 0.1245559781998424320 ) ) ;
#4105 = ORIENTED_EDGE ( 'NONE', *, *, #240, .T. ) ;
#4106 = CARTESIAN_POINT ( 'NONE',  ( 0.01934165962243668963, 0.1998031496062995516, 0.1336614173228345137 ) ) ;
#4107 = SURFACE_STYLE_FILL_AREA ( #2628 ) ;
#4108 = CARTESIAN_POINT ( 'NONE',  ( -2.057162640966502078E-16, 0.1269685039370080926, -0.1458661417322834886 ) ) ;
#4109 = FILL_AREA_STYLE ('',( #5567 ) ) ;
#4110 = SURFACE_SIDE_STYLE ('',( #2224 ) ) ;
#4111 = COLOUR_RGB ( '',1.000000000000000000, 1.000000000000000000, 1.000000000000000000 ) ;
#4112 =( LENGTH_UNIT ( ) NAMED_UNIT ( * ) SI_UNIT ( $, .METRE. ) );
#4113 = SURFACE_SIDE_STYLE ('',( #4171 ) ) ;
#4114 = CIRCLE ( 'NONE', #1578, 0.005168431248992122300 ) ;
#4115 =( LENGTH_UNIT ( ) NAMED_UNIT ( * ) SI_UNIT ( $, .METRE. ) );
#4116 = STYLED_ITEM ( 'NONE', ( #1550 ), #680 ) ;
#4117 = EDGE_CURVE ( 'NONE', #3498, #4851, #1019, .T. ) ;
#4118 = DIRECTION ( 'NONE',  ( -0.7956271577887870095, 0.0000000000000000000, 0.6057866173735900750 ) ) ;
#4119 = CARTESIAN_POINT ( 'NONE',  ( 0.1464566929133862272, -0.1722440944881885871, -0.003740157480314449702 ) ) ;
#4120 = VECTOR ( 'NONE', #4074, 39.37007874015748143 ) ;
#4121 = AXIS2_PLACEMENT_3D ( 'NONE', #4269, #4799, #5778 ) ;
#4122 = SURFACE_STYLE_USAGE ( .BOTH. , #2177 ) ;
#4123 = FACE_OUTER_BOUND ( 'NONE', #4787, .T. ) ;
#4124 = EDGE_LOOP ( 'NONE', ( #2593, #1879, #3915, #2182 ) ) ;
#4125 =( CONVERSION_BASED_UNIT ( 'INCH', #2649 ) LENGTH_UNIT ( ) NAMED_UNIT ( #38 ) );
#4126 = EDGE_CURVE ( 'NONE', #3147, #5283, #4509, .T. ) ;
#4127 = SURFACE_SIDE_STYLE ('',( #4588 ) ) ;
#4128 = ORIENTED_EDGE ( 'NONE', *, *, #1174, .T. ) ;
#4129 = VECTOR ( 'NONE', #778, 39.37007874015748143 ) ;
#4130 = EDGE_CURVE ( 'NONE', #3427, #4262, #3547, .T. ) ;
#4131 = ORIENTED_EDGE ( 'NONE', *, *, #5005, .F. ) ;
#4132 = UNCERTAINTY_MEASURE_WITH_UNIT (LENGTH_MEASURE( 1.000000000000000082E-05 ), #5452, 'distance_accuracy_value', 'NONE');
#4133 = COLOUR_RGB ( '',0.7607843137254901578, 0.7607843137254901578, 0.0000000000000000000 ) ;
#4134 = STYLED_ITEM ( 'NONE', ( #3267 ), #1500 ) ;
#4135 = DIRECTION ( 'NONE',  ( -1.594929680954394613E-15, 0.9950371902099890420, -0.09950371902100052512 ) ) ;
#4136 =( NAMED_UNIT ( * ) PLANE_ANGLE_UNIT ( ) SI_UNIT ( $, .RADIAN. ) );
#4137 = SURFACE_STYLE_USAGE ( .BOTH. , #5558 ) ;
#4138 = DIRECTION ( 'NONE',  ( 2.348093788196917952E-30, -1.644517855226018450E-15, -1.000000000000000000 ) ) ;
#4139 = EDGE_LOOP ( 'NONE', ( #5619, #4303, #2926, #1562 ) ) ;
#4140 = AXIS2_PLACEMENT_3D ( 'NONE', #2548, #5043, #163 ) ;
#4141 = CARTESIAN_POINT ( 'NONE',  ( -0.06929133858267740032, 0.1269685039370081203, -0.06633858267716538637 ) ) ;
#4142 = PLANE ( 'NONE',  #4449 ) ;
#4143 =( GEOMETRIC_REPRESENTATION_CONTEXT ( 3 ) GLOBAL_UNCERTAINTY_ASSIGNED_CONTEXT ( ( #1592 ) ) GLOBAL_UNIT_ASSIGNED_CONTEXT ( ( #5047, #5918, #3554 ) ) REPRESENTATION_CONTEXT ( 'NONE', 'WORKASPACE' ) );
#4144 = PLANE ( 'NONE',  #4633 ) ;
#4145 =( NAMED_UNIT ( * ) PLANE_ANGLE_UNIT ( ) SI_UNIT ( $, .RADIAN. ) );
#4146 = PLANE ( 'NONE',  #4294 ) ;
#4147 = AXIS2_PLACEMENT_3D ( 'NONE', #6087, #3131, #4232 ) ;
#4148 = CIRCLE ( 'NONE', #4942, 0.003937007874015741905 ) ;
#4149 = DIRECTION ( 'NONE',  ( 1.000000000000000000, 1.602884491802569361E-15, -2.711709361697226329E-31 ) ) ;
#4150 = FACE_OUTER_BOUND ( 'NONE', #2568, .T. ) ;
#4151 = LINE ( 'NONE', #1763, #2777 ) ;
#4152 =( NAMED_UNIT ( * ) PLANE_ANGLE_UNIT ( ) SI_UNIT ( $, .RADIAN. ) );
#4153 = EDGE_LOOP ( 'NONE', ( #14, #1909, #4253, #3191, #100 ) ) ;
#4154 = FACE_OUTER_BOUND ( 'NONE', #4266, .T. ) ;
#4155 = ORIENTED_EDGE ( 'NONE', *, *, #3967, .F. ) ;
#4156 =( NAMED_UNIT ( * ) PLANE_ANGLE_UNIT ( ) SI_UNIT ( $, .RADIAN. ) );
#4157 = ORIENTED_EDGE ( 'NONE', *, *, #3857, .F. ) ;
#4158 = ADVANCED_FACE ( 'NONE', ( #3492 ), #649, .F. ) ;
#4159 = DIRECTION ( 'NONE',  ( -1.602884491802569361E-15, 1.000000000000000000, 0.0000000000000000000 ) ) ;
#4160 = EDGE_CURVE ( 'NONE', #3287, #3126, #1085, .T. ) ;
#4161 = DIMENSIONAL_EXPONENTS ( 1.000000000000000000, 0.0000000000000000000, 0.0000000000000000000, 0.0000000000000000000, 0.0000000000000000000, 0.0000000000000000000, 0.0000000000000000000 ) ;
#4162 = DIRECTION ( 'NONE',  ( 1.000000000000000000, 1.602884491802569361E-15, 2.711709361697226329E-31 ) ) ;
#4163 = CARTESIAN_POINT ( 'NONE',  ( -0.1535433070866138727, -0.1722440944881890590, 0.1120078740157485764 ) ) ;
#4164 = ORIENTED_EDGE ( 'NONE', *, *, #6054, .T. ) ;
#4165 = COLOUR_RGB ( '',0.7607843137254901578, 0.7607843137254901578, 0.0000000000000000000 ) ;
#4166 = DIRECTION ( 'NONE',  ( 8.640684008184001570E-13, -1.644517855224633408E-15, -1.000000000000000000 ) ) ;
#4167 = VERTEX_POINT ( 'NONE', #3982 ) ;
#4168 = EDGE_CURVE ( 'NONE', #370, #2306, #3019, .T. ) ;
#4169 = CARTESIAN_POINT ( 'NONE',  ( 0.01934165959544861813, 0.1269685039370081203, -0.01628826166439373974 ) ) ;
#4170 =( NAMED_UNIT ( * ) SI_UNIT ( $, .STERADIAN. ) SOLID_ANGLE_UNIT ( ) );
#4171 = SURFACE_STYLE_FILL_AREA ( #318 ) ;
#4172 = VECTOR ( 'NONE', #3178, 39.37007874015748143 ) ;
#4173 =( NAMED_UNIT ( * ) PLANE_ANGLE_UNIT ( ) SI_UNIT ( $, .RADIAN. ) );
#4174 = CARTESIAN_POINT ( 'NONE',  ( 0.06429804372452725680, 0.1998031496062996071, -0.1131572951809450556 ) ) ;
#4175 = FACE_OUTER_BOUND ( 'NONE', #2519, .T. ) ;
#4176 = STYLED_ITEM ( 'NONE', ( #2627 ), #4356 ) ;
#4177 = DIRECTION ( 'NONE',  ( 1.000000000000000000, 1.602884491802569361E-15, -2.878783784372901366E-31 ) ) ;
#4178 = VECTOR ( 'NONE', #2805, 39.37007874015748143 ) ;
#4179 = CARTESIAN_POINT ( 'NONE',  ( 0.06743043410952725969, 0.1998031496062995516, 0.08922769150163765983 ) ) ;
#4180 =( CONVERSION_BASED_UNIT ( 'INCH', #825 ) LENGTH_UNIT ( ) NAMED_UNIT ( #5933 ) );
#4181 = SURFACE_SIDE_STYLE ('',( #3271 ) ) ;
#4182 =( GEOMETRIC_REPRESENTATION_CONTEXT ( 3 ) GLOBAL_UNCERTAINTY_ASSIGNED_CONTEXT ( ( #6076 ) ) GLOBAL_UNIT_ASSIGNED_CONTEXT ( ( #5625, #4156, #1805 ) ) REPRESENTATION_CONTEXT ( 'NONE', 'WORKASPACE' ) );
#4183 = ORIENTED_EDGE ( 'NONE', *, *, #5500, .F. ) ;
#4184 = COLOUR_RGB ( '',0.0000000000000000000, 0.0000000000000000000, 1.000000000000000000 ) ;
#4185 = FILL_AREA_STYLE ('',( #6111 ) ) ;
#4186 = VERTEX_POINT ( 'NONE', #1509 ) ;
#4187 = DIRECTION ( 'NONE',  ( 2.348093788196916901E-30, -1.644517855226017859E-15, -1.000000000000000000 ) ) ;
#4188 = ORIENTED_EDGE ( 'NONE', *, *, #4056, .F. ) ;
#4189 =( GEOMETRIC_REPRESENTATION_CONTEXT ( 3 ) GLOBAL_UNCERTAINTY_ASSIGNED_CONTEXT ( ( #3299 ) ) GLOBAL_UNIT_ASSIGNED_CONTEXT ( ( #4934, #4900, #3386 ) ) REPRESENTATION_CONTEXT ( 'NONE', 'WORKASPACE' ) );
#4190 = VECTOR ( 'NONE', #1571, 39.37007874015748143 ) ;
#4191 = UNCERTAINTY_MEASURE_WITH_UNIT (LENGTH_MEASURE( 1.000000000000000082E-05 ), #2753, 'distance_accuracy_value', 'NONE');
#4192 = LINE ( 'NONE', #6242, #512 ) ;
#4193 = LINE ( 'NONE', #3281, #3409 ) ;
#4194 = VECTOR ( 'NONE', #2435, 39.37007874015748143 ) ;
#4195 = DIRECTION ( 'NONE',  ( -0.7715274047096022381, -2.282905139954358816E-15, -0.6361960890968018090 ) ) ;
#4196 = ORIENTED_EDGE ( 'NONE', *, *, #524, .T. ) ;
#4197 = PRESENTATION_LAYER_ASSIGNMENT (  '', '', ( #1561 ) ) ;
#4198 = EDGE_CURVE ( 'NONE', #5283, #3742, #3776, .T. ) ;
#4199 = DIRECTION ( 'NONE',  ( -1.000000000000000000, -1.602884491802569361E-15, 2.878783784372901366E-31 ) ) ;
#4200 = ORIENTED_EDGE ( 'NONE', *, *, #5781, .T. ) ;
#4201 = VECTOR ( 'NONE', #555, 39.37007874015748143 ) ;
#4202 = DIRECTION ( 'NONE',  ( 0.0000000000000000000, 0.0000000000000000000, 1.000000000000000000 ) ) ;
#4203 = PRESENTATION_STYLE_ASSIGNMENT (( #4600 ) ) ;
#4204 = LENGTH_MEASURE_WITH_UNIT ( LENGTH_MEASURE( 0.02539999999999999897 ), #2165 );
#4205 = DIMENSIONAL_EXPONENTS ( 1.000000000000000000, 0.0000000000000000000, 0.0000000000000000000, 0.0000000000000000000, 0.0000000000000000000, 0.0000000000000000000, 0.0000000000000000000 ) ;
#4206 = DIRECTION ( 'NONE',  ( -1.602884491802569361E-15, 1.000000000000000000, -1.644517855226017859E-15 ) ) ;
#4207 = EDGE_CURVE ( 'NONE', #832, #2737, #70, .T. ) ;
#4208 = EDGE_CURVE ( 'NONE', #2151, #5913, #4427, .T. ) ;
#4209 =( GEOMETRIC_REPRESENTATION_CONTEXT ( 3 ) GLOBAL_UNCERTAINTY_ASSIGNED_CONTEXT ( ( #3947 ) ) GLOBAL_UNIT_ASSIGNED_CONTEXT ( ( #3602, #5107, #737 ) ) REPRESENTATION_CONTEXT ( 'NONE', 'WORKASPACE' ) );
#4210 = ORIENTED_EDGE ( 'NONE', *, *, #4548, .T. ) ;
#4211 = CARTESIAN_POINT ( 'NONE',  ( -0.1535433070866138727, -0.1722440944881890867, 0.09625984251968555672 ) ) ;
#4212 = SURFACE_STYLE_FILL_AREA ( #1727 ) ;
#4213 = CARTESIAN_POINT ( 'NONE',  ( 0.06018589943271623194, 0.1998031496062995793, -0.1253937007874017517 ) ) ;
#4214 = LINE ( 'NONE', #3634, #4215 ) ;
#4215 = VECTOR ( 'NONE', #2646, 39.37007874015748143 ) ;
#4216 = FILL_AREA_STYLE_COLOUR ( '', #3672 ) ;
#4217 = ORIENTED_EDGE ( 'NONE', *, *, #5499, .T. ) ;
#4218 =( CONVERSION_BASED_UNIT ( 'INCH', #4348 ) LENGTH_UNIT ( ) NAMED_UNIT ( #4845 ) );
#4219 = CYLINDRICAL_SURFACE ( 'NONE', #428, 0.003937007874015741038 ) ;
#4220 = VERTEX_POINT ( 'NONE', #5007 ) ;
#4221 = PRESENTATION_STYLE_ASSIGNMENT (( #2817 ) ) ;
#4222 = ORIENTED_EDGE ( 'NONE', *, *, #17, .T. ) ;
#4223 = STYLED_ITEM ( 'NONE', ( #2963 ), #1061 ) ;
#4224 = CARTESIAN_POINT ( 'NONE',  ( -0.1464566929133855611, -0.1722440944881890312, -0.1037401574803144821 ) ) ;
#4225 = AXIS2_PLACEMENT_3D ( 'NONE', #5414, #1138, #5533 ) ;
#4226 = DIRECTION ( 'NONE',  ( -2.348093788196917952E-30, 1.644517855226018450E-15, 1.000000000000000000 ) ) ;
#4227 = CIRCLE ( 'NONE', #1490, 0.009105439123007878083 ) ;
#4228 = FILL_AREA_STYLE ('',( #1808 ) ) ;
#4229 = DIRECTION ( 'NONE',  ( 6.749499564049081992E-10, 1.000000000000000000, -1.644517855226017859E-15 ) ) ;
#4230 = PLANE ( 'NONE',  #3141 ) ;
#4231 = ORIENTED_EDGE ( 'NONE', *, *, #5262, .F. ) ;
#4232 = DIRECTION ( 'NONE',  ( 0.0000000000000000000, -1.000000000000000000, 1.644517855226017859E-15 ) ) ;
#4233 = VECTOR ( 'NONE', #4067, 39.37007874015748143 ) ;
#4234 = DIRECTION ( 'NONE',  ( 0.7956271577886173674, 1.875148439272793697E-15, 0.6057866173738131188 ) ) ;
#4235 =( GEOMETRIC_REPRESENTATION_CONTEXT ( 3 ) GLOBAL_UNCERTAINTY_ASSIGNED_CONTEXT ( ( #2541 ) ) GLOBAL_UNIT_ASSIGNED_CONTEXT ( ( #1760, #3233, #2673 ) ) REPRESENTATION_CONTEXT ( 'NONE', 'WORKASPACE' ) );
#4236 = AXIS2_PLACEMENT_3D ( 'NONE', #5431, #3110, #1117 ) ;
#4237 = ORIENTED_EDGE ( 'NONE', *, *, #576, .F. ) ;
#4238 = ADVANCED_FACE ( 'NONE', ( #4972 ), #4541, .F. ) ;
#4239 = ORIENTED_EDGE ( 'NONE', *, *, #4394, .F. ) ;
#4240 = LINE ( 'NONE', #1343, #5935 ) ;
#4241 = EDGE_CURVE ( 'NONE', #3238, #4220, #225, .T. ) ;
#4242 = LINE ( 'NONE', #3092, #2597 ) ;
#4243 = COLOUR_RGB ( '',0.7607843137254901578, 0.7607843137254901578, 0.0000000000000000000 ) ;
#4244 =( CONVERSION_BASED_UNIT ( 'INCH', #1309 ) LENGTH_UNIT ( ) NAMED_UNIT ( #6307 ) );
#4245 = CARTESIAN_POINT ( 'NONE',  ( 0.06018589945968478433, 0.1643700787401578267, -0.1162882616643937939 ) ) ;
#4246 = FILL_AREA_STYLE ('',( #1284 ) ) ;
#4247 = STYLED_ITEM ( 'NONE', ( #862 ), #3064 ) ;
#4248 = LINE ( 'NONE', #2369, #125 ) ;
#4249 = SURFACE_STYLE_FILL_AREA ( #1315 ) ;
#4250 = VERTEX_POINT ( 'NONE', #5635 ) ;
#4251 = EDGE_CURVE ( 'NONE', #8, #4430, #3677, .T. ) ;
#4252 = DIRECTION ( 'NONE',  ( 1.000000000000000000, 1.602884491801618981E-15, -5.779657525473999146E-13 ) ) ;
#4253 = ORIENTED_EDGE ( 'NONE', *, *, #5739, .T. ) ;
#4254 = CARTESIAN_POINT ( 'NONE',  ( 0.1464566929133855611, 0.2273622047244098776, -0.04586614173228362179 ) ) ;
#4255 = CARTESIAN_POINT ( 'NONE',  ( -0.007480314960630246417, 0.1998031496062995238, -0.09586614173228362457 ) ) ;
#4256 = FACE_OUTER_BOUND ( 'NONE', #3795, .T. ) ;
#4257 = EDGE_LOOP ( 'NONE', ( #6161, #4210, #911, #3667 ) ) ;
#4258 = CARTESIAN_POINT ( 'NONE',  ( -0.1464566929133857831, -0.02263779527559057342, -0.1068897637795273164 ) ) ;
#4259 = EDGE_LOOP ( 'NONE', ( #3018, #6240, #4358, #4736 ) ) ;
#4260 = UNCERTAINTY_MEASURE_WITH_UNIT (LENGTH_MEASURE( 1.000000000000000082E-05 ), #4860, 'distance_accuracy_value', 'NONE');
#4261 = AXIS2_PLACEMENT_3D ( 'NONE', #4841, #3901, #1966 ) ;
#4262 = VERTEX_POINT ( 'NONE', #2191 ) ;
#4263 = CARTESIAN_POINT ( 'NONE',  ( 0.06889763779527559306, 0.008858267716535831934, 0.1702755905511812995 ) ) ;
#4264 = CARTESIAN_POINT ( 'NONE',  ( 0.01934165962243668963, 0.1998031496062995516, 0.1336614173228345137 ) ) ;
#4265 = UNCERTAINTY_MEASURE_WITH_UNIT (LENGTH_MEASURE( 1.000000000000000082E-05 ), #4386, 'distance_accuracy_value', 'NONE');
#4266 = EDGE_LOOP ( 'NONE', ( #5740, #3946, #3237, #2652 ) ) ;
#4267 = VERTEX_POINT ( 'NONE', #711 ) ;
#4268 = ORIENTED_EDGE ( 'NONE', *, *, #4359, .F. ) ;
#4269 = CARTESIAN_POINT ( 'NONE',  ( 0.1535433070866139005, 0.2273622047244099331, -0.1458661417322836273 ) ) ;
#4270 = AXIS2_PLACEMENT_3D ( 'NONE', #2190, #4199, #1690 ) ;
#4271 = ADVANCED_FACE ( 'NONE', ( #5602 ), #1745, .F. ) ;
#4272 = CARTESIAN_POINT ( 'NONE',  ( -0.1535433070866141225, -0.02263779527559058036, -0.1068897637795273164 ) ) ;
#4273 = EDGE_CURVE ( 'NONE', #4996, #5636, #3619, .T. ) ;
#4274 = LINE ( 'NONE', #4213, #4745 ) ;
#4275 = CARTESIAN_POINT ( 'NONE',  ( -0.1535433070866139282, -0.1407480314960631307, 0.1151574803149610915 ) ) ;
#4276 = LINE ( 'NONE', #3696, #5486 ) ;
#4277 = CARTESIAN_POINT ( 'NONE',  ( 0.06018589945968478433, 0.1643700787401577990, -0.01628826166439378831 ) ) ;
#4278 = MECHANICAL_DESIGN_GEOMETRIC_PRESENTATION_REPRESENTATION (  '', ( #5381 ), #710 ) ;
#4279 = ORIENTED_EDGE ( 'NONE', *, *, #934, .F. ) ;
#4280 = SURFACE_STYLE_USAGE ( .BOTH. , #1733 ) ;
#4281 = EDGE_CURVE ( 'NONE', #4789, #637, #3709, .T. ) ;
#4282 = EDGE_CURVE ( 'NONE', #344, #3093, #3189, .T. ) ;
#4283 = AXIS2_PLACEMENT_3D ( 'NONE', #5083, #4535, #2242 ) ;
#4284 = CARTESIAN_POINT ( 'NONE',  ( -0.1535433070866141225, -0.02263779527559061505, -0.006889763779527295282 ) ) ;
#4285 = DIMENSIONAL_EXPONENTS ( 1.000000000000000000, 0.0000000000000000000, 0.0000000000000000000, 0.0000000000000000000, 0.0000000000000000000, 0.0000000000000000000, 0.0000000000000000000 ) ;
#4286 = CARTESIAN_POINT ( 'NONE',  ( -0.1464566929133861994, 0.2273622047244094335, -0.1458661417322836273 ) ) ;
#4287 = CARTESIAN_POINT ( 'NONE',  ( 0.1535433070866143168, -0.02263779527559012933, -0.006889763779527295282 ) ) ;
#4288 = CIRCLE ( 'NONE', #1452, 0.003937007874015749712 ) ;
#4289 =( GEOMETRIC_REPRESENTATION_CONTEXT ( 3 ) GLOBAL_UNCERTAINTY_ASSIGNED_CONTEXT ( ( #2714 ) ) GLOBAL_UNIT_ASSIGNED_CONTEXT ( ( #5092, #1303, #6063 ) ) REPRESENTATION_CONTEXT ( 'NONE', 'WORKASPACE' ) );
#4290 = CARTESIAN_POINT ( 'NONE',  ( -0.1948818897637795144, -0.05413385826771657111, 0.1820866141732286614 ) ) ;
#4291 = VERTEX_POINT ( 'NONE', #4141 ) ;
#4292 = PLANE ( 'NONE',  #1191 ) ;
#4293 = MECHANICAL_DESIGN_GEOMETRIC_PRESENTATION_REPRESENTATION (  '', ( #5583 ), #2657 ) ;
#4294 = AXIS2_PLACEMENT_3D ( 'NONE', #687, #1242, #3134 ) ;
#4295 = VERTEX_POINT ( 'NONE', #6057 ) ;
#4296 = LINE ( 'NONE', #3681, #1074 ) ;
#4297 =( NAMED_UNIT ( * ) SI_UNIT ( $, .STERADIAN. ) SOLID_ANGLE_UNIT ( ) );
#4298 = FACE_OUTER_BOUND ( 'NONE', #5060, .T. ) ;
#4299 = LINE ( 'NONE', #6290, #3475 ) ;
#4300 = VERTEX_POINT ( 'NONE', #5538 ) ;
#4301 = ORIENTED_EDGE ( 'NONE', *, *, #1754, .T. ) ;
#4302 = DIMENSIONAL_EXPONENTS ( 1.000000000000000000, 0.0000000000000000000, 0.0000000000000000000, 0.0000000000000000000, 0.0000000000000000000, 0.0000000000000000000, 0.0000000000000000000 ) ;
#4303 = ORIENTED_EDGE ( 'NONE', *, *, #1124, .T. ) ;
#4304 = DIRECTION ( 'NONE',  ( -1.000000000000000000, -1.602884491802569361E-15, 2.711709361697224578E-31 ) ) ;
#4305 = COLOUR_RGB ( '',1.000000000000000000, 1.000000000000000000, 1.000000000000000000 ) ;
#4306 = FILL_AREA_STYLE ('',( #1480 ) ) ;
#4307 = LENGTH_MEASURE_WITH_UNIT ( LENGTH_MEASURE( 0.02539999999999999897 ), #5782 );
#4308 = LINE ( 'NONE', #6231, #1231 ) ;
#4309 = FACE_OUTER_BOUND ( 'NONE', #3437, .T. ) ;
#4310 = PRESENTATION_LAYER_ASSIGNMENT (  '', '', ( #3483 ) ) ;
#4311 = PLANE ( 'NONE',  #1528 ) ;
#4312 = CARTESIAN_POINT ( 'NONE',  ( 0.06018589945968472882, 0.1998031496062995238, 0.08371173833560614785 ) ) ;
#4313 = SURFACE_STYLE_USAGE ( .BOTH. , #768 ) ;
#4314 =( NAMED_UNIT ( * ) SI_UNIT ( $, .STERADIAN. ) SOLID_ANGLE_UNIT ( ) );
#4315 = VECTOR ( 'NONE', #3688, 39.37007874015748143 ) ;
#4316 = CARTESIAN_POINT ( 'NONE',  ( -2.057162640966502078E-16, 0.1269685039370080371, -0.04586614173228350383 ) ) ;
#4317 = EDGE_CURVE ( 'NONE', #3974, #3498, #4687, .T. ) ;
#4318 = SURFACE_STYLE_FILL_AREA ( #1324 ) ;
#4319 = DIRECTION ( 'NONE',  ( -1.602884491802569361E-15, 1.000000000000000000, -1.644517855226018450E-15 ) ) ;
#4320 = EDGE_CURVE ( 'NONE', #3181, #2887, #4634, .T. ) ;
#4321 = VERTEX_POINT ( 'NONE', #1717 ) ;
#4322 = EDGE_CURVE ( 'NONE', #3011, #64, #5121, .T. ) ;
#4323 = VECTOR ( 'NONE', #1577, 39.37007874015748143 ) ;
#4324 = FILL_AREA_STYLE ('',( #2385 ) ) ;
#4325 = ORIENTED_EDGE ( 'NONE', *, *, #1794, .F. ) ;
#4326 = UNCERTAINTY_MEASURE_WITH_UNIT (LENGTH_MEASURE( 1.000000000000000082E-05 ), #164, 'distance_accuracy_value', 'NONE');
#4327 = MECHANICAL_DESIGN_GEOMETRIC_PRESENTATION_REPRESENTATION (  '', ( #3404 ), #1489 ) ;
#4328 = COLOUR_RGB ( '',1.000000000000000000, 1.000000000000000000, 1.000000000000000000 ) ;
#4329 = ORIENTED_EDGE ( 'NONE', *, *, #4512, .T. ) ;
#4330 = CARTESIAN_POINT ( 'NONE',  ( -0.1535433070866139282, -0.1407480314960631307, -0.006889763779527091452 ) ) ;
#4331 = DIMENSIONAL_EXPONENTS ( 1.000000000000000000, 0.0000000000000000000, 0.0000000000000000000, 0.0000000000000000000, 0.0000000000000000000, 0.0000000000000000000, 0.0000000000000000000 ) ;
#4332 = VECTOR ( 'NONE', #5681, 39.37007874015748143 ) ;
#4333 = CARTESIAN_POINT ( 'NONE',  ( 0.01934165959544849669, 0.2037401574803152648, -0.1214566929133859968 ) ) ;
#4334 =( NAMED_UNIT ( * ) PLANE_ANGLE_UNIT ( ) SI_UNIT ( $, .RADIAN. ) );
#4335 = ORIENTED_EDGE ( 'NONE', *, *, #172, .F. ) ;
#4336 = EDGE_LOOP ( 'NONE', ( #794, #3949, #2800 ) ) ;
#4337 = STYLED_ITEM ( 'NONE', ( #2204 ), #2487 ) ;
#4338 = SURFACE_SIDE_STYLE ('',( #3987 ) ) ;
#4339 = VERTEX_POINT ( 'NONE', #3104 ) ;
#4340 =( GEOMETRIC_REPRESENTATION_CONTEXT ( 3 ) GLOBAL_UNCERTAINTY_ASSIGNED_CONTEXT ( ( #550 ) ) GLOBAL_UNIT_ASSIGNED_CONTEXT ( ( #535, #1025, #1515 ) ) REPRESENTATION_CONTEXT ( 'NONE', 'WORKASPACE' ) );
#4341 = CARTESIAN_POINT ( 'NONE',  ( 0.06018589945980290512, 0.1564960629921262336, 0.07460629921259835651 ) ) ;
#4342 = CARTESIAN_POINT ( 'NONE',  ( 0.06018589946023603088, 0.1269685039370081758, -0.02539370078740161782 ) ) ;
#4343 = CARTESIAN_POINT ( 'NONE',  ( 0.1464566929133862272, -0.1722440944881885594, -0.1068897637795270666 ) ) ;
#4344 = DIRECTION ( 'NONE',  ( 2.348093788196917952E-30, -1.644517855226018450E-15, -1.000000000000000000 ) ) ;
#4345 = CARTESIAN_POINT ( 'NONE',  ( 0.04940944881889767354, -0.06003937007874024512, -0.09251968503936990051 ) ) ;
#4346 = PLANE ( 'NONE',  #620 ) ;
#4347 = AXIS2_PLACEMENT_3D ( 'NONE', #783, #3224, #5604 ) ;
#4348 = LENGTH_MEASURE_WITH_UNIT ( LENGTH_MEASURE( 0.02539999999999999897 ), #2339 );
#4349 = DIMENSIONAL_EXPONENTS ( 1.000000000000000000, 0.0000000000000000000, 0.0000000000000000000, 0.0000000000000000000, 0.0000000000000000000, 0.0000000000000000000, 0.0000000000000000000 ) ;
#4350 = CARTESIAN_POINT ( 'NONE',  ( -0.1464566929133855611, -0.1722440944881890035, -0.08799212598425146248 ) ) ;
#4351 = DIRECTION ( 'NONE',  ( 0.0000000000000000000, 0.0000000000000000000, 1.000000000000000000 ) ) ;
#4352 = DIRECTION ( 'NONE',  ( 0.0000000000000000000, 0.0000000000000000000, -1.000000000000000000 ) ) ;
#4353 = DIRECTION ( 'NONE',  ( 1.602884491802569361E-15, -1.000000000000000000, 1.644517855226018450E-15 ) ) ;
#4354 =( NAMED_UNIT ( * ) SI_UNIT ( $, .STERADIAN. ) SOLID_ANGLE_UNIT ( ) );
#4355 = DIRECTION ( 'NONE',  ( 0.0000000000000000000, 0.0000000000000000000, 1.000000000000000000 ) ) ;
#4356 = ADVANCED_FACE ( 'NONE', ( #1234 ), #6107, .T. ) ;
#4357 = DIRECTION ( 'NONE',  ( -0.7956271577885686286, -1.875148439272791725E-15, -0.6057866173738771787 ) ) ;
#4358 = ORIENTED_EDGE ( 'NONE', *, *, #4404, .T. ) ;
#4359 = EDGE_CURVE ( 'NONE', #4431, #4538, #3129, .T. ) ;
#4360 = ORIENTED_EDGE ( 'NONE', *, *, #1754, .F. ) ;
#4361 = CARTESIAN_POINT ( 'NONE',  ( 0.1948818897637792369, 0.2037401574803158477, 0.04868126209397624637 ) ) ;
#4362 =( CONVERSION_BASED_UNIT ( 'INCH', #458 ) LENGTH_UNIT ( ) NAMED_UNIT ( #278 ) );
#4363 =( LENGTH_UNIT ( ) NAMED_UNIT ( * ) SI_UNIT ( $, .METRE. ) );
#4364 = CARTESIAN_POINT ( 'NONE',  ( -0.06889763779527560694, 0.001377952755905669218, 0.1624015748031497897 ) ) ;
#4365 = ADVANCED_FACE ( 'NONE', ( #4817 ), #6183, .F. ) ;
#4366 = EDGE_LOOP ( 'NONE', ( #4237, #4596, #375, #154 ) ) ;
#4367 = ORIENTED_EDGE ( 'NONE', *, *, #5693, .F. ) ;
#4368 = CARTESIAN_POINT ( 'NONE',  ( 0.1535433070866145389, -0.1722440944881885871, 0.1120078740157485764 ) ) ;
#4369 = CARTESIAN_POINT ( 'NONE',  ( 0.01934165959544850363, 0.1998031496062995793, -0.07544402180015766235 ) ) ;
#4370 = COLOUR_RGB ( '',1.000000000000000000, 1.000000000000000000, 1.000000000000000000 ) ;
#4371 = CARTESIAN_POINT ( 'NONE',  ( 0.06429804372452725680, 0.2037401574803153481, 0.1214250117163778037 ) ) ;
#4372 = CARTESIAN_POINT ( 'NONE',  ( 0.01934165959543282173, 0.1564960629921263446, -0.06633858267716544188 ) ) ;
#4373 = DIRECTION ( 'NONE',  ( 1.602884491802569361E-15, -1.000000000000000000, 1.644517855226017859E-15 ) ) ;
#4374 = DIMENSIONAL_EXPONENTS ( 1.000000000000000000, 0.0000000000000000000, 0.0000000000000000000, 0.0000000000000000000, 0.0000000000000000000, 0.0000000000000000000, 0.0000000000000000000 ) ;
#4375 = CARTESIAN_POINT ( 'NONE',  ( 0.06018589945968472882, 0.1998031496062996903, -0.06633858267716551127 ) ) ;
#4376 = DIRECTION ( 'NONE',  ( 2.348093788196917952E-30, -1.644517855226018450E-15, -1.000000000000000000 ) ) ;
#4377 = SURFACE_STYLE_USAGE ( .BOTH. , #3861 ) ;
#4378 = FILL_AREA_STYLE_COLOUR ( '', #1313 ) ;
#4379 =( LENGTH_UNIT ( ) NAMED_UNIT ( * ) SI_UNIT ( $, .METRE. ) );
#4380 = APPLICATION_CONTEXT ( 'automotive_design' ) ;
#4381 = VECTOR ( 'NONE', #3347, 39.37007874015748143 ) ;
#4382 = CARTESIAN_POINT ( 'NONE',  ( -0.1464566929133855888, -0.1407480314960630197, -0.08484251968503893349 ) ) ;
#4383 = DIRECTION ( 'NONE',  ( 1.000000000000000000, 1.602884491802569361E-15, -2.711709361697226329E-31 ) ) ;
#4384 = FILL_AREA_STYLE ('',( #516 ) ) ;
#4385 = SURFACE_STYLE_USAGE ( .BOTH. , #2510 ) ;
#4386 =( CONVERSION_BASED_UNIT ( 'INCH', #414 ) LENGTH_UNIT ( ) NAMED_UNIT ( #2334 ) );
#4387 = VECTOR ( 'NONE', #3842, 39.37007874015748143 ) ;
#4388 = VECTOR ( 'NONE', #4868, 39.37007874015748143 ) ;
#4389 = DIMENSIONAL_EXPONENTS ( 1.000000000000000000, 0.0000000000000000000, 0.0000000000000000000, 0.0000000000000000000, 0.0000000000000000000, 0.0000000000000000000, 0.0000000000000000000 ) ;
#4390 = ORIENTED_EDGE ( 'NONE', *, *, #5974, .F. ) ;
#4391 = UNCERTAINTY_MEASURE_WITH_UNIT (LENGTH_MEASURE( 1.000000000000000082E-05 ), #1751, 'distance_accuracy_value', 'NONE');
#4392 = ORIENTED_EDGE ( 'NONE', *, *, #6213, .F. ) ;
#4393 = SURFACE_SIDE_STYLE ('',( #5287 ) ) ;
#4394 = EDGE_CURVE ( 'NONE', #73, #3284, #2552, .T. ) ;
#4395 = PLANE ( 'NONE',  #5949 ) ;
#4396 = EDGE_LOOP ( 'NONE', ( #3399, #2453, #3979, #6086 ) ) ;
#4397 = MECHANICAL_DESIGN_GEOMETRIC_PRESENTATION_REPRESENTATION (  '', ( #2752 ), #4289 ) ;
#4398 =( NAMED_UNIT ( * ) PLANE_ANGLE_UNIT ( ) SI_UNIT ( $, .RADIAN. ) );
#4399 = FILL_AREA_STYLE ('',( #462 ) ) ;
#4400 = CIRCLE ( 'NONE', #5281, 0.02460629921259843353 ) ;
#4401 = AXIS2_PLACEMENT_3D ( 'NONE', #5992, #6085, #191 ) ;
#4402 = ORIENTED_EDGE ( 'NONE', *, *, #3501, .F. ) ;
#4403 = ORIENTED_EDGE ( 'NONE', *, *, #5379, .T. ) ;
#4404 = EDGE_CURVE ( 'NONE', #2397, #5411, #879, .T. ) ;
#4405 = CIRCLE ( 'NONE', #4983, 0.005168431248992122300 ) ;
#4406 = ADVANCED_FACE ( 'NONE', ( #5181 ), #4230, .T. ) ;
#4407 = EDGE_CURVE ( 'NONE', #611, #6162, #5667, .T. ) ;
#4408 = SURFACE_STYLE_USAGE ( .BOTH. , #5753 ) ;
#4409 = DIRECTION ( 'NONE',  ( 0.6057866173738770676, -3.374170927559055893E-16, -0.7956271577885687396 ) ) ;
#4410 = FILL_AREA_STYLE_COLOUR ( '', #2007 ) ;
#4411 = VECTOR ( 'NONE', #2630, 39.37007874015748143 ) ;
#4412 = AXIS2_PLACEMENT_3D ( 'NONE', #5408, #1071, #4935 ) ;
#4413 = PLANE ( 'NONE',  #2648 ) ;
#4414 = CARTESIAN_POINT ( 'NONE',  ( 0.08700787401574773539, 0.1998031496062995793, 0.1041338582677163865 ) ) ;
#4415 = MECHANICAL_DESIGN_GEOMETRIC_PRESENTATION_REPRESENTATION (  '', ( #5403 ), #2987 ) ;
#4416 = DIMENSIONAL_EXPONENTS ( 1.000000000000000000, 0.0000000000000000000, 0.0000000000000000000, 0.0000000000000000000, 0.0000000000000000000, 0.0000000000000000000, 0.0000000000000000000 ) ;
#4417 = LINE ( 'NONE', #6278, #2003 ) ;
#4418 = CARTESIAN_POINT ( 'NONE',  ( -0.06929133858267740032, 0.1269685039370081203, -0.06633858267716538637 ) ) ;
#4419 = SURFACE_STYLE_USAGE ( .BOTH. , #4448 ) ;
#4420 = STYLED_ITEM ( 'NONE', ( #1935 ), #319 ) ;
#4421 = SURFACE_STYLE_USAGE ( .BOTH. , #1156 ) ;
#4422 = ORIENTED_EDGE ( 'NONE', *, *, #459, .F. ) ;
#4423 = ORIENTED_EDGE ( 'NONE', *, *, #4086, .F. ) ;
#4424 = CIRCLE ( 'NONE', #2998, 0.009105439123007878083 ) ;
#4425 = PRESENTATION_STYLE_ASSIGNMENT (( #3488 ) ) ;
#4426 = VERTEX_POINT ( 'NONE', #1943 ) ;
#4427 = LINE ( 'NONE', #5389, #2254 ) ;
#4428 = MECHANICAL_DESIGN_GEOMETRIC_PRESENTATION_REPRESENTATION (  '', ( #988 ), #5225 ) ;
#4429 =( NAMED_UNIT ( * ) PLANE_ANGLE_UNIT ( ) SI_UNIT ( $, .RADIAN. ) );
#4430 = VERTEX_POINT ( 'NONE', #4722 ) ;
#4431 = VERTEX_POINT ( 'NONE', #2316 ) ;
#4432 = PLANE ( 'NONE',  #5311 ) ;
#4433 = MECHANICAL_DESIGN_GEOMETRIC_PRESENTATION_REPRESENTATION (  '', ( #2398 ), #2594 ) ;
#4434 = DIRECTION ( 'NONE',  ( 1.602884491802569361E-15, -1.000000000000000000, 1.644517855226018450E-15 ) ) ;
#4435 = LENGTH_MEASURE_WITH_UNIT ( LENGTH_MEASURE( 0.02539999999999999897 ), #1548 );
#4436 = EDGE_CURVE ( 'NONE', #3974, #562, #3773, .T. ) ;
#4437 = DIRECTION ( 'NONE',  ( -1.296102601205000191E-12, -1.644517855228095916E-15, -1.000000000000000000 ) ) ;
#4438 = ADVANCED_FACE ( 'NONE', ( #2919 ), #3871, .F. ) ;
#4439 = CARTESIAN_POINT ( 'NONE',  ( 0.1464566929133859496, -0.02263779527559007035, -0.08484251968503912777 ) ) ;
#4440 = AXIS2_PLACEMENT_3D ( 'NONE', #4609, #1215, #263 ) ;
#4441 = STYLED_ITEM ( 'NONE', ( #4425 ), #1680 ) ;
#4442 = CARTESIAN_POINT ( 'NONE',  ( -0.1948818897637795144, -0.05413385826771698051, -0.07381889763779500568 ) ) ;
#4443 = EDGE_CURVE ( 'NONE', #3093, #697, #3325, .T. ) ;
#4444 = PRESENTATION_LAYER_ASSIGNMENT (  '', '', ( #3418 ) ) ;
#4445 = LINE ( 'NONE', #5492, #4578 ) ;
#4446 = CARTESIAN_POINT ( 'NONE',  ( -0.1464566929133855888, -0.1407480314960630752, -0.1068897637795270944 ) ) ;
#4447 = DIRECTION ( 'NONE',  ( 1.602884491802569361E-15, -1.000000000000000000, 1.644517855226018450E-15 ) ) ;
#4448 = SURFACE_SIDE_STYLE ('',( #4848 ) ) ;
#4449 = AXIS2_PLACEMENT_3D ( 'NONE', #1780, #2283, #2661 ) ;
#4450 = UNCERTAINTY_MEASURE_WITH_UNIT (LENGTH_MEASURE( 1.000000000000000082E-05 ), #3328, 'distance_accuracy_value', 'NONE');
#4451 = ORIENTED_EDGE ( 'NONE', *, *, #5391, .T. ) ;
#4452 = ORIENTED_EDGE ( 'NONE', *, *, #3136, .F. ) ;
#4453 = AXIS2_PLACEMENT_3D ( 'NONE', #4770, #21, #3926 ) ;
#4454 = LENGTH_MEASURE_WITH_UNIT ( LENGTH_MEASURE( 0.02539999999999999897 ), #523 );
#4455 = ORIENTED_EDGE ( 'NONE', *, *, #3809, .T. ) ;
#4456 = DIRECTION ( 'NONE',  ( 0.0000000000000000000, 0.0000000000000000000, 1.000000000000000000 ) ) ;
#4457 = CARTESIAN_POINT ( 'NONE',  ( 0.1535433070866144833, -0.1407480314960626033, 0.1151574803149610915 ) ) ;
#4458 = EDGE_LOOP ( 'NONE', ( #496, #2008, #2100, #3854 ) ) ;
#4459 = DIRECTION ( 'NONE',  ( 0.0000000000000000000, -1.634031787452694696E-15, -1.000000000000000000 ) ) ;
#4460 = EDGE_LOOP ( 'NONE', ( #291, #5185, #2740, #4131, #5770, #3292 ) ) ;
#4461 = CARTESIAN_POINT ( 'NONE',  ( 0.06018589945968472882, 0.2037401574803153759, 0.02972440944881872896 ) ) ;
#4462 = PRESENTATION_STYLE_ASSIGNMENT (( #5882 ) ) ;
#4463 = FILL_AREA_STYLE ('',( #594 ) ) ;
#4464 = CARTESIAN_POINT ( 'NONE',  ( 0.1464566929133859496, -0.02263779527559010157, -0.1068897637795273164 ) ) ;
#4465 = LENGTH_MEASURE_WITH_UNIT ( LENGTH_MEASURE( 0.02539999999999999897 ), #505 );
#4466 = VECTOR ( 'NONE', #5013, 39.37007874015748143 ) ;
#4467 = FACE_OUTER_BOUND ( 'NONE', #3730, .T. ) ;
#4468 = CARTESIAN_POINT ( 'NONE',  ( 0.06018589945968472882, 0.2037401574803153481, -0.1214566929133859968 ) ) ;
#4469 = DIRECTION ( 'NONE',  ( 1.602884491802569361E-15, -1.000000000000000000, 1.644517855226017859E-15 ) ) ;
#4470 =( CONVERSION_BASED_UNIT ( 'INCH', #1559 ) LENGTH_UNIT ( ) NAMED_UNIT ( #5366 ) );
#4471 = CARTESIAN_POINT ( 'NONE',  ( 0.1464566929133862272, -0.1722440944881885594, -0.1037401574803144821 ) ) ;
#4472 = FACE_OUTER_BOUND ( 'NONE', #2413, .T. ) ;
#4473 = EDGE_CURVE ( 'NONE', #5661, #5839, #5162, .T. ) ;
#4474 = EDGE_CURVE ( 'NONE', #2445, #4267, #843, .T. ) ;
#4475 = ORIENTED_EDGE ( 'NONE', *, *, #1098, .T. ) ;
#4476 = ORIENTED_EDGE ( 'NONE', *, *, #2374, .F. ) ;
#4477 = VERTEX_POINT ( 'NONE', #4258 ) ;
#4478 = DIMENSIONAL_EXPONENTS ( 1.000000000000000000, 0.0000000000000000000, 0.0000000000000000000, 0.0000000000000000000, 0.0000000000000000000, 0.0000000000000000000, 0.0000000000000000000 ) ;
#4479 = FILL_AREA_STYLE ('',( #6017 ) ) ;
#4480 = PLANE ( 'NONE',  #3266 ) ;
#4481 = ORIENTED_EDGE ( 'NONE', *, *, #3171, .F. ) ;
#4482 = VECTOR ( 'NONE', #1583, 39.37007874015748143 ) ;
#4483 = CARTESIAN_POINT ( 'NONE',  ( 0.01934165959544850363, 0.1998031496062995793, 0.02972440944881874630 ) ) ;
#4484 = CARTESIAN_POINT ( 'NONE',  ( 0.06018589945980290512, 0.1564960629921263169, -0.1253937007874016685 ) ) ;
#4485 = ORIENTED_EDGE ( 'NONE', *, *, #3809, .F. ) ;
#4486 = DIRECTION ( 'NONE',  ( -1.000000000000000000, -1.602884491802569361E-15, 2.711709361697226329E-31 ) ) ;
#4487 = CIRCLE ( 'NONE', #3363, 0.009105439123007881552 ) ;
#4488 = TOROIDAL_SURFACE ( 'NONE', #2659, 0.005168431248992125769, 0.003937007874015747977 ) ;
#4489 = DIRECTION ( 'NONE',  ( -1.594929680954395007E-15, 0.9950371902099891530, 0.09950371902099724997 ) ) ;
#4490 = LENGTH_MEASURE_WITH_UNIT ( LENGTH_MEASURE( 0.02539999999999999897 ), #5886 );
#4491 = COLOUR_RGB ( '',1.000000000000000000, 1.000000000000000000, 1.000000000000000000 ) ;
#4492 = VECTOR ( 'NONE', #1366, 39.37007874015748143 ) ;
#4493 = DIRECTION ( 'NONE',  ( -1.000000000000000000, -1.602884491802569361E-15, 2.711709361697226329E-31 ) ) ;
#4494 = FACE_OUTER_BOUND ( 'NONE', #1014, .T. ) ;
#4495 = PLANE ( 'NONE',  #1345 ) ;
#4496 = ORIENTED_EDGE ( 'NONE', *, *, #4918, .T. ) ;
#4497 = PRESENTATION_LAYER_ASSIGNMENT (  '', '', ( #952 ) ) ;
#4498 = DIRECTION ( 'NONE',  ( -1.807003620809174188E-15, 1.000000000000000000, -1.634031787452694696E-15 ) ) ;
#4499 = ORIENTED_EDGE ( 'NONE', *, *, #888, .T. ) ;
#4500 = EDGE_LOOP ( 'NONE', ( #3122, #4657, #3739, #184 ) ) ;
#4501 = EDGE_CURVE ( 'NONE', #2884, #1165, #283, .T. ) ;
#4502 = UNCERTAINTY_MEASURE_WITH_UNIT (LENGTH_MEASURE( 1.000000000000000082E-05 ), #3310, 'distance_accuracy_value', 'NONE');
#4503 = EDGE_CURVE ( 'NONE', #1732, #4065, #6214, .T. ) ;
#4504 = ORIENTED_EDGE ( 'NONE', *, *, #4540, .F. ) ;
#4505 = ADVANCED_FACE ( 'NONE', ( #912 ), #4786, .F. ) ;
#4506 = LINE ( 'NONE', #5387, #6003 ) ;
#4507 = ORIENTED_EDGE ( 'NONE', *, *, #3685, .F. ) ;
#4508 = STYLED_ITEM ( 'NONE', ( #5772 ), #320 ) ;
#4509 = LINE ( 'NONE', #161, #4096 ) ;
#4510 = DIRECTION ( 'NONE',  ( -2.348093788196917952E-30, 1.644517855226018450E-15, 1.000000000000000000 ) ) ;
#4511 =( GEOMETRIC_REPRESENTATION_CONTEXT ( 3 ) GLOBAL_UNCERTAINTY_ASSIGNED_CONTEXT ( ( #3873 ) ) GLOBAL_UNIT_ASSIGNED_CONTEXT ( ( #4982, #4519, #2113 ) ) REPRESENTATION_CONTEXT ( 'NONE', 'WORKASPACE' ) );
#4512 = EDGE_CURVE ( 'NONE', #323, #4723, #2586, .T. ) ;
#4513 =( CONVERSION_BASED_UNIT ( 'INCH', #2575 ) LENGTH_UNIT ( ) NAMED_UNIT ( #4389 ) );
#4514 = CARTESIAN_POINT ( 'NONE',  ( 0.06018589945968484678, 0.1269685039370082036, 0.1245559781998425014 ) ) ;
#4515 = AXIS2_PLACEMENT_3D ( 'NONE', #1661, #1630, #5045 ) ;
#4516 = SURFACE_STYLE_FILL_AREA ( #2580 ) ;
#4517 = SURFACE_SIDE_STYLE ('',( #2135 ) ) ;
#4518 = DIRECTION ( 'NONE',  ( -2.348093788196916901E-30, 1.644517855226017859E-15, 1.000000000000000000 ) ) ;
#4519 =( NAMED_UNIT ( * ) PLANE_ANGLE_UNIT ( ) SI_UNIT ( $, .RADIAN. ) );
#4520 = CIRCLE ( 'NONE', #34, 0.02854330708661416763 ) ;
#4521 = SURFACE_STYLE_USAGE ( .BOTH. , #2585 ) ;
#4522 = AXIS2_PLACEMENT_3D ( 'NONE', #2974, #4383, #3837 ) ;
#4523 = FILL_AREA_STYLE_COLOUR ( '', #2690 ) ;
#4524 =( GEOMETRIC_REPRESENTATION_CONTEXT ( 3 ) GLOBAL_UNCERTAINTY_ASSIGNED_CONTEXT ( ( #5709 ) ) GLOBAL_UNIT_ASSIGNED_CONTEXT ( ( #4767, #3306, #2429 ) ) REPRESENTATION_CONTEXT ( 'NONE', 'WORKASPACE' ) );
#4525 =( CONVERSION_BASED_UNIT ( 'INCH', #730 ) LENGTH_UNIT ( ) NAMED_UNIT ( #5640 ) );
#4526 = CARTESIAN_POINT ( 'NONE',  ( 0.06929133858267698398, 0.1269685039370082591, 0.03366141732283462612 ) ) ;
#4527 = ORIENTED_EDGE ( 'NONE', *, *, #4056, .T. ) ;
#4528 = MECHANICAL_DESIGN_GEOMETRIC_PRESENTATION_REPRESENTATION (  '', ( #3196 ), #2806 ) ;
#4529 = CYLINDRICAL_SURFACE ( 'NONE', #4964, 0.009105439123007874613 ) ;
#4530 = AXIS2_PLACEMENT_3D ( 'NONE', #2285, #4659, #4202 ) ;
#4531 = LENGTH_MEASURE_WITH_UNIT ( LENGTH_MEASURE( 0.02539999999999999897 ), #4618 );
#4532 = ORIENTED_EDGE ( 'NONE', *, *, #2563, .F. ) ;
#4533 = ORIENTED_EDGE ( 'NONE', *, *, #2132, .F. ) ;
#4534 =( GEOMETRIC_REPRESENTATION_CONTEXT ( 3 ) GLOBAL_UNCERTAINTY_ASSIGNED_CONTEXT ( ( #3608 ) ) GLOBAL_UNIT_ASSIGNED_CONTEXT ( ( #4734, #5230, #2830 ) ) REPRESENTATION_CONTEXT ( 'NONE', 'WORKASPACE' ) );
#4535 = DIRECTION ( 'NONE',  ( -1.602884491802569361E-15, 1.000000000000000000, -1.644517855226017859E-15 ) ) ;
#4536 = VERTEX_POINT ( 'NONE', #3563 ) ;
#4537 = CARTESIAN_POINT ( 'NONE',  ( 0.08700787401574773539, 0.1998031496062996348, -0.09586614173228362457 ) ) ;
#4538 = VERTEX_POINT ( 'NONE', #3085 ) ;
#4539 = AXIS2_PLACEMENT_3D ( 'NONE', #587, #1052, #2990 ) ;
#4540 = EDGE_CURVE ( 'NONE', #6143, #4291, #1214, .T. ) ;
#4541 = PLANE ( 'NONE',  #4401 ) ;
#4542 = EDGE_CURVE ( 'NONE', #6186, #4917, #3675, .T. ) ;
#4543 = FILL_AREA_STYLE ('',( #650 ) ) ;
#4544 = VECTOR ( 'NONE', #3087, 39.37007874015748143 ) ;
#4545 = DIRECTION ( 'NONE',  ( 1.602884491802569361E-15, -1.000000000000000000, 1.644517855226017859E-15 ) ) ;
#4546 = LENGTH_MEASURE_WITH_UNIT ( LENGTH_MEASURE( 0.02539999999999999897 ), #4082 );
#4547 = CARTESIAN_POINT ( 'NONE',  ( -0.06929133858267749746, 0.1958661417322836440, -0.1253937007874017240 ) ) ;
#4548 = EDGE_CURVE ( 'NONE', #5678, #2480, #4850, .T. ) ;
#4549 = ADVANCED_FACE ( 'NONE', ( #6001 ), #2141, .F. ) ;
#4550 = DIRECTION ( 'NONE',  ( -1.000000000000000000, -1.602884491801855442E-15, 4.339543524116999257E-13 ) ) ;
#4551 = DIRECTION ( 'NONE',  ( -1.000000000000000000, -1.602884491802642922E-15, -4.458096893095998546E-14 ) ) ;
#4552 = SURFACE_STYLE_FILL_AREA ( #4956 ) ;
#4553 = DIRECTION ( 'NONE',  ( -0.6057866173735902970, -2.279429041416054056E-15, -0.7956271577887871205 ) ) ;
#4554 = DIMENSIONAL_EXPONENTS ( 1.000000000000000000, 0.0000000000000000000, 0.0000000000000000000, 0.0000000000000000000, 0.0000000000000000000, 0.0000000000000000000, 0.0000000000000000000 ) ;
#4555 = SURFACE_STYLE_FILL_AREA ( #3661 ) ;
#4556 = LINE ( 'NONE', #1831, #2157 ) ;
#4557 = ORIENTED_EDGE ( 'NONE', *, *, #725, .F. ) ;
#4558 = LINE ( 'NONE', #4341, #40 ) ;
#4559 = CARTESIAN_POINT ( 'NONE',  ( 0.01934165959544861813, 0.1269685039370081758, 0.02455597819984248892 ) ) ;
#4560 = VERTEX_POINT ( 'NONE', #4876 ) ;
#4561 = ORIENTED_EDGE ( 'NONE', *, *, #2917, .F. ) ;
#4562 = UNCERTAINTY_MEASURE_WITH_UNIT (LENGTH_MEASURE( 1.000000000000000082E-05 ), #1847, 'distance_accuracy_value', 'NONE');
#4563 = DIRECTION ( 'NONE',  ( -1.000000000000000000, -1.602884491802569361E-15, 2.711709361697226329E-31 ) ) ;
#4564 = CARTESIAN_POINT ( 'NONE',  ( -0.1464566929133855611, -0.1722440944881890312, -0.1037401574803144821 ) ) ;
#4565 = ORIENTED_EDGE ( 'NONE', *, *, #4882, .T. ) ;
#4566 = PRESENTATION_LAYER_ASSIGNMENT (  '', '', ( #5369 ) ) ;
#4567 = EDGE_CURVE ( 'NONE', #832, #1543, #3692, .T. ) ;
#4568 = LINE ( 'NONE', #716, #3377 ) ;
#4569 = SURFACE_SIDE_STYLE ('',( #1148 ) ) ;
#4570 = PRESENTATION_STYLE_ASSIGNMENT (( #6025 ) ) ;
#4571 = SURFACE_SIDE_STYLE ('',( #4516 ) ) ;
#4572 = PRESENTATION_STYLE_ASSIGNMENT (( #1699 ) ) ;
#4573 = AXIS2_PLACEMENT_3D ( 'NONE', #673, #3154, #774 ) ;
#4574 = VECTOR ( 'NONE', #4642, 39.37007874015748143 ) ;
#4575 = EDGE_CURVE ( 'NONE', #3748, #4857, #262, .T. ) ;
#4576 = EDGE_CURVE ( 'NONE', #94, #554, #3144, .T. ) ;
#4577 = EDGE_CURVE ( 'NONE', #2394, #6162, #5684, .T. ) ;
#4578 = VECTOR ( 'NONE', #4988, 39.37007874015748143 ) ;
#4579 = COLOUR_RGB ( '',0.7607843137254901578, 0.7607843137254901578, 0.0000000000000000000 ) ;
#4580 =( NAMED_UNIT ( * ) SI_UNIT ( $, .STERADIAN. ) SOLID_ANGLE_UNIT ( ) );
#4581 = SURFACE_STYLE_FILL_AREA ( #3004 ) ;
#4582 = CARTESIAN_POINT ( 'NONE',  ( 0.01522951533058629174, 0.2037401574803152093, 0.08684270481906283812 ) ) ;
#4583 = PRESENTATION_LAYER_ASSIGNMENT (  '', '', ( #5074 ) ) ;
#4584 = VECTOR ( 'NONE', #3434, 39.37007874015748854 ) ;
#4585 = DIRECTION ( 'NONE',  ( -2.364801230464485631E-30, 1.644517855226018450E-15, 1.000000000000000000 ) ) ;
#4586 = EDGE_LOOP ( 'NONE', ( #4647, #4183, #4231, #6293, #855, #5593 ) ) ;
#4587 = CARTESIAN_POINT ( 'NONE',  ( 0.06018589945980290512, 0.1564960629921262614, -0.02539370078740165945 ) ) ;
#4588 = SURFACE_STYLE_FILL_AREA ( #1706 ) ;
#4589 = ORIENTED_EDGE ( 'NONE', *, *, #5969, .T. ) ;
#4590 = COLOUR_RGB ( '',1.000000000000000000, 1.000000000000000000, 1.000000000000000000 ) ;
#4591 = VERTEX_POINT ( 'NONE', #4667 ) ;
#4592 = AXIS2_PLACEMENT_3D ( 'NONE', #90, #5928, #4003 ) ;
#4593 = CARTESIAN_POINT ( 'NONE',  ( -0.06929133858267740032, 0.1269685039370081203, -0.06633858267716538637 ) ) ;
#4594 = CARTESIAN_POINT ( 'NONE',  ( -0.1948818897637798475, 0.1564960629921260116, -0.1738188976377948169 ) ) ;
#4595 = DIRECTION ( 'NONE',  ( 1.000000000000000000, 1.875148439272792120E-15, 0.0000000000000000000 ) ) ;
#4596 = ORIENTED_EDGE ( 'NONE', *, *, #6045, .F. ) ;
#4597 = DIRECTION ( 'NONE',  ( 1.000000000000000000, 1.602884491802569361E-15, -2.711709361697226329E-31 ) ) ;
#4598 = PRESENTATION_STYLE_ASSIGNMENT (( #5061 ) ) ;
#4599 = DIRECTION ( 'NONE',  ( 2.047204322355081778E-10, 1.000000000000000000, 2.688782288034447080E-10 ) ) ;
#4600 = SURFACE_STYLE_USAGE ( .BOTH. , #3133 ) ;
#4601 =( NAMED_UNIT ( * ) SI_UNIT ( $, .STERADIAN. ) SOLID_ANGLE_UNIT ( ) );
#4602 = MECHANICAL_DESIGN_GEOMETRIC_PRESENTATION_REPRESENTATION (  '', ( #3173 ), #1875 ) ;
#4603 =( LENGTH_UNIT ( ) NAMED_UNIT ( * ) SI_UNIT ( $, .METRE. ) );
#4604 = AXIS2_PLACEMENT_3D ( 'NONE', #6303, #2875, #5271 ) ;
#4605 = LENGTH_MEASURE_WITH_UNIT ( LENGTH_MEASURE( 0.02539999999999999897 ), #3591 );
#4606 = EDGE_CURVE ( 'NONE', #557, #3636, #2265, .T. ) ;
#4607 = CYLINDRICAL_SURFACE ( 'NONE', #289, 0.003937007874015749712 ) ;
#4608 = SURFACE_SIDE_STYLE ('',( #4212 ) ) ;
#4609 = CARTESIAN_POINT ( 'NONE',  ( -0.007480314960630190038, 0.1643700787401577157, 0.004133858267716452109 ) ) ;
#4610 = EDGE_CURVE ( 'NONE', #5901, #5135, #406, .T. ) ;
#4611 = CARTESIAN_POINT ( 'NONE',  ( 0.1535433070866143168, -0.02263779527559008770, 0.01515748031496088298 ) ) ;
#4612 = VECTOR ( 'NONE', #645, 39.37007874015748143 ) ;
#4613 = STYLED_ITEM ( 'NONE', ( #5648 ), #853 ) ;
#4614 =( CONVERSION_BASED_UNIT ( 'INCH', #5521 ) LENGTH_UNIT ( ) NAMED_UNIT ( #6237 ) );
#4615 = DIRECTION ( 'NONE',  ( -0.1140686577440001986, -1.816622754153543789E-15, -0.9934728689403059532 ) ) ;
#4616 = VERTEX_POINT ( 'NONE', #4179 ) ;
#4617 = FACE_OUTER_BOUND ( 'NONE', #2349, .T. ) ;
#4618 =( LENGTH_UNIT ( ) NAMED_UNIT ( * ) SI_UNIT ( $, .METRE. ) );
#4619 = ORIENTED_EDGE ( 'NONE', *, *, #2071, .F. ) ;
#4620 = COLOUR_RGB ( '',0.7607843137254901578, 0.7607843137254901578, 0.0000000000000000000 ) ;
#4621 = SURFACE_STYLE_FILL_AREA ( #2342 ) ;
#4622 = VERTEX_POINT ( 'NONE', #6103 ) ;
#4623 = EDGE_CURVE ( 'NONE', #4823, #324, #5653, .T. ) ;
#4624 = UNCERTAINTY_MEASURE_WITH_UNIT (LENGTH_MEASURE( 1.000000000000000082E-05 ), #3309, 'distance_accuracy_value', 'NONE');
#4625 = COLOUR_RGB ( '',1.000000000000000000, 1.000000000000000000, 1.000000000000000000 ) ;
#4626 = VECTOR ( 'NONE', #5916, 39.37007874015748143 ) ;
#4627 = CARTESIAN_POINT ( 'NONE',  ( 0.06929133858267698398, 0.1269685039370082591, 0.02455597819984248892 ) ) ;
#4628 = DIRECTION ( 'NONE',  ( 1.000000000000000000, 1.875148439272792120E-15, 1.586938124156564227E-11 ) ) ;
#4629 =( NAMED_UNIT ( * ) PLANE_ANGLE_UNIT ( ) SI_UNIT ( $, .RADIAN. ) );
#4630 = PLANE ( 'NONE',  #5100 ) ;
#4631 = ORIENTED_EDGE ( 'NONE', *, *, #12, .F. ) ;
#4632 = COLOUR_RGB ( '',0.7607843137254901578, 0.7607843137254901578, 0.0000000000000000000 ) ;
#4633 = AXIS2_PLACEMENT_3D ( 'NONE', #4108, #6060, #4019 ) ;
#4634 = LINE ( 'NONE', #1177, #5996 ) ;
#4635 = CARTESIAN_POINT ( 'NONE',  ( -0.1535433070866138727, -0.1722440944881890035, -0.08799212598425146248 ) ) ;
#4636 = MECHANICAL_DESIGN_GEOMETRIC_PRESENTATION_REPRESENTATION (  '', ( #5336 ), #994 ) ;
#4637 =( NAMED_UNIT ( * ) PLANE_ANGLE_UNIT ( ) SI_UNIT ( $, .RADIAN. ) );
#4638 = DIRECTION ( 'NONE',  ( 1.602884491802569361E-15, -1.000000000000000000, 1.644517855226018450E-15 ) ) ;
#4639 = PRESENTATION_LAYER_ASSIGNMENT (  '', '', ( #3950 ) ) ;
#4640 = CYLINDRICAL_SURFACE ( 'NONE', #6177, 0.003937007874015741038 ) ;
#4641 = LINE ( 'NONE', #4211, #5722 ) ;
#4642 = DIRECTION ( 'NONE',  ( -1.602884491802569164E-15, 1.000000000000000000, -1.644517855226017859E-15 ) ) ;
#4643 = SURFACE_STYLE_USAGE ( .BOTH. , #1896 ) ;
#4644 = ORIENTED_EDGE ( 'NONE', *, *, #1872, .T. ) ;
#4645 = SURFACE_STYLE_USAGE ( .BOTH. , #667 ) ;
#4646 = PRESENTATION_STYLE_ASSIGNMENT (( #4313 ) ) ;
#4647 = ORIENTED_EDGE ( 'NONE', *, *, #2674, .F. ) ;
#4648 = VERTEX_POINT ( 'NONE', #363 ) ;
#4649 = CARTESIAN_POINT ( 'NONE',  ( 0.06743043410952737071, 0.1269685039370082036, -0.01077230849836224684 ) ) ;
#4650 = CARTESIAN_POINT ( 'NONE',  ( 0.06889763779527535714, 0.1564960629921264001, -0.1738188976377948169 ) ) ;
#4651 = DIRECTION ( 'NONE',  ( -0.7956271577886172564, -2.392722035830079268E-15, -0.6057866173738132298 ) ) ;
#4652 = EDGE_CURVE ( 'NONE', #4073, #4477, #6136, .T. ) ;
#4653 = ORIENTED_EDGE ( 'NONE', *, *, #244, .F. ) ;
#4654 = VECTOR ( 'NONE', #1901, 39.37007874015748143 ) ;
#4655 = ADVANCED_FACE ( 'NONE', ( #3232 ), #3174, .T. ) ;
#4656 = DIRECTION ( 'NONE',  ( -6.234788562956082048E-10, -1.000000000000000000, -8.959562889578396700E-14 ) ) ;
#4657 = ORIENTED_EDGE ( 'NONE', *, *, #1015, .T. ) ;
#4658 = SURFACE_STYLE_FILL_AREA ( #2721 ) ;
#4659 = DIRECTION ( 'NONE',  ( 1.602884491802569361E-15, -1.000000000000000000, 1.644517855226017859E-15 ) ) ;
#4660 = CARTESIAN_POINT ( 'NONE',  ( 0.01209712494558641202, 0.1269685039370082036, -0.08095997496618115297 ) ) ;
#4661 = AXIS2_PLACEMENT_3D ( 'NONE', #3120, #1644, #2707 ) ;
#4662 = FILL_AREA_STYLE ('',( #2168 ) ) ;
#4663 =( LENGTH_UNIT ( ) NAMED_UNIT ( * ) SI_UNIT ( $, .METRE. ) );
#4664 = ORIENTED_EDGE ( 'NONE', *, *, #2797, .T. ) ;
#4665 = SURFACE_STYLE_FILL_AREA ( #2137 ) ;
#4666 = CIRCLE ( 'NONE', #1952, 0.005168431248992124902 ) ;
#4667 = CARTESIAN_POINT ( 'NONE',  ( 0.06929133858267698398, 0.1269685039370081758, 0.08371173833575194789 ) ) ;
#4668 = LENGTH_MEASURE_WITH_UNIT ( LENGTH_MEASURE( 0.02539999999999999897 ), #791 );
#4669 = DIRECTION ( 'NONE',  ( 1.602884491802569361E-15, -1.000000000000000000, 1.644517855226017859E-15 ) ) ;
#4670 = STYLED_ITEM ( 'NONE', ( #3701 ), #4893 ) ;
#4671 = ORIENTED_EDGE ( 'NONE', *, *, #3128, .T. ) ;
#4672 = PRESENTATION_LAYER_ASSIGNMENT (  '', '', ( #4974 ) ) ;
#4673 = LENGTH_MEASURE_WITH_UNIT ( LENGTH_MEASURE( 0.02539999999999999897 ), #2238 );
#4674 = ORIENTED_EDGE ( 'NONE', *, *, #1134, .F. ) ;
#4675 = CARTESIAN_POINT ( 'NONE',  ( 0.01934165962471621689, 0.1998031496062994683, -0.02539370078740173925 ) ) ;
#4676 = EDGE_LOOP ( 'NONE', ( #5348, #2895, #3599 ) ) ;
#4677 = CIRCLE ( 'NONE', #2756, 0.02460629921259843353 ) ;
#4678 = COLOUR_RGB ( '',1.000000000000000000, 1.000000000000000000, 1.000000000000000000 ) ;
#4679 = UNCERTAINTY_MEASURE_WITH_UNIT (LENGTH_MEASURE( 1.000000000000000082E-05 ), #3268, 'distance_accuracy_value', 'NONE');
#4680 = LINE ( 'NONE', #408, #1140 ) ;
#4681 = PRESENTATION_STYLE_ASSIGNMENT (( #6279 ) ) ;
#4682 = STYLED_ITEM ( 'NONE', ( #3210 ), #5458 ) ;
#4683 = CARTESIAN_POINT ( 'NONE',  ( 0.06018589943271623194, 0.1998031496062995516, -0.02539370078740173925 ) ) ;
#4684 = ORIENTED_EDGE ( 'NONE', *, *, #1828, .F. ) ;
#4685 = DIRECTION ( 'NONE',  ( 0.0000000000000000000, 0.0000000000000000000, -1.000000000000000000 ) ) ;
#4686 = ADVANCED_FACE ( 'NONE', ( #1826 ), #5580, .F. ) ;
#4687 = LINE ( 'NONE', #2129, #5174 ) ;
#4688 = ORIENTED_EDGE ( 'NONE', *, *, #1563, .F. ) ;
#4689 = AXIS2_PLACEMENT_3D ( 'NONE', #583, #2983, #5351 ) ;
#4690 = EDGE_CURVE ( 'NONE', #617, #1953, #433, .T. ) ;
#4691 = SURFACE_STYLE_FILL_AREA ( #5711 ) ;
#4692 = DIRECTION ( 'NONE',  ( 2.600193504018907675E-30, -1.644517855226017859E-15, -1.000000000000000000 ) ) ;
#4693 = CIRCLE ( 'NONE', #1250, 0.003937007874015740171 ) ;
#4694 = CARTESIAN_POINT ( 'NONE',  ( 0.01934165959544849669, 0.2037401574803153481, -0.07544402180015766235 ) ) ;
#4695 = FACE_OUTER_BOUND ( 'NONE', #4968, .T. ) ;
#4696 = EDGE_CURVE ( 'NONE', #5118, #4878, #6269, .T. ) ;
#4697 = ORIENTED_EDGE ( 'NONE', *, *, #1794, .T. ) ;
#4698 = CLOSED_SHELL ( 'NONE', ( #1912, #4505, #5698, #853, #5571, #3564, #1788, #1240 ) ) ;
#4699 = ORIENTED_EDGE ( 'NONE', *, *, #6040, .F. ) ;
#4700 = CARTESIAN_POINT ( 'NONE',  ( 0.1535433070866144833, -0.1407480314960626033, 0.1151574803149610915 ) ) ;
#4701 = LINE ( 'NONE', #6195, #4233 ) ;
#4702 = PRESENTATION_LAYER_ASSIGNMENT (  '', '', ( #2992 ) ) ;
#4703 = CARTESIAN_POINT ( 'NONE',  ( 0.1948818897637796532, -0.05413385826771593967, 0.1820866141732286614 ) ) ;
#4704 = CARTESIAN_POINT ( 'NONE',  ( -0.1535433070866141225, -0.02263779527559058036, 0.01515748031496088298 ) ) ;
#4705 = DIRECTION ( 'NONE',  ( 2.047204322355081778E-10, 1.000000000000000000, 2.688782288034447080E-10 ) ) ;
#4706 = DIRECTION ( 'NONE',  ( 1.602884491802569361E-15, -1.000000000000000000, 1.644517855226017859E-15 ) ) ;
#4707 = CARTESIAN_POINT ( 'NONE',  ( 0.06743043410952725969, 0.1998031496062996348, -0.08095997496618126399 ) ) ;
#4708 = DIRECTION ( 'NONE',  ( -0.1140686577440002542, -1.816622754153543789E-15, -0.9934728689403059532 ) ) ;
#4709 = ORIENTED_EDGE ( 'NONE', *, *, #3412, .T. ) ;
#4710 = LINE ( 'NONE', #1803, #4381 ) ;
#4711 = ORIENTED_EDGE ( 'NONE', *, *, #368, .T. ) ;
#4712 = VECTOR ( 'NONE', #3918, 39.37007874015748143 ) ;
#4713 = FACE_OUTER_BOUND ( 'NONE', #4366, .T. ) ;
#4714 = DIMENSIONAL_EXPONENTS ( 1.000000000000000000, 0.0000000000000000000, 0.0000000000000000000, 0.0000000000000000000, 0.0000000000000000000, 0.0000000000000000000, 0.0000000000000000000 ) ;
#4715 = CARTESIAN_POINT ( 'NONE',  ( -0.1499999999999997446, -0.1564960629921260116, -0.08641732283464519104 ) ) ;
#4716 = CIRCLE ( 'NONE', #33, 0.003937007874015747109 ) ;
#4717 = SURFACE_SIDE_STYLE ('',( #410 ) ) ;
#4718 = AXIS2_PLACEMENT_3D ( 'NONE', #4537, #3644, #4195 ) ;
#4719 =( LENGTH_UNIT ( ) NAMED_UNIT ( * ) SI_UNIT ( $, .METRE. ) );
#4720 = ORIENTED_EDGE ( 'NONE', *, *, #1368, .T. ) ;
#4721 = DIRECTION ( 'NONE',  ( 1.000000000000000000, 1.602884491802569361E-15, -2.711709361697226329E-31 ) ) ;
#4722 = CARTESIAN_POINT ( 'NONE',  ( 0.1464566929133859496, -0.02263779527559014321, -0.006889763779527295282 ) ) ;
#4723 = VERTEX_POINT ( 'NONE', #3924 ) ;
#4724 =( NAMED_UNIT ( * ) SI_UNIT ( $, .STERADIAN. ) SOLID_ANGLE_UNIT ( ) );
#4725 = MECHANICAL_DESIGN_GEOMETRIC_PRESENTATION_REPRESENTATION (  '', ( #6252 ), #4340 ) ;
#4726 = VERTEX_POINT ( 'NONE', #2431 ) ;
#4727 = FILL_AREA_STYLE_COLOUR ( '', #2166 ) ;
#4728 = EDGE_CURVE ( 'NONE', #1649, #5172, #1449, .T. ) ;
#4729 = CARTESIAN_POINT ( 'NONE',  ( -0.1464566929133855888, -0.1407480314960631307, 0.09311023622047291670 ) ) ;
#4730 = AXIS2_PLACEMENT_3D ( 'NONE', #4245, #2766, #5547 ) ;
#4731 = VECTOR ( 'NONE', #4599, 39.37007874015748143 ) ;
#4732 = EDGE_CURVE ( 'NONE', #2888, #1253, #5813, .T. ) ;
#4733 = PRESENTATION_STYLE_ASSIGNMENT (( #5323 ) ) ;
#4734 =( CONVERSION_BASED_UNIT ( 'INCH', #4829 ) LENGTH_UNIT ( ) NAMED_UNIT ( #4554 ) );
#4735 = EDGE_LOOP ( 'NONE', ( #3451, #2350, #1621, #1018 ) ) ;
#4736 = ORIENTED_EDGE ( 'NONE', *, *, #933, .T. ) ;
#4737 = DIMENSIONAL_EXPONENTS ( 1.000000000000000000, 0.0000000000000000000, 0.0000000000000000000, 0.0000000000000000000, 0.0000000000000000000, 0.0000000000000000000, 0.0000000000000000000 ) ;
#4738 = ORIENTED_EDGE ( 'NONE', *, *, #2674, .T. ) ;
#4739 = DIRECTION ( 'NONE',  ( -1.000000000000000000, -1.602884491802569361E-15, 2.711709361697226329E-31 ) ) ;
#4740 =( NAMED_UNIT ( * ) PLANE_ANGLE_UNIT ( ) SI_UNIT ( $, .RADIAN. ) );
#4741 = EDGE_CURVE ( 'NONE', #2079, #2825, #5991, .T. ) ;
#4742 = EDGE_CURVE ( 'NONE', #3287, #2189, #4803, .T. ) ;
#4743 =( LENGTH_UNIT ( ) NAMED_UNIT ( * ) SI_UNIT ( $, .METRE. ) );
#4744 = DIRECTION ( 'NONE',  ( 1.000000000000000000, 1.602884491802569361E-15, -2.711709361697226329E-31 ) ) ;
#4745 = VECTOR ( 'NONE', #5132, 39.37007874015748143 ) ;
#4746 =( LENGTH_UNIT ( ) NAMED_UNIT ( * ) SI_UNIT ( $, .METRE. ) );
#4747 = VERTEX_POINT ( 'NONE', #5855 ) ;
#4748 = SURFACE_SIDE_STYLE ('',( #1317 ) ) ;
#4749 = ORIENTED_EDGE ( 'NONE', *, *, #5859, .F. ) ;
#4750 =( LENGTH_UNIT ( ) NAMED_UNIT ( * ) SI_UNIT ( $, .METRE. ) );
#4751 = SURFACE_STYLE_USAGE ( .BOTH. , #4717 ) ;
#4752 =( LENGTH_UNIT ( ) NAMED_UNIT ( * ) SI_UNIT ( $, .METRE. ) );
#4753 = ORIENTED_EDGE ( 'NONE', *, *, #6084, .F. ) ;
#4754 = DIRECTION ( 'NONE',  ( 0.7956271577887872315, 0.0000000000000000000, -0.6057866173735900750 ) ) ;
#4755 = ORIENTED_EDGE ( 'NONE', *, *, #3934, .F. ) ;
#4756 =( CONVERSION_BASED_UNIT ( 'INCH', #6216 ) LENGTH_UNIT ( ) NAMED_UNIT ( #4205 ) );
#4757 = UNCERTAINTY_MEASURE_WITH_UNIT (LENGTH_MEASURE( 1.000000000000000082E-05 ), #5012, 'distance_accuracy_value', 'NONE');
#4758 = ORIENTED_EDGE ( 'NONE', *, *, #6089, .T. ) ;
#4759 = LINE ( 'NONE', #381, #1691 ) ;
#4760 = PRESENTATION_STYLE_ASSIGNMENT (( #5672 ) ) ;
#4761 = FACE_OUTER_BOUND ( 'NONE', #1127, .T. ) ;
#4762 = FACE_OUTER_BOUND ( 'NONE', #4460, .T. ) ;
#4763 = VERTEX_POINT ( 'NONE', #537 ) ;
#4764 = ORIENTED_EDGE ( 'NONE', *, *, #3857, .T. ) ;
#4765 = ORIENTED_EDGE ( 'NONE', *, *, #3811, .F. ) ;
#4766 = FILL_AREA_STYLE ('',( #6163 ) ) ;
#4767 =( CONVERSION_BASED_UNIT ( 'INCH', #3337 ) LENGTH_UNIT ( ) NAMED_UNIT ( #3400 ) );
#4768 = SURFACE_SIDE_STYLE ('',( #1483 ) ) ;
#4769 = EDGE_CURVE ( 'NONE', #1902, #1813, #5331, .T. ) ;
#4770 = CARTESIAN_POINT ( 'NONE',  ( 0.01934165959544850363, 0.1998031496062995238, -0.1162882616643938632 ) ) ;
#4771 = EDGE_CURVE ( 'NONE', #4220, #1574, #1446, .T. ) ;
#4772 = ADVANCED_FACE ( 'NONE', ( #1000 ), #1517, .F. ) ;
#4773 = DIRECTION ( 'NONE',  ( -1.000000000000000000, -1.581128168208027760E-15, -0.0000000000000000000 ) ) ;
#4774 = CARTESIAN_POINT ( 'NONE',  ( -0.04940944881889766660, -0.06003937007874007858, 0.1007874015748034119 ) ) ;
#4775 = DIRECTION ( 'NONE',  ( 1.602884491802569361E-15, -1.000000000000000000, -1.644517855226017859E-15 ) ) ;
#4776 =( NAMED_UNIT ( * ) SI_UNIT ( $, .STERADIAN. ) SOLID_ANGLE_UNIT ( ) );
#4777 = SURFACE_STYLE_USAGE ( .BOTH. , #2501 ) ;
#4778 = PRESENTATION_LAYER_ASSIGNMENT (  '', '', ( #1132 ) ) ;
#4779 = DIRECTION ( 'NONE',  ( -1.602884491802569361E-15, 1.000000000000000000, -1.644517855226017859E-15 ) ) ;
#4780 = CARTESIAN_POINT ( 'NONE',  ( 0.1535433070866145389, -0.1722440944881885316, -0.08799212598425146248 ) ) ;
#4781 =( NAMED_UNIT ( * ) SI_UNIT ( $, .STERADIAN. ) SOLID_ANGLE_UNIT ( ) );
#4782 = CARTESIAN_POINT ( 'NONE',  ( -0.1464566929133855888, -0.1407480314960631029, -0.006889763779527091452 ) ) ;
#4783 = ORIENTED_EDGE ( 'NONE', *, *, #4918, .F. ) ;
#4784 = VECTOR ( 'NONE', #2001, 39.37007874015748143 ) ;
#4785 = VECTOR ( 'NONE', #4015, 39.37007874015748143 ) ;
#4786 = PLANE ( 'NONE',  #5075 ) ;
#4787 = EDGE_LOOP ( 'NONE', ( #987, #4268, #600, #2763 ) ) ;
#4788 = VECTOR ( 'NONE', #4149, 39.37007874015748143 ) ;
#4789 = VERTEX_POINT ( 'NONE', #4372 ) ;
#4790 = DIRECTION ( 'NONE',  ( 1.602884491802569361E-15, -1.000000000000000000, 1.644517855226017859E-15 ) ) ;
#4791 = PLANE ( 'NONE',  #1757 ) ;
#4792 = DIRECTION ( 'NONE',  ( 1.594929680954395007E-15, -0.9950371902099891530, -0.09950371902099724997 ) ) ;
#4793 = COLOUR_RGB ( '',1.000000000000000000, 1.000000000000000000, 1.000000000000000000 ) ;
#4794 = CARTESIAN_POINT ( 'NONE',  ( 0.04940944881889766660, -0.05413385826771661968, -0.09251968503936991439 ) ) ;
#4795 = SURFACE_STYLE_USAGE ( .BOTH. , #2357 ) ;
#4796 = ORIENTED_EDGE ( 'NONE', *, *, #6097, .T. ) ;
#4797 = ORIENTED_EDGE ( 'NONE', *, *, #4473, .F. ) ;
#4798 = VERTEX_POINT ( 'NONE', #6298 ) ;
#4799 = DIRECTION ( 'NONE',  ( -1.000000000000000000, -1.602884491802569361E-15, 2.878783784372901366E-31 ) ) ;
#4800 =( GEOMETRIC_REPRESENTATION_CONTEXT ( 3 ) GLOBAL_UNCERTAINTY_ASSIGNED_CONTEXT ( ( #961 ) ) GLOBAL_UNIT_ASSIGNED_CONTEXT ( ( #2851, #447, #4781 ) ) REPRESENTATION_CONTEXT ( 'NONE', 'WORKASPACE' ) );
#4801 = CARTESIAN_POINT ( 'NONE',  ( 0.1535433070866145389, -0.1722440944881885871, 0.1120078740157485764 ) ) ;
#4802 = SURFACE_STYLE_USAGE ( .BOTH. , #5363 ) ;
#4803 = LINE ( 'NONE', #3858, #1741 ) ;
#4804 = CARTESIAN_POINT ( 'NONE',  ( -0.007480314960630190038, 0.1643700787401576879, 0.1041338582677164837 ) ) ;
#4805 = CIRCLE ( 'NONE', #217, 0.003937007874015748844 ) ;
#4806 = DIMENSIONAL_EXPONENTS ( 1.000000000000000000, 0.0000000000000000000, 0.0000000000000000000, 0.0000000000000000000, 0.0000000000000000000, 0.0000000000000000000, 0.0000000000000000000 ) ;
#4807 = DIRECTION ( 'NONE',  ( -2.348093788196917952E-30, 1.644517855226018450E-15, 1.000000000000000000 ) ) ;
#4808 = DIRECTION ( 'NONE',  ( 1.602884491802569361E-15, -1.000000000000000000, 1.644517855226017859E-15 ) ) ;
#4809 = DIRECTION ( 'NONE',  ( 2.364801230464485631E-30, -1.644517855226018450E-15, -1.000000000000000000 ) ) ;
#4810 = ADVANCED_FACE ( 'NONE', ( #2021 ), #2839, .T. ) ;
#4811 = CARTESIAN_POINT ( 'NONE',  ( 0.06889763779527553755, 0.04350393700787442280, 0.1702755905511812440 ) ) ;
#4812 = EDGE_CURVE ( 'NONE', #2949, #3327, #4308, .T. ) ;
#4813 = CARTESIAN_POINT ( 'NONE',  ( 0.06929133858267687296, 0.1958661417322837828, -0.02539370078740171843 ) ) ;
#4814 = ORIENTED_EDGE ( 'NONE', *, *, #2572, .F. ) ;
#4815 = AXIS2_PLACEMENT_3D ( 'NONE', #1929, #1791, #1821 ) ;
#4816 = EDGE_CURVE ( 'NONE', #1142, #4941, #1424, .T. ) ;
#4817 = FACE_OUTER_BOUND ( 'NONE', #881, .T. ) ;
#4818 = DIMENSIONAL_EXPONENTS ( 1.000000000000000000, 0.0000000000000000000, 0.0000000000000000000, 0.0000000000000000000, 0.0000000000000000000, 0.0000000000000000000, 0.0000000000000000000 ) ;
#4819 = ORIENTED_EDGE ( 'NONE', *, *, #3130, .T. ) ;
#4820 = UNCERTAINTY_MEASURE_WITH_UNIT (LENGTH_MEASURE( 1.000000000000000082E-05 ), #3112, 'distance_accuracy_value', 'NONE');
#4821 = CIRCLE ( 'NONE', #4225, 0.02460629921259843700 ) ;
#4822 = VECTOR ( 'NONE', #4038, 39.37007874015748143 ) ;
#4823 = VERTEX_POINT ( 'NONE', #5883 ) ;
#4824 = DIRECTION ( 'NONE',  ( 1.594929680954395007E-15, -0.9950371902099891530, -0.09950371902099724997 ) ) ;
#4825 = CARTESIAN_POINT ( 'NONE',  ( 0.04940944881889767354, -0.06003937007874024512, -0.09251968503936990051 ) ) ;
#4826 = STYLED_ITEM ( 'NONE', ( #2746 ), #2139 ) ;
#4827 = VECTOR ( 'NONE', #2327, 39.37007874015748143 ) ;
#4828 = DIRECTION ( 'NONE',  ( -1.602884491802569361E-15, 1.000000000000000000, -1.644517855226017859E-15 ) ) ;
#4829 = LENGTH_MEASURE_WITH_UNIT ( LENGTH_MEASURE( 0.02539999999999999897 ), #10 );
#4830 = EDGE_LOOP ( 'NONE', ( #1945, #3755, #1734, #4390 ) ) ;
#4831 = PRESENTATION_STYLE_ASSIGNMENT (( #45 ) ) ;
#4832 = ORIENTED_EDGE ( 'NONE', *, *, #5497, .T. ) ;
#4833 = VECTOR ( 'NONE', #3132, 39.37007874015748143 ) ;
#4834 = FILL_AREA_STYLE_COLOUR ( '', #1133 ) ;
#4835 = DIRECTION ( 'NONE',  ( 1.602884491802569361E-15, -1.000000000000000000, 1.644517855226017859E-15 ) ) ;
#4836 = FACE_OUTER_BOUND ( 'NONE', #5800, .T. ) ;
#4837 = CARTESIAN_POINT ( 'NONE',  ( -0.06929133858267740032, 0.1269685039370080093, -0.1253937007874016407 ) ) ;
#4838 = CARTESIAN_POINT ( 'NONE',  ( 0.04940944881889763191, -0.06003937007873992593, 0.1007874015748034119 ) ) ;
#4839 = FACE_OUTER_BOUND ( 'NONE', #3187, .T. ) ;
#4840 = SURFACE_SIDE_STYLE ('',( #2845 ) ) ;
#4841 = CARTESIAN_POINT ( 'NONE',  ( -0.1464566929133855611, -0.1722440944881890035, -0.08484251968503886410 ) ) ;
#4842 = AXIS2_PLACEMENT_3D ( 'NONE', #3893, #539, #2840 ) ;
#4843 = ORIENTED_EDGE ( 'NONE', *, *, #3850, .T. ) ;
#4844 = DIRECTION ( 'NONE',  ( -2.348093788196917952E-30, 1.644517855226018450E-15, 1.000000000000000000 ) ) ;
#4845 = DIMENSIONAL_EXPONENTS ( 1.000000000000000000, 0.0000000000000000000, 0.0000000000000000000, 0.0000000000000000000, 0.0000000000000000000, 0.0000000000000000000, 0.0000000000000000000 ) ;
#4846 = SURFACE_SIDE_STYLE ('',( #2915 ) ) ;
#4847 = CARTESIAN_POINT ( 'NONE',  ( 0.01934165962471621689, 0.1998031496062995238, -0.1253937007874017517 ) ) ;
#4848 = SURFACE_STYLE_FILL_AREA ( #4384 ) ;
#4849 = CARTESIAN_POINT ( 'NONE',  ( 0.1535433070866143168, -0.02263779527559016402, 0.09311023622047270853 ) ) ;
#4850 = LINE ( 'NONE', #4119, #2064 ) ;
#4851 = VERTEX_POINT ( 'NONE', #4922 ) ;
#4852 = ADVANCED_FACE ( 'NONE', ( #1062 ), #2524, .T. ) ;
#4853 = ORIENTED_EDGE ( 'NONE', *, *, #1203, .T. ) ;
#4854 = ADVANCED_FACE ( 'NONE', ( #6074 ), #1867, .T. ) ;
#4855 = CARTESIAN_POINT ( 'NONE',  ( -0.08720472440944879167, -0.06003937007874045328, -0.09251968503936990051 ) ) ;
#4856 = CARTESIAN_POINT ( 'NONE',  ( -0.08720472440944883330, -0.05413385826771651560, 0.1007874015748034119 ) ) ;
#4857 = VERTEX_POINT ( 'NONE', #3213 ) ;
#4858 =( CONVERSION_BASED_UNIT ( 'INCH', #1510 ) LENGTH_UNIT ( ) NAMED_UNIT ( #1274 ) );
#4859 = EDGE_LOOP ( 'NONE', ( #3357, #3262, #5170, #5327, #4697 ) ) ;
#4860 =( CONVERSION_BASED_UNIT ( 'INCH', #3497 ) LENGTH_UNIT ( ) NAMED_UNIT ( #1629 ) );
#4861 = ORIENTED_EDGE ( 'NONE', *, *, #2667, .F. ) ;
#4862 = CARTESIAN_POINT ( 'NONE',  ( 0.1535433070866144833, -0.1407480314960625756, -0.1068897637795270944 ) ) ;
#4863 = STYLED_ITEM ( 'NONE', ( #3319 ), #3424 ) ;
#4864 = FACE_OUTER_BOUND ( 'NONE', #4103, .T. ) ;
#4865 = DIRECTION ( 'NONE',  ( -1.602884491802569361E-15, 1.000000000000000000, -1.644517855226018450E-15 ) ) ;
#4866 = SURFACE_SIDE_STYLE ('',( #1026 ) ) ;
#4867 = FILL_AREA_STYLE ('',( #3380 ) ) ;
#4868 = DIRECTION ( 'NONE',  ( -1.000000000000000000, -1.602884491802569361E-15, 2.711709361697226329E-31 ) ) ;
#4869 = MECHANICAL_DESIGN_GEOMETRIC_PRESENTATION_REPRESENTATION (  '', ( #2446 ), #379 ) ;
#4870 =( NAMED_UNIT ( * ) SI_UNIT ( $, .STERADIAN. ) SOLID_ANGLE_UNIT ( ) );
#4871 = CARTESIAN_POINT ( 'NONE',  ( 0.06018589945968472882, 0.1998031496062996071, 0.02972440944881874630 ) ) ;
#4872 = CARTESIAN_POINT ( 'NONE',  ( -0.1535433070866141225, -0.02263779527559054566, -0.08484251968503912777 ) ) ;
#4873 = LINE ( 'NONE', #5868, #651 ) ;
#4874 = CARTESIAN_POINT ( 'NONE',  ( 0.01209712494558641202, 0.1269685039370082036, -0.08095997496618115297 ) ) ;
#4875 = SHAPE_DEFINITION_REPRESENTATION ( #2054, #2637 ) ;
#4876 = CARTESIAN_POINT ( 'NONE',  ( 0.06429804372452725680, 0.2037401574803153759, -0.1131572951809371869 ) ) ;
#4877 = ORIENTED_EDGE ( 'NONE', *, *, #4160, .T. ) ;
#4878 = VERTEX_POINT ( 'NONE', #338 ) ;
#4879 = CARTESIAN_POINT ( 'NONE',  ( -0.06929133858267749746, 0.1958661417322836162, -0.02539370078740171843 ) ) ;
#4880 = ORIENTED_EDGE ( 'NONE', *, *, #3169, .T. ) ;
#4881 = AXIS2_PLACEMENT_3D ( 'NONE', #114, #2083, #5456 ) ;
#4882 = EDGE_CURVE ( 'NONE', #1732, #5603, #2311, .T. ) ;
#4883 = DIMENSIONAL_EXPONENTS ( 1.000000000000000000, 0.0000000000000000000, 0.0000000000000000000, 0.0000000000000000000, 0.0000000000000000000, 0.0000000000000000000, 0.0000000000000000000 ) ;
#4884 = DIRECTION ( 'NONE',  ( -2.047288890593917993E-10, 1.000000000000000000, -2.688773770073551715E-10 ) ) ;
#4885 = EDGE_CURVE ( 'NONE', #158, #1257, #5140, .T. ) ;
#4886 = DIRECTION ( 'NONE',  ( 1.602884491802569361E-15, -1.000000000000000000, 1.644517855226017859E-15 ) ) ;
#4887 = AXIS2_PLACEMENT_3D ( 'NONE', #3754, #5759, #1352 ) ;
#4888 = VECTOR ( 'NONE', #2518, 39.37007874015748143 ) ;
#4889 = VERTEX_POINT ( 'NONE', #3760 ) ;
#4890 = ORIENTED_EDGE ( 'NONE', *, *, #4474, .T. ) ;
#4891 = PRESENTATION_STYLE_ASSIGNMENT (( #2521 ) ) ;
#4892 = AXIS2_PLACEMENT_3D ( 'NONE', #3545, #3910, #2073 ) ;
#4893 = ADVANCED_FACE ( 'NONE', ( #1356 ), #3577, .F. ) ;
#4894 = CARTESIAN_POINT ( 'NONE',  ( 0.04940944881889767354, -0.06003937007874024512, -0.09251968503936990051 ) ) ;
#4895 = AXIS2_PLACEMENT_3D ( 'NONE', #3518, #2187, #6050 ) ;
#4896 = FACE_OUTER_BOUND ( 'NONE', #1513, .T. ) ;
#4897 = PRESENTATION_STYLE_ASSIGNMENT (( #3860 ) ) ;
#4898 = FACE_OUTER_BOUND ( 'NONE', #427, .T. ) ;
#4899 =( NAMED_UNIT ( * ) PLANE_ANGLE_UNIT ( ) SI_UNIT ( $, .RADIAN. ) );
#4900 =( NAMED_UNIT ( * ) PLANE_ANGLE_UNIT ( ) SI_UNIT ( $, .RADIAN. ) );
#4901 = FACE_OUTER_BOUND ( 'NONE', #3544, .T. ) ;
#4902 = CARTESIAN_POINT ( 'NONE',  ( -0.1464566929133857831, -0.02263779527559064281, 0.09311023622047270853 ) ) ;
#4903 = PLANE ( 'NONE',  #2171 ) ;
#4904 = AXIS2_PLACEMENT_3D ( 'NONE', #1411, #3813, #1471 ) ;
#4905 = ORIENTED_EDGE ( 'NONE', *, *, #4501, .T. ) ;
#4906 = ORIENTED_EDGE ( 'NONE', *, *, #3205, .F. ) ;
#4907 = SURFACE_STYLE_USAGE ( .BOTH. , #4393 ) ;
#4908 = CARTESIAN_POINT ( 'NONE',  ( -0.007480314960630252488, 0.2037401574803152648, -0.09586614173228362457 ) ) ;
#4909 = EDGE_LOOP ( 'NONE', ( #5445, #2549, #2013, #3514, #3253, #2576 ) ) ;
#4910 = FILL_AREA_STYLE_COLOUR ( '', #2159 ) ;
#4911 =( GEOMETRIC_REPRESENTATION_CONTEXT ( 3 ) GLOBAL_UNCERTAINTY_ASSIGNED_CONTEXT ( ( #3542 ) ) GLOBAL_UNIT_ASSIGNED_CONTEXT ( ( #5801, #5840, #3431 ) ) REPRESENTATION_CONTEXT ( 'NONE', 'WORKASPACE' ) );
#4912 = CARTESIAN_POINT ( 'NONE',  ( 0.01934165959544849669, 0.2037401574803152648, 0.1245559781998423626 ) ) ;
#4913 = VECTOR ( 'NONE', #4739, 39.37007874015748143 ) ;
#4914 = ORIENTED_EDGE ( 'NONE', *, *, #4927, .F. ) ;
#4915 = EDGE_CURVE ( 'NONE', #4186, #2065, #6077, .T. ) ;
#4916 = SURFACE_STYLE_USAGE ( .BOTH. , #5393 ) ;
#4917 = VERTEX_POINT ( 'NONE', #4627 ) ;
#4918 = EDGE_CURVE ( 'NONE', #2079, #1535, #816, .T. ) ;
#4919 = VECTOR ( 'NONE', #996, 39.37007874015748143 ) ;
#4920 = SURFACE_STYLE_USAGE ( .BOTH. , #4083 ) ;
#4921 = CARTESIAN_POINT ( 'NONE',  ( 0.1535433070866143168, -0.02263779527559005300, -0.08484251968503912777 ) ) ;
#4922 = CARTESIAN_POINT ( 'NONE',  ( -0.1535433070866138727, -0.1722440944881890867, 0.09625984251968555672 ) ) ;
#4923 = DIRECTION ( 'NONE',  ( 0.0000000000000000000, 0.0000000000000000000, 1.000000000000000000 ) ) ;
#4924 = PRESENTATION_LAYER_ASSIGNMENT (  '', '', ( #4928 ) ) ;
#4925 =( NAMED_UNIT ( * ) SI_UNIT ( $, .STERADIAN. ) SOLID_ANGLE_UNIT ( ) );
#4926 = EDGE_CURVE ( 'NONE', #648, #1532, #3124, .T. ) ;
#4927 = EDGE_CURVE ( 'NONE', #4291, #179, #1136, .T. ) ;
#4928 = STYLED_ITEM ( 'NONE', ( #4957 ), #2450 ) ;
#4929 = PRESENTATION_LAYER_ASSIGNMENT (  '', '', ( #3197 ) ) ;
#4930 = CARTESIAN_POINT ( 'NONE',  ( 0.01934165959544850363, 0.1998031496062996071, -0.07027559055118126619 ) ) ;
#4931 = CARTESIAN_POINT ( 'NONE',  ( 0.1464566929133861717, -0.1407480314960625756, 0.01515748031496108768 ) ) ;
#4932 = DIRECTION ( 'NONE',  ( 0.0000000000000000000, 0.0000000000000000000, 1.000000000000000000 ) ) ;
#4933 = PRESENTATION_LAYER_ASSIGNMENT (  '', '', ( #1289 ) ) ;
#4934 =( CONVERSION_BASED_UNIT ( 'INCH', #1969 ) LENGTH_UNIT ( ) NAMED_UNIT ( #1451 ) );
#4935 = DIRECTION ( 'NONE',  ( -1.000000000000000000, -1.602884491802569361E-15, 2.711709361697224578E-31 ) ) ;
#4936 = SURFACE_STYLE_USAGE ( .BOTH. , #63 ) ;
#4937 = ORIENTED_EDGE ( 'NONE', *, *, #4017, .F. ) ;
#4938 = VECTOR ( 'NONE', #1658, 39.37007874015748143 ) ;
#4939 = UNCERTAINTY_MEASURE_WITH_UNIT (LENGTH_MEASURE( 1.000000000000000082E-05 ), #4362, 'distance_accuracy_value', 'NONE');
#4940 = ORIENTED_EDGE ( 'NONE', *, *, #209, .F. ) ;
#4941 = VERTEX_POINT ( 'NONE', #2124 ) ;
#4942 = AXIS2_PLACEMENT_3D ( 'NONE', #3508, #4553, #176 ) ;
#4943 = FACE_OUTER_BOUND ( 'NONE', #5679, .T. ) ;
#4944 =( NAMED_UNIT ( * ) SI_UNIT ( $, .STERADIAN. ) SOLID_ANGLE_UNIT ( ) );
#4945 = ORIENTED_EDGE ( 'NONE', *, *, #3683, .T. ) ;
#4946 = DIRECTION ( 'NONE',  ( 0.7956271577883986534, 0.0000000000000000000, -0.6057866173741002225 ) ) ;
#4947 = PRESENTATION_STYLE_ASSIGNMENT (( #3020 ) ) ;
#4948 = ORIENTED_EDGE ( 'NONE', *, *, #1015, .F. ) ;
#4949 = LINE ( 'NONE', #2047, #4919 ) ;
#4950 = ORIENTED_EDGE ( 'NONE', *, *, #4623, .F. ) ;
#4951 = LENGTH_MEASURE_WITH_UNIT ( LENGTH_MEASURE( 0.02539999999999999897 ), #1092 );
#4952 = CARTESIAN_POINT ( 'NONE',  ( 0.1464566929133859496, -0.02263779527559007035, -0.08484251968503912777 ) ) ;
#4953 = CARTESIAN_POINT ( 'NONE',  ( 0.06429804372452725680, 0.1998031496062995516, 0.08684270481905496941 ) ) ;
#4954 = VECTOR ( 'NONE', #1724, 39.37007874015748143 ) ;
#4955 = EDGE_CURVE ( 'NONE', #6292, #4220, #2353, .T. ) ;
#4956 = FILL_AREA_STYLE ('',( #3504 ) ) ;
#4957 = PRESENTATION_STYLE_ASSIGNMENT (( #3115 ) ) ;
#4958 = ADVANCED_FACE ( 'NONE', ( #1169 ), #219, .F. ) ;
#4959 = EDGE_CURVE ( 'NONE', #4823, #5118, #3641, .T. ) ;
#4960 = CARTESIAN_POINT ( 'NONE',  ( -0.1948818897637798475, 0.1564960629921255952, -0.07381889763779535263 ) ) ;
#4961 = EDGE_LOOP ( 'NONE', ( #997, #454, #4097, #2848, #2710, #32 ) ) ;
#4962 = DIRECTION ( 'NONE',  ( -1.602884491802569361E-15, 1.000000000000000000, -1.644517855226017859E-15 ) ) ;
#4963 = DIRECTION ( 'NONE',  ( 0.6057866173740993343, 2.279429041416232339E-15, 0.7956271577883993196 ) ) ;
#4964 = AXIS2_PLACEMENT_3D ( 'NONE', #4277, #334, #2738 ) ;
#4965 = ORIENTED_EDGE ( 'NONE', *, *, #1753, .T. ) ;
#4966 = EDGE_CURVE ( 'NONE', #3366, #3719, #2156, .T. ) ;
#4967 = ORIENTED_EDGE ( 'NONE', *, *, #1709, .F. ) ;
#4968 = EDGE_LOOP ( 'NONE', ( #2376, #4105, #2834, #123 ) ) ;
#4969 =( NAMED_UNIT ( * ) SI_UNIT ( $, .STERADIAN. ) SOLID_ANGLE_UNIT ( ) );
#4970 = VERTEX_POINT ( 'NONE', #3611 ) ;
#4971 = AXIS2_PLACEMENT_3D ( 'NONE', #1876, #2855, #1845 ) ;
#4972 = FACE_OUTER_BOUND ( 'NONE', #6283, .T. ) ;
#4973 = DIRECTION ( 'NONE',  ( 1.602884491802569361E-15, -1.000000000000000000, 1.644517855226017859E-15 ) ) ;
#4974 = STYLED_ITEM ( 'NONE', ( #1060 ), #3797 ) ;
#4975 = ORIENTED_EDGE ( 'NONE', *, *, #5005, .T. ) ;
#4976 = CARTESIAN_POINT ( 'NONE',  ( -0.06889763779527592613, 0.1958661417322837550, 0.1820866141732282173 ) ) ;
#4977 = VECTOR ( 'NONE', #4563, 39.37007874015748143 ) ;
#4978 =( LENGTH_UNIT ( ) NAMED_UNIT ( * ) SI_UNIT ( $, .METRE. ) );
#4979 = AXIS2_PLACEMENT_3D ( 'NONE', #5151, #5039, #679 ) ;
#4980 = SURFACE_SIDE_STYLE ('',( #5884 ) ) ;
#4981 = LINE ( 'NONE', #1633, #4954 ) ;
#4982 =( CONVERSION_BASED_UNIT ( 'INCH', #4490 ) LENGTH_UNIT ( ) NAMED_UNIT ( #4737 ) );
#4983 = AXIS2_PLACEMENT_3D ( 'NONE', #973, #3346, #2907 ) ;
#4984 = AXIS2_PLACEMENT_3D ( 'NONE', #2348, #2416, #4357 ) ;
#4985 = CARTESIAN_POINT ( 'NONE',  ( -0.08720472440944883330, -0.05413385826771651560, 0.1007874015748033980 ) ) ;
#4986 =( NAMED_UNIT ( * ) PLANE_ANGLE_UNIT ( ) SI_UNIT ( $, .RADIAN. ) );
#4987 = LINE ( 'NONE', #4960, #355 ) ;
#4988 = DIRECTION ( 'NONE',  ( 9.631373050316002764E-14, -1.644517855225863834E-15, -1.000000000000000000 ) ) ;
#4989 = ORIENTED_EDGE ( 'NONE', *, *, #5150, .F. ) ;
#4990 = EDGE_CURVE ( 'NONE', #1404, #2043, #5595, .T. ) ;
#4991 = PRESENTATION_LAYER_ASSIGNMENT (  '', '', ( #5082 ) ) ;
#4992 = CARTESIAN_POINT ( 'NONE',  ( 0.06018589945968478433, 0.1643700787401578267, 0.1245559781998424320 ) ) ;
#4993 = DIRECTION ( 'NONE',  ( -1.602884491802569164E-15, 1.000000000000000000, -1.644517855226017859E-15 ) ) ;
#4994 = ORIENTED_EDGE ( 'NONE', *, *, #5704, .F. ) ;
#4995 = EDGE_CURVE ( 'NONE', #2682, #2094, #3182, .T. ) ;
#4996 = VERTEX_POINT ( 'NONE', #157 ) ;
#4997 = TOROIDAL_SURFACE ( 'NONE', #5088, 0.005168431248992125769, 0.003937007874015747977 ) ;
#4998 = UNCERTAINTY_MEASURE_WITH_UNIT (LENGTH_MEASURE( 1.000000000000000082E-05 ), #2456, 'distance_accuracy_value', 'NONE');
#4999 = CARTESIAN_POINT ( 'NONE',  ( 0.06929133858267692847, 0.1564960629921262336, 0.07460629921259835651 ) ) ;
#5000 = ORIENTED_EDGE ( 'NONE', *, *, #50, .T. ) ;
#5001 = DIRECTION ( 'NONE',  ( -1.000000000000000000, -1.602884491802569361E-15, 2.711709361697226329E-31 ) ) ;
#5002 = SURFACE_STYLE_USAGE ( .BOTH. , #1568 ) ;
#5003 = DIRECTION ( 'NONE',  ( 1.602884491802569361E-15, -1.000000000000000000, 1.644517855226017859E-15 ) ) ;
#5004 = ORIENTED_EDGE ( 'NONE', *, *, #4054, .T. ) ;
#5005 = EDGE_CURVE ( 'NONE', #1292, #1704, #703, .T. ) ;
#5006 = AXIS2_PLACEMENT_3D ( 'NONE', #315, #1373, #4792 ) ;
#5007 = CARTESIAN_POINT ( 'NONE',  ( 0.06929133858267698398, 0.1269685039370083146, -0.07544402180015752357 ) ) ;
#5008 = CYLINDRICAL_SURFACE ( 'NONE', #4347, 0.003937007874015749712 ) ;
#5009 = COLOUR_RGB ( '',1.000000000000000000, 1.000000000000000000, 1.000000000000000000 ) ;
#5010 = SURFACE_STYLE_USAGE ( .BOTH. , #4569 ) ;
#5011 = MECHANICAL_DESIGN_GEOMETRIC_PRESENTATION_REPRESENTATION (  '', ( #5729 ), #5096 ) ;
#5012 =( CONVERSION_BASED_UNIT ( 'INCH', #4435 ) LENGTH_UNIT ( ) NAMED_UNIT ( #775 ) );
#5013 = DIRECTION ( 'NONE',  ( -1.000000000000000000, -1.602884491802569361E-15, 2.711709361697226329E-31 ) ) ;
#5014 = VECTOR ( 'NONE', #4162, 39.37007874015748143 ) ;
#5015 = SURFACE_STYLE_FILL_AREA ( #6133 ) ;
#5016 = PRESENTATION_LAYER_ASSIGNMENT (  '', '', ( #2787 ) ) ;
#5017 =( GEOMETRIC_REPRESENTATION_CONTEXT ( 3 ) GLOBAL_UNCERTAINTY_ASSIGNED_CONTEXT ( ( #4260 ) ) GLOBAL_UNIT_ASSIGNED_CONTEXT ( ( #4860, #3464, #530 ) ) REPRESENTATION_CONTEXT ( 'NONE', 'WORKASPACE' ) );
#5018 =( LENGTH_UNIT ( ) NAMED_UNIT ( * ) SI_UNIT ( $, .METRE. ) );
#5019 = SURFACE_SIDE_STYLE ('',( #5438 ) ) ;
#5020 = MECHANICAL_DESIGN_GEOMETRIC_PRESENTATION_REPRESENTATION (  '', ( #2905 ), #4524 ) ;
#5021 = DIRECTION ( 'NONE',  ( -2.348093788196917952E-30, 1.644517855226018450E-15, 1.000000000000000000 ) ) ;
#5022 = LINE ( 'NONE', #1252, #1350 ) ;
#5023 = EDGE_LOOP ( 'NONE', ( #1873, #1925, #5053, #5872 ) ) ;
#5024 = AXIS2_PLACEMENT_3D ( 'NONE', #4804, #3441, #5755 ) ;
#5025 = CARTESIAN_POINT ( 'NONE',  ( 0.01522951533057842477, 0.1998031496062995793, -0.07857498828362222132 ) ) ;
#5026 = AXIS2_PLACEMENT_3D ( 'NONE', #590, #4545, #4081 ) ;
#5027 = DIRECTION ( 'NONE',  ( -1.602884491802569361E-15, 1.000000000000000000, -1.644517855226017859E-15 ) ) ;
#5028 = ORIENTED_EDGE ( 'NONE', *, *, #3031, .F. ) ;
#5029 = ORIENTED_EDGE ( 'NONE', *, *, #3130, .F. ) ;
#5030 = EDGE_CURVE ( 'NONE', #2774, #2043, #4487, .T. ) ;
#5031 = COLOUR_RGB ( '',1.000000000000000000, 1.000000000000000000, 1.000000000000000000 ) ;
#5032 =( NAMED_UNIT ( * ) PLANE_ANGLE_UNIT ( ) SI_UNIT ( $, .RADIAN. ) );
#5033 =( CONVERSION_BASED_UNIT ( 'INCH', #1170 ) LENGTH_UNIT ( ) NAMED_UNIT ( #4028 ) );
#5034 = DIRECTION ( 'NONE',  ( 1.000000000000000000, 1.602884491802569361E-15, -2.711709361697224578E-31 ) ) ;
#5035 =( LENGTH_UNIT ( ) NAMED_UNIT ( * ) SI_UNIT ( $, .METRE. ) );
#5036 = VERTEX_POINT ( 'NONE', #4649 ) ;
#5037 = STYLED_ITEM ( 'NONE', ( #5183 ), #2948 ) ;
#5038 = EDGE_CURVE ( 'NONE', #744, #3126, #274, .T. ) ;
#5039 = DIRECTION ( 'NONE',  ( 1.602884491802569361E-15, -1.000000000000000000, 1.644517855226018450E-15 ) ) ;
#5040 = FACE_OUTER_BOUND ( 'NONE', #2622, .T. ) ;
#5041 = ADVANCED_FACE ( 'NONE', ( #2598 ), #5143, .T. ) ;
#5042 = EDGE_CURVE ( 'NONE', #1493, #2547, #517, .T. ) ;
#5043 = DIRECTION ( 'NONE',  ( -2.348093788196916901E-30, 1.644517855226017859E-15, 1.000000000000000000 ) ) ;
#5044 = CARTESIAN_POINT ( 'NONE',  ( 0.1535433070866139005, 0.2273622047244098499, 0.05413385826771639764 ) ) ;
#5045 = DIRECTION ( 'NONE',  ( 1.594929680954395007E-15, -0.9950371902099891530, -0.09950371902099724997 ) ) ;
#5046 = PRESENTATION_STYLE_ASSIGNMENT (( #4920 ) ) ;
#5047 =( CONVERSION_BASED_UNIT ( 'INCH', #2493 ) LENGTH_UNIT ( ) NAMED_UNIT ( #3088 ) );
#5048 =( NAMED_UNIT ( * ) SI_UNIT ( $, .STERADIAN. ) SOLID_ANGLE_UNIT ( ) );
#5049 = FILL_AREA_STYLE_COLOUR ( '', #322 ) ;
#5050 = DIRECTION ( 'NONE',  ( -1.000000000000000000, -1.602884491802569361E-15, -2.711709361697226329E-31 ) ) ;
#5051 = SURFACE_STYLE_FILL_AREA ( #3593 ) ;
#5052 = PLANE ( 'NONE',  #639 ) ;
#5053 = ORIENTED_EDGE ( 'NONE', *, *, #4501, .F. ) ;
#5054 = LENGTH_MEASURE_WITH_UNIT ( LENGTH_MEASURE( 0.02539999999999999897 ), #2947 );
#5055 = ORIENTED_EDGE ( 'NONE', *, *, #2708, .T. ) ;
#5056 = ORIENTED_EDGE ( 'NONE', *, *, #5137, .T. ) ;
#5057 = UNCERTAINTY_MEASURE_WITH_UNIT (LENGTH_MEASURE( 1.000000000000000082E-05 ), #5244, 'distance_accuracy_value', 'NONE');
#5058 = DIRECTION ( 'NONE',  ( -2.348093788196917952E-30, 1.644517855226018450E-15, 1.000000000000000000 ) ) ;
#5059 = LINE ( 'NONE', #4594, #4120 ) ;
#5060 = EDGE_LOOP ( 'NONE', ( #638, #3603, #2120, #3913 ) ) ;
#5061 = SURFACE_STYLE_USAGE ( .BOTH. , #1692 ) ;
#5062 = DIRECTION ( 'NONE',  ( 1.000000000000000000, 1.602884491802569361E-15, -2.711709361697231584E-31 ) ) ;
#5063 = ADVANCED_FACE ( 'NONE', ( #4713 ), #2312, .F. ) ;
#5064 = EDGE_CURVE ( 'NONE', #531, #2626, #4400, .T. ) ;
#5065 = LINE ( 'NONE', #2666, #720 ) ;
#5066 = VECTOR ( 'NONE', #1227, 39.37007874015748143 ) ;
#5067 = UNCERTAINTY_MEASURE_WITH_UNIT (LENGTH_MEASURE( 1.000000000000000082E-05 ), #4218, 'distance_accuracy_value', 'NONE');
#5068 = DIRECTION ( 'NONE',  ( -1.000000000000000000, -1.602884491802569361E-15, 2.711709361697226329E-31 ) ) ;
#5069 = AXIS2_PLACEMENT_3D ( 'NONE', #5793, #4469, #1558 ) ;
#5070 = VECTOR ( 'NONE', #5846, 39.37007874015748143 ) ;
#5071 = ADVANCED_FACE ( 'NONE', ( #6178 ), #3241, .T. ) ;
#5072 = FILL_AREA_STYLE_COLOUR ( '', #1391 ) ;
#5073 = CARTESIAN_POINT ( 'NONE',  ( 0.01934165959544850363, 0.1998031496062995238, 0.1245559781998423626 ) ) ;
#5074 = STYLED_ITEM ( 'NONE', ( #5202 ), #5460 ) ;
#5075 = AXIS2_PLACEMENT_3D ( 'NONE', #204, #4063, #3945 ) ;
#5076 = DIRECTION ( 'NONE',  ( 1.602884491802569361E-15, -1.000000000000000000, 1.644517855226017859E-15 ) ) ;
#5077 = EDGE_LOOP ( 'NONE', ( #6082, #5167, #1944, #5105 ) ) ;
#5078 = DIRECTION ( 'NONE',  ( 1.000000000000000000, 1.602884491802569361E-15, -2.711709361697226329E-31 ) ) ;
#5079 = VERTEX_POINT ( 'NONE', #2275 ) ;
#5080 = CARTESIAN_POINT ( 'NONE',  ( 0.06018589945980290512, 0.1564960629921263169, -0.1253937007874016685 ) ) ;
#5081 = ORIENTED_EDGE ( 'NONE', *, *, #5612, .F. ) ;
#5082 = STYLED_ITEM ( 'NONE', ( #3219 ), #5838 ) ;
#5083 = CARTESIAN_POINT ( 'NONE',  ( -0.007480314960630246417, 0.1998031496062994405, 0.1041338582677163865 ) ) ;
#5084 = CARTESIAN_POINT ( 'NONE',  ( 8.456990371011439557E-17, -0.05413385826771646009, 0.05413385826771680703 ) ) ;
#5085 = PLANE ( 'NONE',  #2573 ) ;
#5086 = CARTESIAN_POINT ( 'NONE',  ( 0.06889763779527559306, 0.008858267716535831934, 0.1702755905511812995 ) ) ;
#5087 = ORIENTED_EDGE ( 'NONE', *, *, #3385, .F. ) ;
#5088 = AXIS2_PLACEMENT_3D ( 'NONE', #4039, #5958, #6043 ) ;
#5089 = CARTESIAN_POINT ( 'NONE',  ( 0.01934165959544850363, 0.1998031496062995516, 0.02455597819984235014 ) ) ;
#5090 = DIRECTION ( 'NONE',  ( 0.0000000000000000000, 1.000000000000000000, -1.644517855226017859E-15 ) ) ;
#5091 = STYLED_ITEM ( 'NONE', ( #4646 ), #275 ) ;
#5092 =( CONVERSION_BASED_UNIT ( 'INCH', #3686 ) LENGTH_UNIT ( ) NAMED_UNIT ( #5188 ) );
#5093 = VECTOR ( 'NONE', #1280, 39.37007874015748854 ) ;
#5094 = PLANE ( 'NONE',  #488 ) ;
#5095 = SURFACE_SIDE_STYLE ('',( #5015 ) ) ;
#5096 =( GEOMETRIC_REPRESENTATION_CONTEXT ( 3 ) GLOBAL_UNCERTAINTY_ASSIGNED_CONTEXT ( ( #883 ) ) GLOBAL_UNIT_ASSIGNED_CONTEXT ( ( #5944, #592, #5915 ) ) REPRESENTATION_CONTEXT ( 'NONE', 'WORKASPACE' ) );
#5097 = DIRECTION ( 'NONE',  ( -1.000000000000000000, -1.602884491802642922E-15, -4.458096893095998546E-14 ) ) ;
#5098 = SURFACE_STYLE_FILL_AREA ( #2734 ) ;
#5099 = COLOUR_RGB ( '',0.7607843137254901578, 0.7607843137254901578, 0.0000000000000000000 ) ;
#5100 = AXIS2_PLACEMENT_3D ( 'NONE', #6080, #3186, #1739 ) ;
#5101 = EDGE_CURVE ( 'NONE', #4889, #2774, #4677, .T. ) ;
#5102 = EDGE_CURVE ( 'NONE', #2387, #4300, #4680, .T. ) ;
#5103 = DIRECTION ( 'NONE',  ( -1.000000000000000000, -1.602884491802569361E-15, 2.711709361697226329E-31 ) ) ;
#5104 =( CONVERSION_BASED_UNIT ( 'INCH', #1764 ) LENGTH_UNIT ( ) NAMED_UNIT ( #492 ) );
#5105 = ORIENTED_EDGE ( 'NONE', *, *, #5974, .T. ) ;
#5106 = CARTESIAN_POINT ( 'NONE',  ( 0.06018589945968484678, 0.1269685039370082591, 0.03366141732283462612 ) ) ;
#5107 =( NAMED_UNIT ( * ) PLANE_ANGLE_UNIT ( ) SI_UNIT ( $, .RADIAN. ) );
#5108 = VERTEX_POINT ( 'NONE', #307 ) ;
#5109 = MECHANICAL_DESIGN_GEOMETRIC_PRESENTATION_REPRESENTATION (  '', ( #5217 ), #2402 ) ;
#5110 = MECHANICAL_DESIGN_GEOMETRIC_PRESENTATION_REPRESENTATION (  '', ( #5624 ), #5845 ) ;
#5111 = FILL_AREA_STYLE ('',( #770 ) ) ;
#5112 = ORIENTED_EDGE ( 'NONE', *, *, #1051, .T. ) ;
#5113 = UNCERTAINTY_MEASURE_WITH_UNIT (LENGTH_MEASURE( 1.000000000000000082E-05 ), #3592, 'distance_accuracy_value', 'NONE');
#5114 = PRESENTATION_LAYER_ASSIGNMENT (  '', '', ( #986 ) ) ;
#5115 = CARTESIAN_POINT ( 'NONE',  ( -0.06889763779527560694, 0.001377952755905669218, 0.1624015748031497897 ) ) ;
#5116 = PLANE ( 'NONE',  #5731 ) ;
#5117 = CARTESIAN_POINT ( 'NONE',  ( 0.01209712494558641202, 0.1269685039370081758, 0.01904002503381884912 ) ) ;
#5118 = VERTEX_POINT ( 'NONE', #4284 ) ;
#5119 =( CONVERSION_BASED_UNIT ( 'INCH', #3617 ) LENGTH_UNIT ( ) NAMED_UNIT ( #3879 ) );
#5120 = AXIS2_PLACEMENT_3D ( 'NONE', #2015, #5968, #4510 ) ;
#5121 = LINE ( 'NONE', #2160, #3256 ) ;
#5122 = ORIENTED_EDGE ( 'NONE', *, *, #2996, .F. ) ;
#5123 = CARTESIAN_POINT ( 'NONE',  ( 0.08720472440944881942, -0.06003937007873985654, 0.1007874015748034119 ) ) ;
#5124 = VECTOR ( 'NONE', #1814, 39.37007874015748143 ) ;
#5125 = SURFACE_STYLE_USAGE ( .BOTH. , #3778 ) ;
#5126 = CARTESIAN_POINT ( 'NONE',  ( 0.1464566929133862272, -0.1722440944881885316, -0.08799212598425146248 ) ) ;
#5127 = CARTESIAN_POINT ( 'NONE',  ( 0.1535433070866144833, -0.1407480314960626311, 0.09311023622047291670 ) ) ;
#5128 = VECTOR ( 'NONE', #970, 39.37007874015748854 ) ;
#5129 = SURFACE_SIDE_STYLE ('',( #3200 ) ) ;
#5130 = FACE_OUTER_BOUND ( 'NONE', #1443, .T. ) ;
#5131 =( LENGTH_UNIT ( ) NAMED_UNIT ( * ) SI_UNIT ( $, .METRE. ) );
#5132 = DIRECTION ( 'NONE',  ( 6.254816746612918849E-10, -1.000000000000000000, 1.644517855226017859E-15 ) ) ;
#5133 =( LENGTH_UNIT ( ) NAMED_UNIT ( * ) SI_UNIT ( $, .METRE. ) );
#5134 = DIRECTION ( 'NONE',  ( 0.7956271577885688506, 2.392722035830078084E-15, 0.6057866173738766236 ) ) ;
#5135 = VERTEX_POINT ( 'NONE', #3734 ) ;
#5136 = PRESENTATION_STYLE_ASSIGNMENT (( #2771 ) ) ;
#5137 = EDGE_CURVE ( 'NONE', #5647, #4616, #3764, .T. ) ;
#5138 = SURFACE_STYLE_USAGE ( .BOTH. , #5621 ) ;
#5139 = ORIENTED_EDGE ( 'NONE', *, *, #4885, .T. ) ;
#5140 = LINE ( 'NONE', #4675, #2145 ) ;
#5141 = EDGE_CURVE ( 'NONE', #2189, #4591, #4192, .T. ) ;
#5142 = ORIENTED_EDGE ( 'NONE', *, *, #3922, .F. ) ;
#5143 = PLANE ( 'NONE',  #5796 ) ;
#5144 = DIMENSIONAL_EXPONENTS ( 1.000000000000000000, 0.0000000000000000000, 0.0000000000000000000, 0.0000000000000000000, 0.0000000000000000000, 0.0000000000000000000, 0.0000000000000000000 ) ;
#5145 = CARTESIAN_POINT ( 'NONE',  ( -0.06929133858267749746, 0.1958661417322836718, 0.1336614173228345137 ) ) ;
#5146 = FILL_AREA_STYLE_COLOUR ( '', #4590 ) ;
#5147 = DIRECTION ( 'NONE',  ( 1.602884491802569361E-15, -1.000000000000000000, 1.644517855226017859E-15 ) ) ;
#5148 = STYLED_ITEM ( 'NONE', ( #2112 ), #3248 ) ;
#5149 = FACE_OUTER_BOUND ( 'NONE', #771, .T. ) ;
#5150 = EDGE_CURVE ( 'NONE', #4262, #5678, #836, .T. ) ;
#5151 = CARTESIAN_POINT ( 'NONE',  ( -2.057162640966502078E-16, 0.1269685039370080926, -0.1458661417322834886 ) ) ;
#5152 = EDGE_LOOP ( 'NONE', ( #5692, #4631, #1367, #1297 ) ) ;
#5153 = PLANE ( 'NONE',  #4147 ) ;
#5154 = DIRECTION ( 'NONE',  ( 1.594929680954371539E-16, -0.09950371902099727772, 0.9950371902099893751 ) ) ;
#5155 =( CONVERSION_BASED_UNIT ( 'INCH', #3195 ) LENGTH_UNIT ( ) NAMED_UNIT ( #4806 ) );
#5156 = DIRECTION ( 'NONE',  ( -2.971649718878751578E-30, 1.644517855226017859E-15, 1.000000000000000000 ) ) ;
#5157 =( GEOMETRIC_REPRESENTATION_CONTEXT ( 3 ) GLOBAL_UNCERTAINTY_ASSIGNED_CONTEXT ( ( #2930 ) ) GLOBAL_UNIT_ASSIGNED_CONTEXT ( ( #5119, #251, #1743 ) ) REPRESENTATION_CONTEXT ( 'NONE', 'WORKASPACE' ) );
#5158 = EDGE_LOOP ( 'NONE', ( #242, #1466, #5471, #990 ) ) ;
#5159 = ORIENTED_EDGE ( 'NONE', *, *, #1318, .T. ) ;
#5160 = PRODUCT_DEFINITION_FORMATION_WITH_SPECIFIED_SOURCE ( 'ANY', '', #1186, .NOT_KNOWN. ) ;
#5161 = CARTESIAN_POINT ( 'NONE',  ( 0.01209712494559023188, 0.1998031496062994683, -0.01077230849836629221 ) ) ;
#5162 = CIRCLE ( 'NONE', #6302, 0.02460629921259842659 ) ;
#5163 = AXIS2_PLACEMENT_3D ( 'NONE', #3935, #5404, #3533 ) ;
#5164 =( NAMED_UNIT ( * ) SI_UNIT ( $, .STERADIAN. ) SOLID_ANGLE_UNIT ( ) );
#5165 = LENGTH_MEASURE_WITH_UNIT ( LENGTH_MEASURE( 0.02539999999999999897 ), #5238 );
#5166 =( NAMED_UNIT ( * ) PLANE_ANGLE_UNIT ( ) SI_UNIT ( $, .RADIAN. ) );
#5167 = ORIENTED_EDGE ( 'NONE', *, *, #6213, .T. ) ;
#5168 = STYLED_ITEM ( 'NONE', ( #5236 ), #3752 ) ;
#5169 = LINE ( 'NONE', #3275, #2847 ) ;
#5170 = ORIENTED_EDGE ( 'NONE', *, *, #1491, .F. ) ;
#5171 =( NAMED_UNIT ( * ) SI_UNIT ( $, .STERADIAN. ) SOLID_ANGLE_UNIT ( ) );
#5172 = VERTEX_POINT ( 'NONE', #4224 ) ;
#5173 = PRESENTATION_LAYER_ASSIGNMENT (  '', '', ( #3990 ) ) ;
#5174 = VECTOR ( 'NONE', #4078, 39.37007874015748143 ) ;
#5175 = ADVANCED_FACE ( 'NONE', ( #1772 ), #3835, .T. ) ;
#5176 = DIRECTION ( 'NONE',  ( -8.495270816029135454E-16, 0.5299989400031901443, 0.8479983040050816934 ) ) ;
#5177 = EDGE_CURVE ( 'NONE', #4538, #3748, #3448, .T. ) ;
#5178 = FILL_AREA_STYLE_COLOUR ( '', #4305 ) ;
#5179 = ORIENTED_EDGE ( 'NONE', *, *, #5229, .F. ) ;
#5180 = LENGTH_MEASURE_WITH_UNIT ( LENGTH_MEASURE( 0.02539999999999999897 ), #5600 );
#5181 = FACE_OUTER_BOUND ( 'NONE', #5498, .T. ) ;
#5182 = ORIENTED_EDGE ( 'NONE', *, *, #5499, .F. ) ;
#5183 = PRESENTATION_STYLE_ASSIGNMENT (( #5669 ) ) ;
#5184 = EDGE_CURVE ( 'NONE', #4065, #3274, #86, .T. ) ;
#5185 = ORIENTED_EDGE ( 'NONE', *, *, #689, .T. ) ;
#5186 = ADVANCED_FACE ( 'NONE', ( #1494 ), #25, .T. ) ;
#5187 = VECTOR ( 'NONE', #5308, 39.37007874015748143 ) ;
#5188 = DIMENSIONAL_EXPONENTS ( 1.000000000000000000, 0.0000000000000000000, 0.0000000000000000000, 0.0000000000000000000, 0.0000000000000000000, 0.0000000000000000000, 0.0000000000000000000 ) ;
#5189 = DIRECTION ( 'NONE',  ( -1.602884491802569361E-15, 1.000000000000000000, -1.644517855226017859E-15 ) ) ;
#5190 = UNCERTAINTY_MEASURE_WITH_UNIT (LENGTH_MEASURE( 1.000000000000000082E-05 ), #5155, 'distance_accuracy_value', 'NONE');
#5191 = ORIENTED_EDGE ( 'NONE', *, *, #5861, .F. ) ;
#5192 = AXIS2_PLACEMENT_3D ( 'NONE', #5632, #3736, #5665 ) ;
#5193 = ORIENTED_EDGE ( 'NONE', *, *, #2984, .T. ) ;
#5194 = EDGE_LOOP ( 'NONE', ( #2122, #2859, #798, #5081, #5646, #65 ) ) ;
#5195 = DIRECTION ( 'NONE',  ( 1.000000000000000000, 1.602884491802569361E-15, -2.711709361697226329E-31 ) ) ;
#5196 = CARTESIAN_POINT ( 'NONE',  ( 0.01934165959543282173, 0.1564960629921262614, 0.1336614173228345692 ) ) ;
#5197 = COLOUR_RGB ( '',1.000000000000000000, 1.000000000000000000, 1.000000000000000000 ) ;
#5198 = CARTESIAN_POINT ( 'NONE',  ( -0.1535433070866141225, -0.02263779527559064975, 0.09311023622047270853 ) ) ;
#5199 =( NAMED_UNIT ( * ) PLANE_ANGLE_UNIT ( ) SI_UNIT ( $, .RADIAN. ) );
#5200 = PLANE ( 'NONE',  #1884 ) ;
#5201 = VECTOR ( 'NONE', #6171, 39.37007874015748143 ) ;
#5202 = PRESENTATION_STYLE_ASSIGNMENT (( #3273 ) ) ;
#5203 = ORIENTED_EDGE ( 'NONE', *, *, #524, .F. ) ;
#5204 = LENGTH_MEASURE_WITH_UNIT ( LENGTH_MEASURE( 0.02539999999999999897 ), #830 );
#5205 =( NAMED_UNIT ( * ) PLANE_ANGLE_UNIT ( ) SI_UNIT ( $, .RADIAN. ) );
#5206 = ORIENTED_EDGE ( 'NONE', *, *, #272, .F. ) ;
#5207 = TOROIDAL_SURFACE ( 'NONE', #3933, 0.02854330708661417110, 0.003937007874015747977 ) ;
#5208 = COLOUR_RGB ( '',0.7607843137254901578, 0.7607843137254901578, 0.0000000000000000000 ) ;
#5209 = DIRECTION ( 'NONE',  ( -2.348093788196917952E-30, 1.644517855226018450E-15, 1.000000000000000000 ) ) ;
#5210 = FILL_AREA_STYLE_COLOUR ( '', #2506 ) ;
#5211 = VECTOR ( 'NONE', #5771, 39.37007874015748854 ) ;
#5212 = LENGTH_MEASURE_WITH_UNIT ( LENGTH_MEASURE( 0.02539999999999999897 ), #5700 );
#5213 = CARTESIAN_POINT ( 'NONE',  ( -0.1535433070866145111, 0.2273622047244093780, 0.05413385826771639764 ) ) ;
#5214 = ORIENTED_EDGE ( 'NONE', *, *, #1492, .T. ) ;
#5215 = EDGE_CURVE ( 'NONE', #5737, #3539, #1585, .T. ) ;
#5216 = DIRECTION ( 'NONE',  ( 1.602884491802569361E-15, -1.000000000000000000, 1.644517855226018450E-15 ) ) ;
#5217 = STYLED_ITEM ( 'NONE', ( #5827 ), #2172 ) ;
#5218 = ORIENTED_EDGE ( 'NONE', *, *, #6297, .T. ) ;
#5219 = COLOUR_RGB ( '',0.7607843137254901578, 0.7607843137254901578, 0.0000000000000000000 ) ;
#5220 = ORIENTED_EDGE ( 'NONE', *, *, #2335, .T. ) ;
#5221 = CARTESIAN_POINT ( 'NONE',  ( 0.01522951533057842477, 0.1998031496062995516, 0.02142501171637779464 ) ) ;
#5222 = CARTESIAN_POINT ( 'NONE',  ( 0.01209712494559034984, 0.1269685039370081203, -0.01077230849836617599 ) ) ;
#5223 = CARTESIAN_POINT ( 'NONE',  ( 0.1464566929133859496, -0.02263779527559010157, 0.01515748031496088298 ) ) ;
#5224 = MECHANICAL_DESIGN_GEOMETRIC_PRESENTATION_REPRESENTATION (  '', ( #339 ), #2406 ) ;
#5225 =( GEOMETRIC_REPRESENTATION_CONTEXT ( 3 ) GLOBAL_UNCERTAINTY_ASSIGNED_CONTEXT ( ( #5835 ) ) GLOBAL_UNIT_ASSIGNED_CONTEXT ( ( #647, #104, #1625 ) ) REPRESENTATION_CONTEXT ( 'NONE', 'WORKASPACE' ) );
#5226 = EDGE_CURVE ( 'NONE', #1224, #2065, #1007, .T. ) ;
#5227 = DIRECTION ( 'NONE',  ( 2.348093788196917952E-30, -1.644517855226018450E-15, -1.000000000000000000 ) ) ;
#5228 = EDGE_CURVE ( 'NONE', #3368, #734, #544, .T. ) ;
#5229 = EDGE_CURVE ( 'NONE', #5411, #844, #4288, .T. ) ;
#5230 =( NAMED_UNIT ( * ) PLANE_ANGLE_UNIT ( ) SI_UNIT ( $, .RADIAN. ) );
#5231 = ORIENTED_EDGE ( 'NONE', *, *, #4117, .T. ) ;
#5232 = ORIENTED_EDGE ( 'NONE', *, *, #5383, .F. ) ;
#5233 = ORIENTED_EDGE ( 'NONE', *, *, #4885, .F. ) ;
#5234 =( LENGTH_UNIT ( ) NAMED_UNIT ( * ) SI_UNIT ( $, .METRE. ) );
#5235 = VECTOR ( 'NONE', #71, 39.37007874015748143 ) ;
#5236 = PRESENTATION_STYLE_ASSIGNMENT (( #4802 ) ) ;
#5237 = DIRECTION ( 'NONE',  ( 1.000000000000000000, 1.602884491802569361E-15, -2.711709361697226329E-31 ) ) ;
#5238 =( LENGTH_UNIT ( ) NAMED_UNIT ( * ) SI_UNIT ( $, .METRE. ) );
#5239 = DIMENSIONAL_EXPONENTS ( 1.000000000000000000, 0.0000000000000000000, 0.0000000000000000000, 0.0000000000000000000, 0.0000000000000000000, 0.0000000000000000000, 0.0000000000000000000 ) ;
#5240 = VECTOR ( 'NONE', #1993, 39.37007874015748143 ) ;
#5241 = CARTESIAN_POINT ( 'NONE',  ( 0.1535433070866143168, -0.02263779527559008770, 0.01515748031496088298 ) ) ;
#5242 = LINE ( 'NONE', #6140, #1659 ) ;
#5243 = PRESENTATION_STYLE_ASSIGNMENT (( #795 ) ) ;
#5244 =( CONVERSION_BASED_UNIT ( 'INCH', #3832 ) LENGTH_UNIT ( ) NAMED_UNIT ( #1984 ) );
#5245 = CARTESIAN_POINT ( 'NONE',  ( -0.007480314960630130190, 0.1269685039370080926, 0.1041338582677165114 ) ) ;
#5246 =( NAMED_UNIT ( * ) PLANE_ANGLE_UNIT ( ) SI_UNIT ( $, .RADIAN. ) );
#5247 = ORIENTED_EDGE ( 'NONE', *, *, #1955, .T. ) ;
#5248 = DIRECTION ( 'NONE',  ( -1.602884491802569361E-15, 1.000000000000000000, -1.644517855226017859E-15 ) ) ;
#5249 = ORIENTED_EDGE ( 'NONE', *, *, #2994, .T. ) ;
#5250 = UNCERTAINTY_MEASURE_WITH_UNIT (LENGTH_MEASURE( 1.000000000000000082E-05 ), #4513, 'distance_accuracy_value', 'NONE');
#5251 = STYLED_ITEM ( 'NONE', ( #3167 ), #3338 ) ;
#5252 = ORIENTED_EDGE ( 'NONE', *, *, #4696, .T. ) ;
#5253 = LINE ( 'NONE', #916, #6238 ) ;
#5254 =( NAMED_UNIT ( * ) PLANE_ANGLE_UNIT ( ) SI_UNIT ( $, .RADIAN. ) );
#5255 = CARTESIAN_POINT ( 'NONE',  ( -0.06889763779527563470, 0.008858267716535601216, 0.1624015748031497619 ) ) ;
#5256 = UNCERTAINTY_MEASURE_WITH_UNIT (LENGTH_MEASURE( 1.000000000000000082E-05 ), #1296, 'distance_accuracy_value', 'NONE');
#5257 = EDGE_LOOP ( 'NONE', ( #3581, #4975, #6192, #4664 ) ) ;
#5258 = ADVANCED_FACE ( 'NONE', ( #3940 ), #399, .T. ) ;
#5259 = ORIENTED_EDGE ( 'NONE', *, *, #1613, .T. ) ;
#5260 = ORIENTED_EDGE ( 'NONE', *, *, #4126, .T. ) ;
#5261 = SURFACE_STYLE_USAGE ( .BOTH. , #1444 ) ;
#5262 = EDGE_CURVE ( 'NONE', #4220, #856, #4445, .T. ) ;
#5263 = DIRECTION ( 'NONE',  ( 2.348093788196917952E-30, -1.644517855226018450E-15, -1.000000000000000000 ) ) ;
#5264 = FILL_AREA_STYLE ('',( #4410 ) ) ;
#5265 = LINE ( 'NONE', #3471, #3728 ) ;
#5266 = LINE ( 'NONE', #935, #5201 ) ;
#5267 =( CONVERSION_BASED_UNIT ( 'INCH', #5402 ) LENGTH_UNIT ( ) NAMED_UNIT ( #1537 ) );
#5268 = ADVANCED_FACE ( 'NONE', ( #1672 ), #2869, .T. ) ;
#5269 =( NAMED_UNIT ( * ) SI_UNIT ( $, .STERADIAN. ) SOLID_ANGLE_UNIT ( ) );
#5270 = AXIS2_PLACEMENT_3D ( 'NONE', #453, #5216, #5313 ) ;
#5271 = DIRECTION ( 'NONE',  ( -1.000000000000000000, -1.602884491802569361E-15, 2.711709361697224578E-31 ) ) ;
#5272 = AXIS2_PLACEMENT_3D ( 'NONE', #2027, #173, #1614 ) ;
#5273 = ORIENTED_EDGE ( 'NONE', *, *, #652, .F. ) ;
#5274 =( GEOMETRIC_REPRESENTATION_CONTEXT ( 3 ) GLOBAL_UNCERTAINTY_ASSIGNED_CONTEXT ( ( #4624 ) ) GLOBAL_UNIT_ASSIGNED_CONTEXT ( ( #3309, #1991, #2900 ) ) REPRESENTATION_CONTEXT ( 'NONE', 'WORKASPACE' ) );
#5275 = STYLED_ITEM ( 'NONE', ( #787 ), #3847 ) ;
#5276 = DIRECTION ( 'NONE',  ( -2.348093788196917952E-30, 1.644517855226018450E-15, 1.000000000000000000 ) ) ;
#5277 = DIMENSIONAL_EXPONENTS ( 1.000000000000000000, 0.0000000000000000000, 0.0000000000000000000, 0.0000000000000000000, 0.0000000000000000000, 0.0000000000000000000, 0.0000000000000000000 ) ;
#5278 = CARTESIAN_POINT ( 'NONE',  ( -0.08720472440944881942, -0.06003937007874013410, 0.1007874015748034119 ) ) ;
#5279 =( CONVERSION_BASED_UNIT ( 'INCH', #1462 ) LENGTH_UNIT ( ) NAMED_UNIT ( #2876 ) );
#5280 = ORIENTED_EDGE ( 'NONE', *, *, #1604, .F. ) ;
#5281 = AXIS2_PLACEMENT_3D ( 'NONE', #4255, #4779, #442 ) ;
#5282 = DIRECTION ( 'NONE',  ( 1.602884491802569361E-15, -1.000000000000000000, 1.644517855226017859E-15 ) ) ;
#5283 = VERTEX_POINT ( 'NONE', #3662 ) ;
#5284 = AXIS2_PLACEMENT_3D ( 'NONE', #2938, #5858, #3962 ) ;
#5285 = VECTOR ( 'NONE', #5097, 39.37007874015748143 ) ;
#5286 = EDGE_LOOP ( 'NONE', ( #4475, #3819, #1976, #1175 ) ) ;
#5287 = SURFACE_STYLE_FILL_AREA ( #847 ) ;
#5288 =( LENGTH_UNIT ( ) NAMED_UNIT ( * ) SI_UNIT ( $, .METRE. ) );
#5289 = CARTESIAN_POINT ( 'NONE',  ( -0.1464566929133855611, -0.1722440944881890590, 0.1120078740157485764 ) ) ;
#5290 = PLANE ( 'NONE',  #5120 ) ;
#5291 = ORIENTED_EDGE ( 'NONE', *, *, #1285, .T. ) ;
#5292 = DIMENSIONAL_EXPONENTS ( 1.000000000000000000, 0.0000000000000000000, 0.0000000000000000000, 0.0000000000000000000, 0.0000000000000000000, 0.0000000000000000000, 0.0000000000000000000 ) ;
#5293 = ORIENTED_EDGE ( 'NONE', *, *, #5425, .T. ) ;
#5294 =( NAMED_UNIT ( * ) SI_UNIT ( $, .STERADIAN. ) SOLID_ANGLE_UNIT ( ) );
#5295 = VECTOR ( 'NONE', #675, 39.37007874015748143 ) ;
#5296 = DIRECTION ( 'NONE',  ( 0.7213327287317047309, 1.723857615967974480E-17, -0.6925886906819032074 ) ) ;
#5297 = DIRECTION ( 'NONE',  ( -2.348093788196917952E-30, 1.644517855226018450E-15, 1.000000000000000000 ) ) ;
#5298 = MECHANICAL_DESIGN_GEOMETRIC_PRESENTATION_REPRESENTATION (  '', ( #3483 ), #4209 ) ;
#5299 = CARTESIAN_POINT ( 'NONE',  ( 0.06018589945968472882, 0.2037401574803153481, 0.1297244094488187449 ) ) ;
#5300 = SURFACE_SIDE_STYLE ('',( #22 ) ) ;
#5301 =( NAMED_UNIT ( * ) PLANE_ANGLE_UNIT ( ) SI_UNIT ( $, .RADIAN. ) );
#5302 = PLANE ( 'NONE',  #386 ) ;
#5303 = EDGE_CURVE ( 'NONE', #124, #3103, #5022, .T. ) ;
#5304 = ADVANCED_FACE ( 'NONE', ( #4123 ), #4495, .T. ) ;
#5305 = VECTOR ( 'NONE', #4773, 39.37007874015748143 ) ;
#5306 = LENGTH_MEASURE_WITH_UNIT ( LENGTH_MEASURE( 0.02539999999999999897 ), #6277 );
#5307 =( NAMED_UNIT ( * ) SI_UNIT ( $, .STERADIAN. ) SOLID_ANGLE_UNIT ( ) );
#5308 = DIRECTION ( 'NONE',  ( 1.594929680954394613E-15, -0.9950371902099890420, 0.09950371902100052512 ) ) ;
#5309 = CARTESIAN_POINT ( 'NONE',  ( -0.04940944881889766660, -0.06003937007874007858, 0.1007874015748034119 ) ) ;
#5310 = CARTESIAN_POINT ( 'NONE',  ( 0.06429804372452725680, 0.1998031496062996348, -0.07857498828362222132 ) ) ;
#5311 = AXIS2_PLACEMENT_3D ( 'NONE', #3526, #2080, #1603 ) ;
#5312 = SURFACE_STYLE_USAGE ( .BOTH. , #2 ) ;
#5313 = DIRECTION ( 'NONE',  ( -2.348093788196917952E-30, 1.644517855226018450E-15, 1.000000000000000000 ) ) ;
#5314 = ORIENTED_EDGE ( 'NONE', *, *, #2957, .F. ) ;
#5315 = VECTOR ( 'NONE', #3388, 39.37007874015748143 ) ;
#5316 = EDGE_LOOP ( 'NONE', ( #112, #1323, #4755, #3802 ) ) ;
#5317 = SURFACE_SIDE_STYLE ('',( #1533 ) ) ;
#5318 = CARTESIAN_POINT ( 'NONE',  ( 0.06743043410952737071, 0.1269685039370081758, 0.08922769150163775698 ) ) ;
#5319 = ORIENTED_EDGE ( 'NONE', *, *, #3575, .F. ) ;
#5320 = DIMENSIONAL_EXPONENTS ( 1.000000000000000000, 0.0000000000000000000, 0.0000000000000000000, 0.0000000000000000000, 0.0000000000000000000, 0.0000000000000000000, 0.0000000000000000000 ) ;
#5321 = MECHANICAL_DESIGN_GEOMETRIC_PRESENTATION_REPRESENTATION (  '', ( #1790 ), #5017 ) ;
#5322 =( GEOMETRIC_REPRESENTATION_CONTEXT ( 3 ) GLOBAL_UNCERTAINTY_ASSIGNED_CONTEXT ( ( #1530 ) ) GLOBAL_UNIT_ASSIGNED_CONTEXT ( ( #3570, #4740, #5468 ) ) REPRESENTATION_CONTEXT ( 'NONE', 'WORKASPACE' ) );
#5323 = SURFACE_STYLE_USAGE ( .BOTH. , #6260 ) ;
#5324 = LINE ( 'NONE', #6222, #3823 ) ;
#5325 = ORIENTED_EDGE ( 'NONE', *, *, #4769, .T. ) ;
#5326 =( NAMED_UNIT ( * ) PLANE_ANGLE_UNIT ( ) SI_UNIT ( $, .RADIAN. ) );
#5327 = ORIENTED_EDGE ( 'NONE', *, *, #4282, .F. ) ;
#5328 = LINE ( 'NONE', #3989, #228 ) ;
#5329 = CIRCLE ( 'NONE', #5026, 0.005168431248992127504 ) ;
#5330 = PLANE ( 'NONE',  #5738 ) ;
#5331 = LINE ( 'NONE', #1484, #506 ) ;
#5332 = FILL_AREA_STYLE_COLOUR ( '', #4625 ) ;
#5333 = LINE ( 'NONE', #2902, #1612 ) ;
#5334 = FILL_AREA_STYLE_COLOUR ( '', #5009 ) ;
#5335 =( NAMED_UNIT ( * ) PLANE_ANGLE_UNIT ( ) SI_UNIT ( $, .RADIAN. ) );
#5336 = STYLED_ITEM ( 'NONE', ( #162 ), #2758 ) ;
#5337 = DIRECTION ( 'NONE',  ( -1.000000000000000000, -1.602884491802569361E-15, 2.711709361697226329E-31 ) ) ;
#5338 = DIRECTION ( 'NONE',  ( 0.0000000000000000000, 0.0000000000000000000, 1.000000000000000000 ) ) ;
#5339 = DIRECTION ( 'NONE',  ( -0.7956271577886172564, -2.775557561562892140E-15, -0.6057866173738131188 ) ) ;
#5340 = ORIENTED_EDGE ( 'NONE', *, *, #2036, .F. ) ;
#5341 = CARTESIAN_POINT ( 'NONE',  ( 0.1535433070866144833, -0.1407480314960625756, 0.01515748031496108768 ) ) ;
#5342 = EDGE_CURVE ( 'NONE', #734, #2833, #3567, .T. ) ;
#5343 = DIRECTION ( 'NONE',  ( -1.594929680954395007E-15, 0.9950371902099891530, 0.09950371902099724997 ) ) ;
#5344 = CARTESIAN_POINT ( 'NONE',  ( -0.1464566929133855888, -0.1407480314960631029, 0.1151574803149610915 ) ) ;
#5345 = LINE ( 'NONE', #2093, #4822 ) ;
#5346 = DIRECTION ( 'NONE',  ( 1.000000000000000000, 1.602884491802569361E-15, 2.711709361697224578E-31 ) ) ;
#5347 = ADVANCED_FACE ( 'NONE', ( #3535 ), #5465, .T. ) ;
#5348 = ORIENTED_EDGE ( 'NONE', *, *, #5500, .T. ) ;
#5349 = ORIENTED_EDGE ( 'NONE', *, *, #1536, .F. ) ;
#5350 =( LENGTH_UNIT ( ) NAMED_UNIT ( * ) SI_UNIT ( $, .METRE. ) );
#5351 = DIRECTION ( 'NONE',  ( 0.0000000000000000000, -1.875148439272792120E-15, -1.000000000000000000 ) ) ;
#5352 = SURFACE_STYLE_FILL_AREA ( #2012 ) ;
#5353 = VERTEX_POINT ( 'NONE', #4526 ) ;
#5354 = EDGE_CURVE ( 'NONE', #2623, #6227, #2119, .T. ) ;
#5355 = CARTESIAN_POINT ( 'NONE',  ( 0.1948818897637793202, 0.1564960629921266222, 0.1820866141732282728 ) ) ;
#5356 =( LENGTH_UNIT ( ) NAMED_UNIT ( * ) SI_UNIT ( $, .METRE. ) );
#5357 =( GEOMETRIC_REPRESENTATION_CONTEXT ( 3 ) GLOBAL_UNCERTAINTY_ASSIGNED_CONTEXT ( ( #799 ) ) GLOBAL_UNIT_ASSIGNED_CONTEXT ( ( #2878, #403, #5790 ) ) REPRESENTATION_CONTEXT ( 'NONE', 'WORKASPACE' ) );
#5358 = ORIENTED_EDGE ( 'NONE', *, *, #5702, .T. ) ;
#5359 = DIRECTION ( 'NONE',  ( 1.000000000000000000, 1.581128168208027365E-15, 0.0000000000000000000 ) ) ;
#5360 = VERTEX_POINT ( 'NONE', #1159 ) ;
#5361 = SURFACE_SIDE_STYLE ('',( #532 ) ) ;
#5362 = CARTESIAN_POINT ( 'NONE',  ( -0.1464566929133855611, -0.1722440944881890312, 0.01515748031496113972 ) ) ;
#5363 = SURFACE_SIDE_STYLE ('',( #927 ) ) ;
#5364 = FACE_OUTER_BOUND ( 'NONE', #915, .T. ) ;
#5365 = CARTESIAN_POINT ( 'NONE',  ( 0.04940944881889762497, -0.05413385826771630049, 0.1007874015748034119 ) ) ;
#5366 = DIMENSIONAL_EXPONENTS ( 1.000000000000000000, 0.0000000000000000000, 0.0000000000000000000, 0.0000000000000000000, 0.0000000000000000000, 0.0000000000000000000, 0.0000000000000000000 ) ;
#5367 = DIRECTION ( 'NONE',  ( 2.348093788196917952E-30, -1.644517855226018450E-15, -1.000000000000000000 ) ) ;
#5368 = CARTESIAN_POINT ( 'NONE',  ( 0.08700787401574779090, 0.1643700787401578267, 0.1041338582677164837 ) ) ;
#5369 = STYLED_ITEM ( 'NONE', ( #5633 ), #6255 ) ;
#5370 = PLANE ( 'NONE',  #2838 ) ;
#5371 = CARTESIAN_POINT ( 'NONE',  ( 0.06929133858267698398, 0.1269685039370081758, -0.02539370078740161782 ) ) ;
#5372 = CARTESIAN_POINT ( 'NONE',  ( 0.06929133858267692847, 0.1564960629921263169, -0.1253937007874016685 ) ) ;
#5373 = PRESENTATION_LAYER_ASSIGNMENT (  '', '', ( #5381 ) ) ;
#5374 = DIRECTION ( 'NONE',  ( 1.602884491802569361E-15, -1.000000000000000000, 1.644517855226017859E-15 ) ) ;
#5375 = DIRECTION ( 'NONE',  ( -1.602884491802569361E-15, 1.000000000000000000, -1.644517855226017859E-15 ) ) ;
#5376 = DIRECTION ( 'NONE',  ( -0.7956271577887868984, 0.0000000000000000000, 0.6057866173735905191 ) ) ;
#5377 = CARTESIAN_POINT ( 'NONE',  ( -0.06889763779527560694, 0.001377952755905703262, 0.1820866141732285226 ) ) ;
#5378 = VECTOR ( 'NONE', #4835, 39.37007874015748143 ) ;
#5379 = EDGE_CURVE ( 'NONE', #2102, #3103, #4556, .T. ) ;
#5380 =( NAMED_UNIT ( * ) SI_UNIT ( $, .STERADIAN. ) SOLID_ANGLE_UNIT ( ) );
#5381 = STYLED_ITEM ( 'NONE', ( #1758 ), #3689 ) ;
#5382 = UNCERTAINTY_MEASURE_WITH_UNIT (LENGTH_MEASURE( 1.000000000000000082E-05 ), #2276, 'distance_accuracy_value', 'NONE');
#5383 = EDGE_CURVE ( 'NONE', #3257, #2547, #2365, .T. ) ;
#5384 = EDGE_LOOP ( 'NONE', ( #3455, #1437, #357, #3908, #5159, #4164 ) ) ;
#5385 = EDGE_LOOP ( 'NONE', ( #922, #989, #1983, #6144 ) ) ;
#5386 =( NAMED_UNIT ( * ) PLANE_ANGLE_UNIT ( ) SI_UNIT ( $, .RADIAN. ) );
#5387 = CARTESIAN_POINT ( 'NONE',  ( 0.01209712494558641202, 0.1269685039370081758, 0.01904002503381884912 ) ) ;
#5388 = ORIENTED_EDGE ( 'NONE', *, *, #4404, .F. ) ;
#5389 = CARTESIAN_POINT ( 'NONE',  ( -0.1535433070866139282, -0.1407480314960631029, 0.01515748031496108768 ) ) ;
#5390 = EDGE_CURVE ( 'NONE', #4726, #2962, #5911, .T. ) ;
#5391 = EDGE_CURVE ( 'NONE', #2125, #43, #5242, .T. ) ;
#5392 = VERTEX_POINT ( 'NONE', #3828 ) ;
#5393 = SURFACE_SIDE_STYLE ('',( #3401 ) ) ;
#5394 = ORIENTED_EDGE ( 'NONE', *, *, #1360, .T. ) ;
#5395 = CARTESIAN_POINT ( 'NONE',  ( 0.1535433070866144833, -0.1407480314960626033, -0.006889763779527091452 ) ) ;
#5396 = AXIS2_PLACEMENT_3D ( 'NONE', #4908, #4045, #1981 ) ;
#5397 = DIRECTION ( 'NONE',  ( 1.000000000000000000, 1.602884491802569361E-15, -2.711709361697224578E-31 ) ) ;
#5398 = SURFACE_STYLE_FILL_AREA ( #1547 ) ;
#5399 = CARTESIAN_POINT ( 'NONE',  ( 0.06122681038629890909, 0.1998031496062996348, 0.02972440944881874630 ) ) ;
#5400 = CIRCLE ( 'NONE', #2976, 0.003937007874015741038 ) ;
#5401 = DIRECTION ( 'NONE',  ( 1.602884491802569361E-15, -1.000000000000000000, 1.548860246407864322E-15 ) ) ;
#5402 = LENGTH_MEASURE_WITH_UNIT ( LENGTH_MEASURE( 0.02539999999999999897 ), #3995 );
#5403 = STYLED_ITEM ( 'NONE', ( #1973 ), #137 ) ;
#5404 = DIRECTION ( 'NONE',  ( -1.602884491802569361E-15, 1.000000000000000000, -1.644517855226017859E-15 ) ) ;
#5405 = CARTESIAN_POINT ( 'NONE',  ( -0.1464566929133855611, -0.1722440944881890590, 0.1151574803149611470 ) ) ;
#5406 = CARTESIAN_POINT ( 'NONE',  ( -0.1464566929133855888, -0.1407480314960630752, -0.1068897637795270944 ) ) ;
#5407 = AXIS2_PLACEMENT_3D ( 'NONE', #2206, #298, #1314 ) ;
#5408 = CARTESIAN_POINT ( 'NONE',  ( 0.06929133858267687296, 0.1958661417322839216, -0.06633858267716551127 ) ) ;
#5409 = LINE ( 'NONE', #91, #441 ) ;
#5410 = FACE_OUTER_BOUND ( 'NONE', #1042, .T. ) ;
#5411 = VERTEX_POINT ( 'NONE', #3236 ) ;
#5412 = ORIENTED_EDGE ( 'NONE', *, *, #3532, .F. ) ;
#5413 = EDGE_LOOP ( 'NONE', ( #4905, #4040, #2212, #1340 ) ) ;
#5414 = CARTESIAN_POINT ( 'NONE',  ( -0.007480314960630246417, 0.1998031496062994683, 0.004133858267716384455 ) ) ;
#5415 =( GEOMETRIC_REPRESENTATION_CONTEXT ( 3 ) GLOBAL_UNCERTAINTY_ASSIGNED_CONTEXT ( ( #419 ) ) GLOBAL_UNIT_ASSIGNED_CONTEXT ( ( #2811, #6272, #6234 ) ) REPRESENTATION_CONTEXT ( 'NONE', 'WORKASPACE' ) );
#5416 = EDGE_CURVE ( 'NONE', #3048, #8, #2842, .T. ) ;
#5417 = EDGE_LOOP ( 'NONE', ( #6203, #2867, #2315, #5850 ) ) ;
#5418 = LINE ( 'NONE', #5355, #4190 ) ;
#5419 = CIRCLE ( 'NONE', #2186, 0.009105439123007872879 ) ;
#5420 =( GEOMETRIC_REPRESENTATION_CONTEXT ( 3 ) GLOBAL_UNCERTAINTY_ASSIGNED_CONTEXT ( ( #2979 ) ) GLOBAL_UNIT_ASSIGNED_CONTEXT ( ( #467, #965, #5294 ) ) REPRESENTATION_CONTEXT ( 'NONE', 'WORKASPACE' ) );
#5421 = VERTEX_POINT ( 'NONE', #764 ) ;
#5422 = CARTESIAN_POINT ( 'NONE',  ( 0.1952755905511816270, -0.02263779527559002525, -0.1068897637795273164 ) ) ;
#5423 = EDGE_LOOP ( 'NONE', ( #579, #5907, #1475, #4329 ) ) ;
#5424 = DIRECTION ( 'NONE',  ( 1.602884491802569361E-15, -1.000000000000000000, 1.644517855226017859E-15 ) ) ;
#5425 = EDGE_CURVE ( 'NONE', #4747, #4996, #332, .T. ) ;
#5426 = VECTOR ( 'NONE', #2644, 39.37007874015748143 ) ;
#5427 = CARTESIAN_POINT ( 'NONE',  ( -0.1464566929133855611, -0.1722440944881890035, -0.08799212598425146248 ) ) ;
#5428 = PRESENTATION_LAYER_ASSIGNMENT (  '', '', ( #3406 ) ) ;
#5429 = EDGE_CURVE ( 'NONE', #3042, #2439, #4276, .T. ) ;
#5430 = EDGE_CURVE ( 'NONE', #2682, #3948, #299, .T. ) ;
#5431 = CARTESIAN_POINT ( 'NONE',  ( -0.007480314960630246417, 0.1998031496062995238, -0.09586614173228362457 ) ) ;
#5432 = DIRECTION ( 'NONE',  ( 1.602884491802569361E-15, -1.000000000000000000, 1.644517855226018450E-15 ) ) ;
#5433 = PRESENTATION_LAYER_ASSIGNMENT (  '', '', ( #3308 ) ) ;
#5434 = VECTOR ( 'NONE', #2108, 39.37007874015748143 ) ;
#5435 = DIRECTION ( 'NONE',  ( 1.000000000000000000, 1.602884491802569361E-15, 1.766520851300183685E-16 ) ) ;
#5436 = PRESENTATION_LAYER_ASSIGNMENT (  '', '', ( #1903 ) ) ;
#5437 = DIRECTION ( 'NONE',  ( -0.7956271577887872315, 0.0000000000000000000, 0.6057866173735899640 ) ) ;
#5438 = SURFACE_STYLE_FILL_AREA ( #5489 ) ;
#5439 = FACE_OUTER_BOUND ( 'NONE', #4034, .T. ) ;
#5440 = COLOUR_RGB ( '',1.000000000000000000, 1.000000000000000000, 1.000000000000000000 ) ;
#5441 = ORIENTED_EDGE ( 'NONE', *, *, #5897, .T. ) ;
#5442 = CARTESIAN_POINT ( 'NONE',  ( 0.08700787401574773539, 0.2037401574803153759, 0.004133858267716384455 ) ) ;
#5443 = DIRECTION ( 'NONE',  ( 2.348093788196917952E-30, -1.644517855226018450E-15, -1.000000000000000000 ) ) ;
#5444 = DIRECTION ( 'NONE',  ( -1.000000000000000000, -1.602884491802569361E-15, 2.711709361697226329E-31 ) ) ;
#5445 = ORIENTED_EDGE ( 'NONE', *, *, #2604, .T. ) ;
#5446 = UNCERTAINTY_MEASURE_WITH_UNIT (LENGTH_MEASURE( 1.000000000000000082E-05 ), #636, 'distance_accuracy_value', 'NONE');
#5447 = ORIENTED_EDGE ( 'NONE', *, *, #5464, .F. ) ;
#5448 = ORIENTED_EDGE ( 'NONE', *, *, #5430, .T. ) ;
#5449 = DIRECTION ( 'NONE',  ( 0.0000000000000000000, 0.0000000000000000000, 1.000000000000000000 ) ) ;
#5450 = ORIENTED_EDGE ( 'NONE', *, *, #107, .T. ) ;
#5451 = DIRECTION ( 'NONE',  ( -1.000000000000000000, -1.602884491802569361E-15, 2.711709361697226329E-31 ) ) ;
#5452 =( CONVERSION_BASED_UNIT ( 'INCH', #3522 ) LENGTH_UNIT ( ) NAMED_UNIT ( #3704 ) );
#5453 = PRESENTATION_STYLE_ASSIGNMENT (( #1660 ) ) ;
#5454 = ORIENTED_EDGE ( 'NONE', *, *, #5342, .F. ) ;
#5455 = SURFACE_STYLE_FILL_AREA ( #3026 ) ;
#5456 = DIRECTION ( 'NONE',  ( -2.348093788196917952E-30, 1.644517855226018450E-15, 1.000000000000000000 ) ) ;
#5457 =( NAMED_UNIT ( * ) PLANE_ANGLE_UNIT ( ) SI_UNIT ( $, .RADIAN. ) );
#5458 = ADVANCED_FACE ( 'NONE', ( #2305 ), #195, .T. ) ;
#5459 = CARTESIAN_POINT ( 'NONE',  ( 0.1535433070866143168, -0.02263779527559011892, 0.1151574803149608972 ) ) ;
#5460 = ADVANCED_FACE ( 'NONE', ( #3314 ), #2268, .F. ) ;
#5461 = DIRECTION ( 'NONE',  ( -0.7715274047096021270, -2.282905139954359211E-15, -0.6361960890968018090 ) ) ;
#5462 = DIMENSIONAL_EXPONENTS ( 1.000000000000000000, 0.0000000000000000000, 0.0000000000000000000, 0.0000000000000000000, 0.0000000000000000000, 0.0000000000000000000, 0.0000000000000000000 ) ;
#5463 =( LENGTH_UNIT ( ) NAMED_UNIT ( * ) SI_UNIT ( $, .METRE. ) );
#5464 = EDGE_CURVE ( 'NONE', #1855, #73, #2063, .T. ) ;
#5465 = PLANE ( 'NONE',  #3260 ) ;
#5466 = VERTEX_POINT ( 'NONE', #53 ) ;
#5467 = DIRECTION ( 'NONE',  ( -0.7956271577885695168, 0.0000000000000000000, -0.6057866173738759574 ) ) ;
#5468 =( NAMED_UNIT ( * ) SI_UNIT ( $, .STERADIAN. ) SOLID_ANGLE_UNIT ( ) );
#5469 = DIRECTION ( 'NONE',  ( 1.602884491802569361E-15, -1.000000000000000000, 1.644517855226017859E-15 ) ) ;
#5470 = ORIENTED_EDGE ( 'NONE', *, *, #208, .F. ) ;
#5471 = ORIENTED_EDGE ( 'NONE', *, *, #2335, .F. ) ;
#5472 = DIRECTION ( 'NONE',  ( 2.348093788196917952E-30, -1.644517855226018450E-15, -1.000000000000000000 ) ) ;
#5473 = ORIENTED_EDGE ( 'NONE', *, *, #4322, .T. ) ;
#5474 = DIRECTION ( 'NONE',  ( -0.7956271577886172564, -2.775557561562892140E-15, -0.6057866173738131188 ) ) ;
#5475 = CARTESIAN_POINT ( 'NONE',  ( 0.01934165959543282173, 0.1564960629921263169, 0.03366141732283457061 ) ) ;
#5476 = ORIENTED_EDGE ( 'NONE', *, *, #17, .F. ) ;
#5477 = CARTESIAN_POINT ( 'NONE',  ( 0.06929133858267692847, 0.1564960629921263169, -0.1253937007874016685 ) ) ;
#5478 = FILL_AREA_STYLE_COLOUR ( '', #3520 ) ;
#5479 = PRESENTATION_LAYER_ASSIGNMENT (  '', '', ( #3146 ) ) ;
#5480 = VECTOR ( 'NONE', #4206, 39.37007874015748143 ) ;
#5481 = CARTESIAN_POINT ( 'NONE',  ( 0.04940944881889763191, -0.06003937007873992593, 0.1007874015748034119 ) ) ;
#5482 = FILL_AREA_STYLE ('',( #3550 ) ) ;
#5483 = VECTOR ( 'NONE', #5556, 39.37007874015748143 ) ;
#5484 = AXIS2_PLACEMENT_3D ( 'NONE', #4483, #5451, #4456 ) ;
#5485 = LINE ( 'NONE', #658, #2199 ) ;
#5486 = VECTOR ( 'NONE', #398, 39.37007874015748143 ) ;
#5487 = ADVANCED_FACE ( 'NONE', ( #5887 ), #4346, .F. ) ;
#5488 = DIRECTION ( 'NONE',  ( -1.000000000000000000, -1.602884491802569361E-15, 2.711709361697226329E-31 ) ) ;
#5489 = FILL_AREA_STYLE ('',( #2117 ) ) ;
#5490 = STYLED_ITEM ( 'NONE', ( #3951 ), #5816 ) ;
#5491 = FILL_AREA_STYLE_COLOUR ( '', #780 ) ;
#5492 = CARTESIAN_POINT ( 'NONE',  ( 0.06929133858267698398, 0.1269685039370083146, -0.07544402180015752357 ) ) ;
#5493 = VERTEX_POINT ( 'NONE', #936 ) ;
#5494 = SURFACE_STYLE_FILL_AREA ( #698 ) ;
#5495 = CIRCLE ( 'NONE', #1570, 0.02854330708661416763 ) ;
#5497 = EDGE_CURVE ( 'NONE', #637, #648, #2968, .T. ) ;
#5496 = LENGTH_MEASURE_WITH_UNIT ( LENGTH_MEASURE( 0.02539999999999999897 ), #857 );
#5498 = EDGE_LOOP ( 'NONE', ( #3458, #4861, #1915, #335, #1288, #387, #3525, #1300 ) ) ;
#5499 = EDGE_CURVE ( 'NONE', #3742, #557, #5, .T. ) ;
#5500 = EDGE_CURVE ( 'NONE', #856, #4970, #2528, .T. ) ;
#5501 = EDGE_LOOP ( 'NONE', ( #5388, #2520, #3984, #3063, #2017, #6276 ) ) ;
#5502 = CLOSED_SHELL ( 'NONE', ( #2489, #6159, #3172, #2712, #805, #3424, #1088, #4686 ) ) ;
#5503 = UNCERTAINTY_MEASURE_WITH_UNIT (LENGTH_MEASURE( 1.000000000000000082E-05 ), #435, 'distance_accuracy_value', 'NONE');
#5504 = CARTESIAN_POINT ( 'NONE',  ( 0.06018589943043277379, 0.1998031496062996903, -0.06633858267716551127 ) ) ;
#5505 = LENGTH_MEASURE_WITH_UNIT ( LENGTH_MEASURE( 0.02539999999999999897 ), #1263 );
#5506 = FACE_BOUND ( 'NONE', #2912, .T. ) ;
#5507 = EDGE_LOOP ( 'NONE', ( #4455, #3806, #5775, #3059 ) ) ;
#5508 = MECHANICAL_DESIGN_GEOMETRIC_PRESENTATION_REPRESENTATION (  '', ( #4420 ), #1259 ) ;
#5509 =( CONVERSION_BASED_UNIT ( 'INCH', #809 ) LENGTH_UNIT ( ) NAMED_UNIT ( #5514 ) );
#5510 = AXIS2_PLACEMENT_3D ( 'NONE', #4953, #5576, #232 ) ;
#5511 = PLANE ( 'NONE',  #1283 ) ;
#5512 = FACE_OUTER_BOUND ( 'NONE', #5960, .T. ) ;
#5513 = PRESENTATION_STYLE_ASSIGNMENT (( #5010 ) ) ;
#5514 = DIMENSIONAL_EXPONENTS ( 1.000000000000000000, 0.0000000000000000000, 0.0000000000000000000, 0.0000000000000000000, 0.0000000000000000000, 0.0000000000000000000, 0.0000000000000000000 ) ;
#5515 = PRESENTATION_LAYER_ASSIGNMENT (  '', '', ( #4613 ) ) ;
#5516 = FACE_OUTER_BOUND ( 'NONE', #4961, .T. ) ;
#5517 = LINE ( 'NONE', #3557, #5878 ) ;
#5518 =( LENGTH_UNIT ( ) NAMED_UNIT ( * ) SI_UNIT ( $, .METRE. ) );
#5519 = SURFACE_STYLE_USAGE ( .BOTH. , #5019 ) ;
#5520 = LINE ( 'NONE', #2118, #1099 ) ;
#5521 = LENGTH_MEASURE_WITH_UNIT ( LENGTH_MEASURE( 0.02539999999999999897 ), #5133 );
#5522 =( NAMED_UNIT ( * ) SI_UNIT ( $, .STERADIAN. ) SOLID_ANGLE_UNIT ( ) );
#5523 = EDGE_LOOP ( 'NONE', ( #451, #581, #5990, #3956 ) ) ;
#5524 = DIRECTION ( 'NONE',  ( 0.6057866173738770676, -3.374170927559055893E-16, -0.7956271577885687396 ) ) ;
#5525 =( GEOMETRIC_REPRESENTATION_CONTEXT ( 3 ) GLOBAL_UNCERTAINTY_ASSIGNED_CONTEXT ( ( #1467 ) ) GLOBAL_UNIT_ASSIGNED_CONTEXT ( ( #166, #77, #3587 ) ) REPRESENTATION_CONTEXT ( 'NONE', 'WORKASPACE' ) );
#5526 = PRESENTATION_STYLE_ASSIGNMENT (( #822 ) ) ;
#5527 = ORIENTED_EDGE ( 'NONE', *, *, #1400, .T. ) ;
#5528 = ORIENTED_EDGE ( 'NONE', *, *, #5303, .F. ) ;
#5529 = COLOUR_RGB ( '',1.000000000000000000, 1.000000000000000000, 1.000000000000000000 ) ;
#5530 = EDGE_CURVE ( 'NONE', #669, #4043, #4405, .T. ) ;
#5531 = DIRECTION ( 'NONE',  ( 1.000000000000000000, 1.602884491802764604E-15, 1.187510765328999591E-13 ) ) ;
#5532 = EDGE_CURVE ( 'NONE', #179, #2949, #474, .T. ) ;
#5533 = DIRECTION ( 'NONE',  ( 0.7956271577885688506, 2.775557561562890168E-15, 0.6057866173738768456 ) ) ;
#5534 = LENGTH_MEASURE_WITH_UNIT ( LENGTH_MEASURE( 0.02539999999999999897 ), #6079 );
#5535 = CARTESIAN_POINT ( 'NONE',  ( 0.06018589945968484678, 0.1269685039370082591, 0.03366141732283462612 ) ) ;
#5536 = ORIENTED_EDGE ( 'NONE', *, *, #5651, .F. ) ;
#5537 = FACE_OUTER_BOUND ( 'NONE', #1109, .T. ) ;
#5538 = CARTESIAN_POINT ( 'NONE',  ( 0.01934165959548794084, 0.1564960629921262059, -0.02539370078740165945 ) ) ;
#5539 = MECHANICAL_DESIGN_GEOMETRIC_PRESENTATION_REPRESENTATION (  '', ( #2213 ), #3113 ) ;
#5540 = EDGE_CURVE ( 'NONE', #124, #3747, #3443, .T. ) ;
#5541 = LINE ( 'NONE', #5481, #4833 ) ;
#5542 =( LENGTH_UNIT ( ) NAMED_UNIT ( * ) SI_UNIT ( $, .METRE. ) );
#5543 =( NAMED_UNIT ( * ) PLANE_ANGLE_UNIT ( ) SI_UNIT ( $, .RADIAN. ) );
#5544 = DIRECTION ( 'NONE',  ( -1.594929680954394613E-15, 0.9950371902099890420, -0.09950371902100052512 ) ) ;
#5545 = DIRECTION ( 'NONE',  ( 2.348093788196917952E-30, -1.644517855226018450E-15, -1.000000000000000000 ) ) ;
#5546 =( NAMED_UNIT ( * ) PLANE_ANGLE_UNIT ( ) SI_UNIT ( $, .RADIAN. ) );
#5547 = DIRECTION ( 'NONE',  ( 0.0000000000000000000, 0.0000000000000000000, 1.000000000000000000 ) ) ;
#5548 = PRESENTATION_STYLE_ASSIGNMENT (( #2056 ) ) ;
#5549 = ORIENTED_EDGE ( 'NONE', *, *, #4473, .T. ) ;
#5550 = LINE ( 'NONE', #3569, #6296 ) ;
#5551 = DIRECTION ( 'NONE',  ( -1.000000000000000000, -1.602884491802569361E-15, 2.711709361697226329E-31 ) ) ;
#5552 = ORIENTED_EDGE ( 'NONE', *, *, #1098, .F. ) ;
#5553 = FILL_AREA_STYLE_COLOUR ( '', #926 ) ;
#5554 = ORIENTED_EDGE ( 'NONE', *, *, #4251, .T. ) ;
#5555 = UNCERTAINTY_MEASURE_WITH_UNIT (LENGTH_MEASURE( 1.000000000000000082E-05 ), #133, 'distance_accuracy_value', 'NONE');
#5556 = DIRECTION ( 'NONE',  ( 2.348093788196917952E-30, -1.644517855226018450E-15, -1.000000000000000000 ) ) ;
#5557 = CARTESIAN_POINT ( 'NONE',  ( -0.06889763779527560694, 0.001377952755905703262, 0.1820866141732285226 ) ) ;
#5558 = SURFACE_SIDE_STYLE ('',( #5988 ) ) ;
#5559 = DIRECTION ( 'NONE',  ( 5.046588147372974893E-13, 1.000000000000000000, -4.605343884023600448E-14 ) ) ;
#5560 = VECTOR ( 'NONE', #1254, 39.37007874015748854 ) ;
#5561 = ORIENTED_EDGE ( 'NONE', *, *, #4990, .F. ) ;
#5562 = PLANE ( 'NONE',  #3973 ) ;
#5563 = CARTESIAN_POINT ( 'NONE',  ( 0.06929133858267698398, 0.1269685039370083146, -0.06633858267716538637 ) ) ;
#5564 = EDGE_CURVE ( 'NONE', #4723, #1292, #1750, .T. ) ;
#5565 = AXIS2_PLACEMENT_3D ( 'NONE', #3869, #4355, #2382 ) ;
#5566 = CARTESIAN_POINT ( 'NONE',  ( 0.1500000000000003553, -0.1564960629921255952, 0.1135826771653548339 ) ) ;
#5567 = FILL_AREA_STYLE_COLOUR ( '', #4793 ) ;
#5568 = MECHANICAL_DESIGN_GEOMETRIC_PRESENTATION_REPRESENTATION (  '', ( #4176 ), #2050 ) ;
#5569 = COLOUR_RGB ( '',0.7607843137254901578, 0.7607843137254901578, 0.0000000000000000000 ) ;
#5570 = PRESENTATION_STYLE_ASSIGNMENT (( #3198 ) ) ;
#5571 = ADVANCED_FACE ( 'NONE', ( #2760 ), #6091, .F. ) ;
#5572 = ADVANCED_FACE ( 'NONE', ( #3713 ), #1302, .F. ) ;
#5573 = LINE ( 'NONE', #2762, #460 ) ;
#5574 = STYLED_ITEM ( 'NONE', ( #3269 ), #4686 ) ;
#5575 = LINE ( 'NONE', #5645, #1722 ) ;
#5576 = DIRECTION ( 'NONE',  ( -0.6057866173738133408, 3.374170927560872739E-16, 0.7956271577886172564 ) ) ;
#5577 =( GEOMETRIC_REPRESENTATION_CONTEXT ( 3 ) GLOBAL_UNCERTAINTY_ASSIGNED_CONTEXT ( ( #1211 ) ) GLOBAL_UNIT_ASSIGNED_CONTEXT ( ( #2913, #2090, #733 ) ) REPRESENTATION_CONTEXT ( 'NONE', 'WORKASPACE' ) );
#5578 = VECTOR ( 'NONE', #5744, 39.37007874015748143 ) ;
#5579 = CARTESIAN_POINT ( 'NONE',  ( 0.1464566929133859496, -0.02263779527559010157, 0.01515748031496088298 ) ) ;
#5580 = PLANE ( 'NONE',  #287 ) ;
#5581 =( LENGTH_UNIT ( ) NAMED_UNIT ( * ) SI_UNIT ( $, .METRE. ) );
#5582 = FILL_AREA_STYLE ('',( #1384 ) ) ;
#5583 = STYLED_ITEM ( 'NONE', ( #4897 ), #5487 ) ;
#5584 = VECTOR ( 'NONE', #31, 39.37007874015748143 ) ;
#5585 = SURFACE_STYLE_USAGE ( .BOTH. , #1286 ) ;
#5586 = SURFACE_SIDE_STYLE ('',( #3089 ) ) ;
#5587 = ORIENTED_EDGE ( 'NONE', *, *, #2260, .F. ) ;
#5588 = CARTESIAN_POINT ( 'NONE',  ( 0.1464566929133861717, -0.1407480314960625478, -0.08484251968503893349 ) ) ;
#5589 = CARTESIAN_POINT ( 'NONE',  ( 0.06889763779527553755, 0.04350393700787442280, 0.1702755905511812440 ) ) ;
#5590 = EDGE_LOOP ( 'NONE', ( #2262, #2865, #1306, #3454 ) ) ;
#5591 = AXIS2_PLACEMENT_3D ( 'NONE', #751, #5062, #1179 ) ;
#5592 = DIRECTION ( 'NONE',  ( -1.000000000000000000, -1.602884491802569361E-15, 2.878783784372901366E-31 ) ) ;
#5593 = ORIENTED_EDGE ( 'NONE', *, *, #5184, .F. ) ;
#5594 = AXIS2_PLACEMENT_3D ( 'NONE', #2601, #6119, #5034 ) ;
#5595 = LINE ( 'NONE', #1199, #2557 ) ;
#5596 = CARTESIAN_POINT ( 'NONE',  ( -0.06929133858267744195, 0.1564960629921260393, 0.07460629921259835651 ) ) ;
#5597 =( CONVERSION_BASED_UNIT ( 'INCH', #5534 ) LENGTH_UNIT ( ) NAMED_UNIT ( #2423 ) );
#5598 = SURFACE_STYLE_USAGE ( .BOTH. , #1173 ) ;
#5599 = ORIENTED_EDGE ( 'NONE', *, *, #5101, .F. ) ;
#5600 =( LENGTH_UNIT ( ) NAMED_UNIT ( * ) SI_UNIT ( $, .METRE. ) );
#5601 = CLOSED_SHELL ( 'NONE', ( #2336, #3379, #4854, #6255, #5870, #3029, #2066, #6289 ) ) ;
#5602 = FACE_OUTER_BOUND ( 'NONE', #4676, .T. ) ;
#5603 = VERTEX_POINT ( 'NONE', #314 ) ;
#5604 = DIRECTION ( 'NONE',  ( 0.0000000000000000000, 0.0000000000000000000, -1.000000000000000000 ) ) ;
#5605 = CARTESIAN_POINT ( 'NONE',  ( -0.1535433070866141225, -0.02263779527559054566, -0.08484251968503912777 ) ) ;
#5606 = DIRECTION ( 'NONE',  ( 1.499671914429180214E-11, -1.000000000000000000, 1.644517855226017859E-15 ) ) ;
#5607 = COLOUR_RGB ( '',1.000000000000000000, 1.000000000000000000, 1.000000000000000000 ) ;
#5608 = AXIS2_PLACEMENT_3D ( 'NONE', #2553, #5401, #2527 ) ;
#5609 =( CONVERSION_BASED_UNIT ( 'INCH', #3628 ) LENGTH_UNIT ( ) NAMED_UNIT ( #1495 ) );
#5610 = ADVANCED_FACE ( 'NONE', ( #5512 ), #2286, .F. ) ;
#5611 = PLANE ( 'NONE',  #3695 ) ;
#5612 = EDGE_CURVE ( 'NONE', #4250, #1951, #6061, .T. ) ;
#5613 = EDGE_CURVE ( 'NONE', #5493, #1988, #4568, .T. ) ;
#5614 = FILL_AREA_STYLE_COLOUR ( '', #1851 ) ;
#5615 = CARTESIAN_POINT ( 'NONE',  ( 0.01934165959544850363, 0.1998031496062994405, 0.07854330708661402816 ) ) ;
#5616 = CARTESIAN_POINT ( 'NONE',  ( 0.01934165959543282173, 0.1564960629921262614, 0.1336614173228345692 ) ) ;
#5617 = STYLED_ITEM ( 'NONE', ( #62 ), #1414 ) ;
#5618 = FACE_OUTER_BOUND ( 'NONE', #5523, .T. ) ;
#5619 = ORIENTED_EDGE ( 'NONE', *, *, #3330, .T. ) ;
#5620 = ADVANCED_FACE ( 'NONE', ( #2664 ), #2164, .T. ) ;
#5621 = SURFACE_SIDE_STYLE ('',( #3699 ) ) ;
#5622 = ORIENTED_EDGE ( 'NONE', *, *, #4606, .F. ) ;
#5623 = VECTOR ( 'NONE', #2396, 39.37007874015748143 ) ;
#5624 = STYLED_ITEM ( 'NONE', ( #5046 ), #1606 ) ;
#5625 =( CONVERSION_BASED_UNIT ( 'INCH', #2711 ) LENGTH_UNIT ( ) NAMED_UNIT ( #5239 ) );
#5626 = ORIENTED_EDGE ( 'NONE', *, *, #243, .F. ) ;
#5627 = UNCERTAINTY_MEASURE_WITH_UNIT (LENGTH_MEASURE( 1.000000000000000082E-05 ), #4079, 'distance_accuracy_value', 'NONE');
#5628 = PRESENTATION_LAYER_ASSIGNMENT (  '', '', ( #4035 ) ) ;
#5629 = COLOUR_RGB ( '',1.000000000000000000, 1.000000000000000000, 1.000000000000000000 ) ;
#5630 = DIRECTION ( 'NONE',  ( 1.594929680954395007E-15, -0.9950371902099891530, -0.09950371902099724997 ) ) ;
#5631 = FACE_BOUND ( 'NONE', #5716, .T. ) ;
#5632 = CARTESIAN_POINT ( 'NONE',  ( 0.06018589945968472882, 0.2037401574803153759, 0.02455597819984235014 ) ) ;
#5633 = PRESENTATION_STYLE_ASSIGNMENT (( #3676 ) ) ;
#5634 = VECTOR ( 'NONE', #2084, 39.37007874015748143 ) ;
#5635 = CARTESIAN_POINT ( 'NONE',  ( -0.1535433070866138727, -0.1722440944881890590, -0.003740157480314449702 ) ) ;
#5636 = VERTEX_POINT ( 'NONE', #4856 ) ;
#5637 = MECHANICAL_DESIGN_GEOMETRIC_PRESENTATION_REPRESENTATION (  '', ( #3829 ), #773 ) ;
#5638 = DIRECTION ( 'NONE',  ( 1.594929680954395007E-15, -0.9950371902099891530, -0.09950371902099724997 ) ) ;
#5639 = DIRECTION ( 'NONE',  ( -1.000000000000000000, -1.602884491802569361E-15, 2.878783784372901366E-31 ) ) ;
#5640 = DIMENSIONAL_EXPONENTS ( 1.000000000000000000, 0.0000000000000000000, 0.0000000000000000000, 0.0000000000000000000, 0.0000000000000000000, 0.0000000000000000000, 0.0000000000000000000 ) ;
#5641 =( LENGTH_UNIT ( ) NAMED_UNIT ( * ) SI_UNIT ( $, .METRE. ) );
#5642 = AXIS2_PLACEMENT_3D ( 'NONE', #5073, #2645, #1190 ) ;
#5643 = DIRECTION ( 'NONE',  ( 0.0000000000000000000, 0.0000000000000000000, 1.000000000000000000 ) ) ;
#5644 = UNCERTAINTY_MEASURE_WITH_UNIT (LENGTH_MEASURE( 1.000000000000000082E-05 ), #3394, 'distance_accuracy_value', 'NONE');
#5645 = CARTESIAN_POINT ( 'NONE',  ( -0.1464566929133855888, -0.1407480314960630752, 0.01515748031496108768 ) ) ;
#5646 = ORIENTED_EDGE ( 'NONE', *, *, #1166, .F. ) ;
#5647 = VERTEX_POINT ( 'NONE', #5318 ) ;
#5648 = PRESENTATION_STYLE_ASSIGNMENT (( #5261 ) ) ;
#5649 = DIRECTION ( 'NONE',  ( 0.0000000000000000000, 0.0000000000000000000, 1.000000000000000000 ) ) ;
#5650 = MANIFOLD_SOLID_BREP ( 'LPattern1[2]', #5502 ) ;
#5651 = EDGE_CURVE ( 'NONE', #1512, #697, #1410, .T. ) ;
#5652 = LENGTH_MEASURE_WITH_UNIT ( LENGTH_MEASURE( 0.02539999999999999897 ), #3206 );
#5653 = LINE ( 'NONE', #4704, #4788 ) ;
#5654 = EDGE_CURVE ( 'NONE', #2678, #4167, #3293, .T. ) ;
#5655 = CARTESIAN_POINT ( 'NONE',  ( 0.1464566929133862272, -0.1722440944881886149, 0.09625984251968555672 ) ) ;
#5656 = CARTESIAN_POINT ( 'NONE',  ( 0.06018589945968472882, 0.1998031496062995238, 0.08371173833560614785 ) ) ;
#5657 = CARTESIAN_POINT ( 'NONE',  ( -0.06889763779527560694, 0.001377952755905669218, 0.1624015748031497897 ) ) ;
#5658 = ORIENTED_EDGE ( 'NONE', *, *, #5613, .F. ) ;
#5659 =( NAMED_UNIT ( * ) PLANE_ANGLE_UNIT ( ) SI_UNIT ( $, .RADIAN. ) );
#5660 = ORIENTED_EDGE ( 'NONE', *, *, #4606, .T. ) ;
#5661 = VERTEX_POINT ( 'NONE', #5222 ) ;
#5662 = COLOUR_RGB ( '',1.000000000000000000, 1.000000000000000000, 1.000000000000000000 ) ;
#5663 = CARTESIAN_POINT ( 'NONE',  ( 0.08700787401574784641, 0.1269685039370082036, 0.1041338582677165114 ) ) ;
#5664 = FACE_OUTER_BOUND ( 'NONE', #1968, .T. ) ;
#5665 = DIRECTION ( 'NONE',  ( 0.7956271577883993196, 0.0000000000000000000, -0.6057866173740992233 ) ) ;
#5666 = SURFACE_STYLE_FILL_AREA ( #3188 ) ;
#5667 = LINE ( 'NONE', #1403, #5912 ) ;
#5668 = ORIENTED_EDGE ( 'NONE', *, *, #2287, .F. ) ;
#5669 = SURFACE_STYLE_USAGE ( .BOTH. , #510 ) ;
#5670 = EDGE_LOOP ( 'NONE', ( #1617, #2718, #6071, #3663 ) ) ;
#5671 = DIRECTION ( 'NONE',  ( 0.0000000000000000000, -1.875148439272793303E-15, -1.000000000000000000 ) ) ;
#5672 = SURFACE_STYLE_USAGE ( .BOTH. , #3846 ) ;
#5673 = LINE ( 'NONE', #4729, #2178 ) ;
#5674 = FILL_AREA_STYLE ('',( #2928 ) ) ;
#5675 = STYLED_ITEM ( 'NONE', ( #5243 ), #6253 ) ;
#5676 =( NAMED_UNIT ( * ) SI_UNIT ( $, .STERADIAN. ) SOLID_ANGLE_UNIT ( ) );
#5677 = ORIENTED_EDGE ( 'NONE', *, *, #1370, .F. ) ;
#5678 = VERTEX_POINT ( 'NONE', #887 ) ;
#5679 = EDGE_LOOP ( 'NONE', ( #216, #820, #3640, #5247 ) ) ;
#5680 = LINE ( 'NONE', #4700, #4913 ) ;
#5681 = DIRECTION ( 'NONE',  ( -1.000000000000000000, -1.581128168208027365E-15, -0.0000000000000000000 ) ) ;
#5682 = VECTOR ( 'NONE', #5472, 39.37007874015748143 ) ;
#5683 = VECTOR ( 'NONE', #402, 39.37007874015748143 ) ;
#5684 = LINE ( 'NONE', #1859, #5285 ) ;
#5685 = SURFACE_STYLE_FILL_AREA ( #1310 ) ;
#5686 = PLANE ( 'NONE',  #5864 ) ;
#5687 = DIMENSIONAL_EXPONENTS ( 1.000000000000000000, 0.0000000000000000000, 0.0000000000000000000, 0.0000000000000000000, 0.0000000000000000000, 0.0000000000000000000, 0.0000000000000000000 ) ;
#5688 = VECTOR ( 'NONE', #634, 39.37007874015748143 ) ;
#5689 = CARTESIAN_POINT ( 'NONE',  ( -0.1535433070866138727, -0.1722440944881890590, 0.1120078740157485764 ) ) ;
#5690 = SURFACE_STYLE_FILL_AREA ( #6236 ) ;
#5691 = VECTOR ( 'NONE', #979, 39.37007874015748143 ) ;
#5692 = ORIENTED_EDGE ( 'NONE', *, *, #5430, .F. ) ;
#5693 = EDGE_CURVE ( 'NONE', #3126, #697, #2860, .T. ) ;
#5694 = VECTOR ( 'NONE', #285, 39.37007874015748143 ) ;
#5695 = ORIENTED_EDGE ( 'NONE', *, *, #2140, .T. ) ;
#5696 = PRESENTATION_LAYER_ASSIGNMENT (  '', '', ( #1857 ) ) ;
#5697 = CARTESIAN_POINT ( 'NONE',  ( -0.06889763779527570409, 0.05610236220472458041, 0.1624015748031496786 ) ) ;
#5698 = ADVANCED_FACE ( 'NONE', ( #2790 ), #4791, .F. ) ;
#5699 = FACE_BOUND ( 'NONE', #4458, .T. ) ;
#5700 =( LENGTH_UNIT ( ) NAMED_UNIT ( * ) SI_UNIT ( $, .METRE. ) );
#5701 = VECTOR ( 'NONE', #2953, 39.37007874015748143 ) ;
#5702 = EDGE_CURVE ( 'NONE', #1769, #669, #202, .T. ) ;
#5703 = ORIENTED_EDGE ( 'NONE', *, *, #3922, .T. ) ;
#5704 = EDGE_CURVE ( 'NONE', #324, #4878, #3432, .T. ) ;
#5705 = CARTESIAN_POINT ( 'NONE',  ( -0.007480314960630130190, 0.1269685039370081203, 0.004133858267716503283 ) ) ;
#5706 = DIMENSIONAL_EXPONENTS ( 1.000000000000000000, 0.0000000000000000000, 0.0000000000000000000, 0.0000000000000000000, 0.0000000000000000000, 0.0000000000000000000, 0.0000000000000000000 ) ;
#5707 = ORIENTED_EDGE ( 'NONE', *, *, #2218, .F. ) ;
#5708 = COLOUR_RGB ( '',0.7607843137254901578, 0.7607843137254901578, 0.0000000000000000000 ) ;
#5709 = UNCERTAINTY_MEASURE_WITH_UNIT (LENGTH_MEASURE( 1.000000000000000082E-05 ), #4767, 'distance_accuracy_value', 'NONE');
#5710 = EDGE_LOOP ( 'NONE', ( #6182, #1419, #2993, #4814 ) ) ;
#5711 = FILL_AREA_STYLE ('',( #2319 ) ) ;
#5712 = DIRECTION ( 'NONE',  ( 1.602884491802569361E-15, -1.000000000000000000, 1.644517855226017859E-15 ) ) ;
#5713 =( NAMED_UNIT ( * ) SI_UNIT ( $, .STERADIAN. ) SOLID_ANGLE_UNIT ( ) );
#5714 = ORIENTED_EDGE ( 'NONE', *, *, #1742, .F. ) ;
#5715 = ORIENTED_EDGE ( 'NONE', *, *, #5215, .F. ) ;
#5716 = EDGE_LOOP ( 'NONE', ( #6007, #1331, #4020, #4392, #3954, #2097, #4070, #384 ) ) ;
#5717 = SURFACE_STYLE_USAGE ( .BOTH. , #897 ) ;
#5718 = VECTOR ( 'NONE', #3694, 39.37007874015748143 ) ;
#5719 = CARTESIAN_POINT ( 'NONE',  ( 0.1535433070866145389, -0.1722440944881885871, 0.1120078740157485764 ) ) ;
#5720 = FACE_OUTER_BOUND ( 'NONE', #3229, .T. ) ;
#5721 = FACE_OUTER_BOUND ( 'NONE', #5413, .T. ) ;
#5722 = VECTOR ( 'NONE', #5544, 39.37007874015748143 ) ;
#5723 = CARTESIAN_POINT ( 'NONE',  ( 0.1535433070866143168, -0.02263779527559008770, 0.01515748031496088298 ) ) ;
#5724 =( NAMED_UNIT ( * ) PLANE_ANGLE_UNIT ( ) SI_UNIT ( $, .RADIAN. ) );
#5725 = DIRECTION ( 'NONE',  ( 1.324743555594197337E-12, 1.000000000000000000, -1.644517855226017859E-15 ) ) ;
#5726 = ORIENTED_EDGE ( 'NONE', *, *, #2332, .F. ) ;
#5727 = LINE ( 'NONE', #5860, #5683 ) ;
#5728 = COLOUR_RGB ( '',0.7607843137254901578, 0.7607843137254901578, 0.0000000000000000000 ) ;
#5729 = STYLED_ITEM ( 'NONE', ( #4891 ), #974 ) ;
#5730 = FILL_AREA_STYLE ('',( #873 ) ) ;
#5731 = AXIS2_PLACEMENT_3D ( 'NONE', #5145, #776, #2313 ) ;
#5732 =( NAMED_UNIT ( * ) SI_UNIT ( $, .STERADIAN. ) SOLID_ANGLE_UNIT ( ) );
#5733 = CARTESIAN_POINT ( 'NONE',  ( 0.06889763779527560694, 0.001377952755905891046, 0.1624015748031497897 ) ) ;
#5734 = EDGE_CURVE ( 'NONE', #1043, #3719, #303, .T. ) ;
#5735 = DIRECTION ( 'NONE',  ( 1.000000000000000000, 1.602884491802569361E-15, -2.711709361697226329E-31 ) ) ;
#5736 = PRESENTATION_LAYER_ASSIGNMENT (  '', '', ( #4337 ) ) ;
#5737 = VERTEX_POINT ( 'NONE', #7 ) ;
#5738 = AXIS2_PLACEMENT_3D ( 'NONE', #5362, #390, #3370 ) ;
#5739 = EDGE_CURVE ( 'NONE', #1856, #1855, #3894, .T. ) ;
#5740 = ORIENTED_EDGE ( 'NONE', *, *, #5861, .T. ) ;
#5741 = DIRECTION ( 'NONE',  ( -1.000000000000000000, -1.602884491802569361E-15, 2.878783784372901366E-31 ) ) ;
#5742 = CARTESIAN_POINT ( 'NONE',  ( -0.1464566929133855888, -0.1407480314960631307, 0.09311023622047291670 ) ) ;
#5743 = VECTOR ( 'NONE', #1371, 39.37007874015748143 ) ;
#5744 = DIRECTION ( 'NONE',  ( -1.000000000000000000, -1.602884491802569361E-15, 2.711709361697226329E-31 ) ) ;
#5745 = SURFACE_STYLE_FILL_AREA ( #4399 ) ;
#5746 = EDGE_CURVE ( 'NONE', #2394, #4339, #5841, .T. ) ;
#5747 = MECHANICAL_DESIGN_GEOMETRIC_PRESENTATION_REPRESENTATION (  '', ( #4042 ), #2517 ) ;
#5748 = ORIENTED_EDGE ( 'NONE', *, *, #5940, .F. ) ;
#5749 = EDGE_LOOP ( 'NONE', ( #5394, #4989, #1269, #3066 ) ) ;
#5750 = VERTEX_POINT ( 'NONE', #1016 ) ;
#5751 = CARTESIAN_POINT ( 'NONE',  ( 0.06018589943043277379, 0.1998031496062996348, 0.03366141732283450816 ) ) ;
#5752 = LINE ( 'NONE', #468, #1698 ) ;
#5753 = SURFACE_SIDE_STYLE ('',( #967 ) ) ;
#5754 = DIRECTION ( 'NONE',  ( -1.602884491802569361E-15, 1.000000000000000000, -1.644517855226017859E-15 ) ) ;
#5755 = DIRECTION ( 'NONE',  ( 0.0000000000000000000, 1.387778780781445478E-15, 1.000000000000000000 ) ) ;
#5756 = FILL_AREA_STYLE ('',( #2433 ) ) ;
#5757 =( GEOMETRIC_REPRESENTATION_CONTEXT ( 3 ) GLOBAL_UNCERTAINTY_ASSIGNED_CONTEXT ( ( #6015 ) ) GLOBAL_UNIT_ASSIGNED_CONTEXT ( ( #1960, #396, #3442 ) ) REPRESENTATION_CONTEXT ( 'NONE', 'WORKASPACE' ) );
#5758 = LINE ( 'NONE', #5241, #6022 ) ;
#5759 = DIRECTION ( 'NONE',  ( 1.000000000000000000, 1.602884491802569361E-15, -2.711709361697226329E-31 ) ) ;
#5760 = CARTESIAN_POINT ( 'NONE',  ( 0.01934165959544849669, 0.2037401574803152093, 0.08371173833560614785 ) ) ;
#5761 = ORIENTED_EDGE ( 'NONE', *, *, #5038, .T. ) ;
#5762 = CARTESIAN_POINT ( 'NONE',  ( 0.01522951533058629695, 0.1998031496062994683, -0.01315729518093717090 ) ) ;
#5763 = CARTESIAN_POINT ( 'NONE',  ( 0.06018589946023603088, 0.1269685039370081203, 0.07460629921259839814 ) ) ;
#5764 = LENGTH_MEASURE_WITH_UNIT ( LENGTH_MEASURE( 0.02539999999999999897 ), #2778 );
#5765 =( NAMED_UNIT ( * ) PLANE_ANGLE_UNIT ( ) SI_UNIT ( $, .RADIAN. ) );
#5766 = VERTEX_POINT ( 'NONE', #1534 ) ;
#5767 = ORIENTED_EDGE ( 'NONE', *, *, #762, .F. ) ;
#5768 = UNCERTAINTY_MEASURE_WITH_UNIT (LENGTH_MEASURE( 1.000000000000000082E-05 ), #1277, 'distance_accuracy_value', 'NONE');
#5769 = VECTOR ( 'NONE', #569, 39.37007874015748143 ) ;
#5770 = ORIENTED_EDGE ( 'NONE', *, *, #5564, .F. ) ;
#5771 = DIRECTION ( 'NONE',  ( -1.594929680954395007E-15, 0.9950371902099891530, 0.09950371902099724997 ) ) ;
#5772 = PRESENTATION_STYLE_ASSIGNMENT (( #6258 ) ) ;
#5773 = CARTESIAN_POINT ( 'NONE',  ( -0.06929133858267740032, 0.1269685039370079260, 0.07460629921259839814 ) ) ;
#5774 = DIRECTION ( 'NONE',  ( -1.602884491802569361E-15, 1.000000000000000000, -1.644517855226017859E-15 ) ) ;
#5775 = ORIENTED_EDGE ( 'NONE', *, *, #1285, .F. ) ;
#5776 = DIRECTION ( 'NONE',  ( 1.581128168208027365E-15, -1.000000000000000000, 1.634031787452694696E-15 ) ) ;
#5777 = ORIENTED_EDGE ( 'NONE', *, *, #3300, .T. ) ;
#5778 = DIRECTION ( 'NONE',  ( -2.348093788196917952E-30, 1.644517855226018450E-15, 1.000000000000000000 ) ) ;
#5779 = AXIS2_PLACEMENT_3D ( 'NONE', #6174, #4809, #437 ) ;
#5780 = EDGE_CURVE ( 'NONE', #5839, #1342, #4506, .T. ) ;
#5781 = EDGE_CURVE ( 'NONE', #3011, #611, #2514, .T. ) ;
#5782 =( LENGTH_UNIT ( ) NAMED_UNIT ( * ) SI_UNIT ( $, .METRE. ) );
#5783 = FACE_OUTER_BOUND ( 'NONE', #2542, .T. ) ;
#5784 = DIRECTION ( 'NONE',  ( -6.762023144706918568E-10, 1.000000000000000000, 8.919191143228396171E-14 ) ) ;
#5785 = LENGTH_MEASURE_WITH_UNIT ( LENGTH_MEASURE( 0.02539999999999999897 ), #2844 );
#5786 = AXIS2_PLACEMENT_3D ( 'NONE', #2281, #5798, #6150 ) ;
#5787 = AXIS2_PLACEMENT_3D ( 'NONE', #4930, #4493, #4062 ) ;
#5788 = DIMENSIONAL_EXPONENTS ( 1.000000000000000000, 0.0000000000000000000, 0.0000000000000000000, 0.0000000000000000000, 0.0000000000000000000, 0.0000000000000000000, 0.0000000000000000000 ) ;
#5789 = FACE_OUTER_BOUND ( 'NONE', #3519, .T. ) ;
#5790 =( NAMED_UNIT ( * ) SI_UNIT ( $, .STERADIAN. ) SOLID_ANGLE_UNIT ( ) );
#5791 = ORIENTED_EDGE ( 'NONE', *, *, #2185, .F. ) ;
#5792 = MECHANICAL_DESIGN_GEOMETRIC_PRESENTATION_REPRESENTATION (  '', ( #5275 ), #3986 ) ;
#5793 = CARTESIAN_POINT ( 'NONE',  ( 0.01934165959544855914, 0.1643700787401577990, 0.02455597819984241953 ) ) ;
#5794 = DIRECTION ( 'NONE',  ( -1.000000000000000000, -1.581128168208027365E-15, -0.0000000000000000000 ) ) ;
#5795 = CARTESIAN_POINT ( 'NONE',  ( -2.057162640966502078E-16, 0.1269685039370080926, -0.1458661417322834886 ) ) ;
#5796 = AXIS2_PLACEMENT_3D ( 'NONE', #4813, #2378, #5209 ) ;
#5797 = VECTOR ( 'NONE', #891, 39.37007874015748143 ) ;
#5798 = DIRECTION ( 'NONE',  ( 1.602884491802569361E-15, -1.000000000000000000, 1.644517855226018450E-15 ) ) ;
#5799 = ORIENTED_EDGE ( 'NONE', *, *, #1360, .F. ) ;
#5800 = EDGE_LOOP ( 'NONE', ( #2326, #4200, #3851, #4335, #4797, #380 ) ) ;
#5801 =( CONVERSION_BASED_UNIT ( 'INCH', #421 ) LENGTH_UNIT ( ) NAMED_UNIT ( #549 ) );
#5802 = SURFACE_STYLE_FILL_AREA ( #6155 ) ;
#5803 = PLANE ( 'NONE',  #5006 ) ;
#5804 = AXIS2_PLACEMENT_3D ( 'NONE', #2828, #3779, #2422 ) ;
#5805 = CARTESIAN_POINT ( 'NONE',  ( 0.1464566929133859496, -0.02263779527559014321, 0.1151574803149608972 ) ) ;
#5806 = FILL_AREA_STYLE ('',( #494 ) ) ;
#5807 = ORIENTED_EDGE ( 'NONE', *, *, #1445, .T. ) ;
#5808 =( LENGTH_UNIT ( ) NAMED_UNIT ( * ) SI_UNIT ( $, .METRE. ) );
#5809 = EDGE_LOOP ( 'NONE', ( #4101, #2706, #69, #6152, #4796, #3179, #2571, #1926 ) ) ;
#5810 = LINE ( 'NONE', #5395, #30 ) ;
#5811 = AXIS2_PLACEMENT_3D ( 'NONE', #1525, #4447, #1618 ) ;
#5812 = CARTESIAN_POINT ( 'NONE',  ( 0.06743043410952737071, 0.1269685039370082313, 0.01904002503381884912 ) ) ;
#5813 = LINE ( 'NONE', #1932, #5378 ) ;
#5814 = DIRECTION ( 'NONE',  ( 1.000000000000000000, 1.602884491802569361E-15, 0.0000000000000000000 ) ) ;
#5815 = VECTOR ( 'NONE', #4993, 39.37007874015748143 ) ;
#5816 = ADVANCED_FACE ( 'NONE', ( #102 ), #4480, .T. ) ;
#5817 = LINE ( 'NONE', #932, #575 ) ;
#5818 = ADVANCED_FACE ( 'NONE', ( #5874 ), #5934, .F. ) ;
#5819 = CARTESIAN_POINT ( 'NONE',  ( -0.06929133858267744195, 0.1564960629921262059, -0.06633858267716544188 ) ) ;
#5820 = AXIS2_PLACEMENT_3D ( 'NONE', #4825, #5156, #383 ) ;
#5821 = DIRECTION ( 'NONE',  ( 2.348093788196917952E-30, -1.644517855226018450E-15, -1.000000000000000000 ) ) ;
#5822 = SURFACE_SIDE_STYLE ('',( #1755 ) ) ;
#5823 = EDGE_LOOP ( 'NONE', ( #149, #5660, #5029, #2720 ) ) ;
#5824 = CIRCLE ( 'NONE', #1069, 0.003937007874015749712 ) ;
#5825 = ADVANCED_FACE ( 'NONE', ( #2656 ), #1714, .F. ) ;
#5826 = DIRECTION ( 'NONE',  ( -1.594929680954394613E-15, 0.9950371902099890420, -0.09950371902100052512 ) ) ;
#5827 = PRESENTATION_STYLE_ASSIGNMENT (( #6243 ) ) ;
#5828 = DIRECTION ( 'NONE',  ( 0.7956271577883996526, 0.0000000000000000000, -0.6057866173740990012 ) ) ;
#5829 =( NAMED_UNIT ( * ) SI_UNIT ( $, .STERADIAN. ) SOLID_ANGLE_UNIT ( ) );
#5830 = PLANE ( 'NONE',  #3168 ) ;
#5831 = MECHANICAL_DESIGN_GEOMETRIC_PRESENTATION_REPRESENTATION (  '', ( #4613 ), #5420 ) ;
#5832 =( NAMED_UNIT ( * ) PLANE_ANGLE_UNIT ( ) SI_UNIT ( $, .RADIAN. ) );
#5833 = DIMENSIONAL_EXPONENTS ( 1.000000000000000000, 0.0000000000000000000, 0.0000000000000000000, 0.0000000000000000000, 0.0000000000000000000, 0.0000000000000000000, 0.0000000000000000000 ) ;
#5834 = EDGE_LOOP ( 'NONE', ( #1222, #3707, #2730, #2980 ) ) ;
#5835 = UNCERTAINTY_MEASURE_WITH_UNIT (LENGTH_MEASURE( 1.000000000000000082E-05 ), #647, 'distance_accuracy_value', 'NONE');
#5836 = VECTOR ( 'NONE', #1295, 39.37007874015748143 ) ;
#5837 = AXIS2_PLACEMENT_3D ( 'NONE', #5309, #983, #2509 ) ;
#5838 = MANIFOLD_SOLID_BREP ( 'Body-Move/Copy2[1]', #3276 ) ;
#5839 = VERTEX_POINT ( 'NONE', #5117 ) ;
#5840 =( NAMED_UNIT ( * ) PLANE_ANGLE_UNIT ( ) SI_UNIT ( $, .RADIAN. ) );
#5841 = LINE ( 'NONE', #5475, #2662 ) ;
#5842 = CARTESIAN_POINT ( 'NONE',  ( 0.06018589945968472882, 0.1998031496062995793, -0.1162882616643938632 ) ) ;
#5843 = EDGE_LOOP ( 'NONE', ( #367, #305, #3356, #1399, #2296 ) ) ;
#5844 = AXIS2_PLACEMENT_3D ( 'NONE', #5422, #1542, #1090 ) ;
#5845 =( GEOMETRIC_REPRESENTATION_CONTEXT ( 3 ) GLOBAL_UNCERTAINTY_ASSIGNED_CONTEXT ( ( #2785 ) ) GLOBAL_UNIT_ASSIGNED_CONTEXT ( ( #141, #685, #3050 ) ) REPRESENTATION_CONTEXT ( 'NONE', 'WORKASPACE' ) );
#5846 = DIRECTION ( 'NONE',  ( -2.348093788196917952E-30, 1.644517855226018450E-15, 1.000000000000000000 ) ) ;
#5847 = LINE ( 'NONE', #3880, #3718 ) ;
#5848 = ORIENTED_EDGE ( 'NONE', *, *, #1632, .T. ) ;
#5849 = CARTESIAN_POINT ( 'NONE',  ( -0.04940944881889762497, -0.05413385826771677234, -0.09251968503936991439 ) ) ;
#5850 = ORIENTED_EDGE ( 'NONE', *, *, #1482, .F. ) ;
#5851 = FILL_AREA_STYLE_COLOUR ( '', #1271 ) ;
#5852 = MECHANICAL_DESIGN_GEOMETRIC_PRESENTATION_REPRESENTATION (  '', ( #1797 ), #340 ) ;
#5853 = LINE ( 'NONE', #18, #1598 ) ;
#5854 = COLOUR_RGB ( '',1.000000000000000000, 1.000000000000000000, 1.000000000000000000 ) ;
#5855 = CARTESIAN_POINT ( 'NONE',  ( -0.04940944881889766660, -0.06003937007874007858, 0.1007874015748034119 ) ) ;
#5856 = SURFACE_SIDE_STYLE ('',( #2401 ) ) ;
#5857 = LINE ( 'NONE', #1001, #5240 ) ;
#5858 = DIRECTION ( 'NONE',  ( 1.602884491802569361E-15, -1.000000000000000000, 1.644517855226017859E-15 ) ) ;
#5859 = EDGE_CURVE ( 'NONE', #2094, #1716, #1652, .T. ) ;
#5860 = CARTESIAN_POINT ( 'NONE',  ( 0.08720472440944881942, -0.06003937007873985654, 0.1007874015748034119 ) ) ;
#5861 = EDGE_CURVE ( 'NONE', #2626, #669, #1761, .T. ) ;
#5862 = CARTESIAN_POINT ( 'NONE',  ( 0.01934165959544849669, 0.2037401574803153481, 0.02972440944881872896 ) ) ;
#5863 = DIRECTION ( 'NONE',  ( -1.594929680954394613E-15, 0.9950371902099890420, -0.09950371902100052512 ) ) ;
#5864 = AXIS2_PLACEMENT_3D ( 'NONE', #2333, #3693, #4706 ) ;
#5865 = DIRECTION ( 'NONE',  ( 1.594929680954418377E-16, -0.09950371902100052512, -0.9950371902099890420 ) ) ;
#5866 = DIMENSIONAL_EXPONENTS ( 1.000000000000000000, 0.0000000000000000000, 0.0000000000000000000, 0.0000000000000000000, 0.0000000000000000000, 0.0000000000000000000, 0.0000000000000000000 ) ;
#5867 = LINE ( 'NONE', #409, #1893 ) ;
#5868 = CARTESIAN_POINT ( 'NONE',  ( 0.1535433070866144833, -0.1407480314960626311, 0.09311023622047291670 ) ) ;
#5869 = CARTESIAN_POINT ( 'NONE',  ( 0.06929133858267687296, 0.1958661417322838660, 0.1336614173228345137 ) ) ;
#5870 = ADVANCED_FACE ( 'NONE', ( #3155 ), #5085, .F. ) ;
#5871 = EDGE_LOOP ( 'NONE', ( #6193, #1877, #2713, #4994, #5259, #4481 ) ) ;
#5872 = ORIENTED_EDGE ( 'NONE', *, *, #2249, .F. ) ;
#5873 = ORIENTED_EDGE ( 'NONE', *, *, #5064, .T. ) ;
#5874 = FACE_OUTER_BOUND ( 'NONE', #1108, .T. ) ;
#5875 = ORIENTED_EDGE ( 'NONE', *, *, #3375, .T. ) ;
#5876 = FILL_AREA_STYLE ('',( #4910 ) ) ;
#5877 = LENGTH_MEASURE_WITH_UNIT ( LENGTH_MEASURE( 0.02539999999999999897 ), #5356 );
#5878 = VECTOR ( 'NONE', #199, 39.37007874015748143 ) ;
#5879 = VERTEX_POINT ( 'NONE', #875 ) ;
#5880 = ORIENTED_EDGE ( 'NONE', *, *, #6204, .T. ) ;
#5881 = FACE_OUTER_BOUND ( 'NONE', #2282, .T. ) ;
#5882 = SURFACE_STYLE_USAGE ( .BOTH. , #2550 ) ;
#5883 = CARTESIAN_POINT ( 'NONE',  ( -0.1535433070866141225, -0.02263779527559058036, 0.01515748031496088298 ) ) ;
#5884 = SURFACE_STYLE_FILL_AREA ( #3529 ) ;
#5885 = LINE ( 'NONE', #4837, #2523 ) ;
#5886 =( LENGTH_UNIT ( ) NAMED_UNIT ( * ) SI_UNIT ( $, .METRE. ) );
#5887 = FACE_OUTER_BOUND ( 'NONE', #6265, .T. ) ;
#5888 = DIRECTION ( 'NONE',  ( -1.594929680954394613E-15, 0.9950371902099890420, -0.09950371902100052512 ) ) ;
#5889 = LINE ( 'NONE', #882, #1608 ) ;
#5890 = PRESENTATION_LAYER_ASSIGNMENT (  '', '', ( #2258 ) ) ;
#5891 = LINE ( 'NONE', #4446, #3505 ) ;
#5892 = DIRECTION ( 'NONE',  ( -1.000000000000000000, -1.602884491802569361E-15, 2.711709361697226329E-31 ) ) ;
#5893 = CARTESIAN_POINT ( 'NONE',  ( 0.01209712494559416970, 0.1998031496062995516, 0.01904002503381874850 ) ) ;
#5894 = DIRECTION ( 'NONE',  ( 0.7956271577883986534, 0.0000000000000000000, -0.6057866173741002225 ) ) ;
#5895 = ORIENTED_EDGE ( 'NONE', *, *, #2068, .T. ) ;
#5896 = AXIS2_PLACEMENT_3D ( 'NONE', #3670, #5963, #4159 ) ;
#5897 = EDGE_CURVE ( 'NONE', #1532, #4789, #1363, .T. ) ;
#5898 = UNCERTAINTY_MEASURE_WITH_UNIT (LENGTH_MEASURE( 1.000000000000000082E-05 ), #1870, 'distance_accuracy_value', 'NONE');
#5899 = EDGE_CURVE ( 'NONE', #4295, #1642, #909, .T. ) ;
#5900 = ORIENTED_EDGE ( 'NONE', *, *, #2675, .F. ) ;
#5901 = VERTEX_POINT ( 'NONE', #1907 ) ;
#5902 = ADVANCED_FACE ( 'NONE', ( #947 ), #2412, .F. ) ;
#5903 =( NAMED_UNIT ( * ) SI_UNIT ( $, .STERADIAN. ) SOLID_ANGLE_UNIT ( ) );
#5904 =( LENGTH_UNIT ( ) NAMED_UNIT ( * ) SI_UNIT ( $, .METRE. ) );
#5905 = MECHANICAL_DESIGN_GEOMETRIC_PRESENTATION_REPRESENTATION (  '', ( #1 ), #1853 ) ;
#5906 =( LENGTH_UNIT ( ) NAMED_UNIT ( * ) SI_UNIT ( $, .METRE. ) );
#5907 = ORIENTED_EDGE ( 'NONE', *, *, #898, .F. ) ;
#5908 = VECTOR ( 'NONE', #1921, 39.37007874015748143 ) ;
#5909 = CARTESIAN_POINT ( 'NONE',  ( 0.06929133858267698398, 0.1269685039370082591, 0.02455597819984248892 ) ) ;
#5910 = SURFACE_STYLE_FILL_AREA ( #4543 ) ;
#5911 = CIRCLE ( 'NONE', #4887, 0.003937007874015741038 ) ;
#5912 = VECTOR ( 'NONE', #5248, 39.37007874015748143 ) ;
#5913 = VERTEX_POINT ( 'NONE', #1460 ) ;
#5914 = ORIENTED_EDGE ( 'NONE', *, *, #1753, .F. ) ;
#5915 =( NAMED_UNIT ( * ) SI_UNIT ( $, .STERADIAN. ) SOLID_ANGLE_UNIT ( ) );
#5916 = DIRECTION ( 'NONE',  ( 1.602884491802569361E-15, -1.000000000000000000, 1.644517855226017859E-15 ) ) ;
#5917 = FACE_OUTER_BOUND ( 'NONE', #5077, .T. ) ;
#5918 =( NAMED_UNIT ( * ) PLANE_ANGLE_UNIT ( ) SI_UNIT ( $, .RADIAN. ) );
#5919 = FACE_OUTER_BOUND ( 'NONE', #2770, .T. ) ;
#5920 = VECTOR ( 'NONE', #2536, 39.37007874015748143 ) ;
#5921 = PLANE ( 'NONE',  #5608 ) ;
#5922 = DIRECTION ( 'NONE',  ( 0.0000000000000000000, 1.387778780781445478E-15, 1.000000000000000000 ) ) ;
#5923 = CLOSED_SHELL ( 'NONE', ( #688, #1573, #3064, #1606, #534, #5175, #319, #5938 ) ) ;
#5924 = CYLINDRICAL_SURFACE ( 'NONE', #3763, 0.009105439123007878083 ) ;
#5925 =( NAMED_UNIT ( * ) SI_UNIT ( $, .STERADIAN. ) SOLID_ANGLE_UNIT ( ) );
#5926 =( NAMED_UNIT ( * ) SI_UNIT ( $, .STERADIAN. ) SOLID_ANGLE_UNIT ( ) );
#5927 =( GEOMETRIC_REPRESENTATION_CONTEXT ( 3 ) GLOBAL_UNCERTAINTY_ASSIGNED_CONTEXT ( ( #953 ) ) GLOBAL_UNIT_ASSIGNED_CONTEXT ( ( #1834, #5205, #301 ) ) REPRESENTATION_CONTEXT ( 'NONE', 'WORKASPACE' ) );
#5928 = DIRECTION ( 'NONE',  ( -1.602884491802569361E-15, 1.000000000000000000, -1.644517855226017859E-15 ) ) ;
#5929 = CARTESIAN_POINT ( 'NONE',  ( 0.06429804372452725680, 0.2037401574803153759, 0.02142501171637779464 ) ) ;
#5930 = ORIENTED_EDGE ( 'NONE', *, *, #5383, .T. ) ;
#5931 = ORIENTED_EDGE ( 'NONE', *, *, #200, .F. ) ;
#5932 = ORIENTED_EDGE ( 'NONE', *, *, #3169, .F. ) ;
#5933 = DIMENSIONAL_EXPONENTS ( 1.000000000000000000, 0.0000000000000000000, 0.0000000000000000000, 0.0000000000000000000, 0.0000000000000000000, 0.0000000000000000000, 0.0000000000000000000 ) ;
#5934 = PLANE ( 'NONE',  #4895 ) ;
#5935 = VECTOR ( 'NONE', #5195, 39.37007874015748143 ) ;
#5936 = FILL_AREA_STYLE ('',( #2042 ) ) ;
#5937 = ORIENTED_EDGE ( 'NONE', *, *, #2632, .F. ) ;
#5938 = ADVANCED_FACE ( 'NONE', ( #802 ), #3800, .T. ) ;
#5939 = CARTESIAN_POINT ( 'NONE',  ( 0.06929133858267698398, 0.1269685039370082313, 0.1336614173228346247 ) ) ;
#5940 = EDGE_CURVE ( 'NONE', #1165, #1316, #5495, .T. ) ;
#5941 = AXIS2_PLACEMENT_3D ( 'NONE', #1009, #4498, #1038 ) ;
#5942 = DIRECTION ( 'NONE',  ( -1.000000000000000000, -1.602884491802642922E-15, -4.458096893095998546E-14 ) ) ;
#5943 = ORIENTED_EDGE ( 'NONE', *, *, #57, .F. ) ;
#5944 =( CONVERSION_BASED_UNIT ( 'INCH', #4951 ) LENGTH_UNIT ( ) NAMED_UNIT ( #2920 ) );
#5945 = CIRCLE ( 'NONE', #655, 0.009105439123007878083 ) ;
#5946 = DIRECTION ( 'NONE',  ( -1.602884491802569361E-15, 1.000000000000000000, -1.644517855226017859E-15 ) ) ;
#5947 = VECTOR ( 'NONE', #3231, 39.37007874015748143 ) ;
#5948 = EDGE_CURVE ( 'NONE', #4536, #557, #5400, .T. ) ;
#5949 = AXIS2_PLACEMENT_3D ( 'NONE', #4879, #556, #3912 ) ;
#5950 =( NAMED_UNIT ( * ) SI_UNIT ( $, .STERADIAN. ) SOLID_ANGLE_UNIT ( ) );
#5951 = LINE ( 'NONE', #4985, #3658 ) ;
#5952 = CARTESIAN_POINT ( 'NONE',  ( 0.06018589945968472882, 0.2037401574803154036, -0.07027559055118128006 ) ) ;
#5953 = AXIS2_PLACEMENT_3D ( 'NONE', #4414, #3416, #5339 ) ;
#5954 = DIRECTION ( 'NONE',  ( 1.594929680954395007E-15, -0.9950371902099891530, -0.09950371902099724997 ) ) ;
#5955 = ORIENTED_EDGE ( 'NONE', *, *, #5654, .T. ) ;
#5956 = DIRECTION ( 'NONE',  ( 1.602884491802569361E-15, -1.000000000000000000, 1.644517855226017859E-15 ) ) ;
#5957 = CARTESIAN_POINT ( 'NONE',  ( -0.06929133858267740032, 0.1269685039370080371, 0.1336614173228346247 ) ) ;
#5958 = DIRECTION ( 'NONE',  ( 1.602884491802569361E-15, -1.000000000000000000, 1.644517855226017859E-15 ) ) ;
#5959 = ORIENTED_EDGE ( 'NONE', *, *, #3491, .F. ) ;
#5960 = EDGE_LOOP ( 'NONE', ( #5214, #430, #2417, #854, #5112, #5880, #5193, #271 ) ) ;
#5961 = MECHANICAL_DESIGN_GEOMETRIC_PRESENTATION_REPRESENTATION (  '', ( #3950 ), #4051 ) ;
#5962 = UNCERTAINTY_MEASURE_WITH_UNIT (LENGTH_MEASURE( 1.000000000000000082E-05 ), #5279, 'distance_accuracy_value', 'NONE');
#5963 = DIRECTION ( 'NONE',  ( 1.000000000000000000, 1.602884491802569361E-15, 1.766520851300182945E-16 ) ) ;
#5964 = ORIENTED_EDGE ( 'NONE', *, *, #5746, .T. ) ;
#5965 = SURFACE_SIDE_STYLE ('',( #101 ) ) ;
#5966 =( NAMED_UNIT ( * ) PLANE_ANGLE_UNIT ( ) SI_UNIT ( $, .RADIAN. ) );
#5967 = ORIENTED_EDGE ( 'NONE', *, *, #3772, .F. ) ;
#5968 = DIRECTION ( 'NONE',  ( -1.000000000000000000, -1.602884491802569361E-15, 2.878783784372901366E-31 ) ) ;
#5969 = EDGE_CURVE ( 'NONE', #4291, #3284, #2975, .T. ) ;
#5970 = CARTESIAN_POINT ( 'NONE',  ( 0.08700787401574784641, 0.1269685039370082591, -0.09586614173228349967 ) ) ;
#5971 =( LENGTH_UNIT ( ) NAMED_UNIT ( * ) SI_UNIT ( $, .METRE. ) );
#5972 = DIRECTION ( 'NONE',  ( -1.602884491802569164E-15, 1.000000000000000000, -1.644517855226017859E-15 ) ) ;
#5973 = DIRECTION ( 'NONE',  ( 1.000000000000000000, 1.602884491801618981E-15, -5.779657525473999146E-13 ) ) ;
#5974 = EDGE_CURVE ( 'NONE', #3212, #4726, #3008, .T. ) ;
#5975 =( GEOMETRIC_REPRESENTATION_CONTEXT ( 3 ) GLOBAL_UNCERTAINTY_ASSIGNED_CONTEXT ( ( #5503 ) ) GLOBAL_UNIT_ASSIGNED_CONTEXT ( ( #435, #2465, #5048 ) ) REPRESENTATION_CONTEXT ( 'NONE', 'WORKASPACE' ) );
#5976 = EDGE_CURVE ( 'NONE', #2678, #3498, #545, .T. ) ;
#5977 = CARTESIAN_POINT ( 'NONE',  ( 0.1464566929133861717, -0.1407480314960625756, 0.01515748031496108768 ) ) ;
#5978 = CARTESIAN_POINT ( 'NONE',  ( 0.06018589945968484678, 0.1269685039370082313, 0.02455597819984248892 ) ) ;
#5979 = DIRECTION ( 'NONE',  ( 1.602884491802569361E-15, -1.000000000000000000, 1.644517855226017859E-15 ) ) ;
#5980 = ORIENTED_EDGE ( 'NONE', *, *, #2249, .T. ) ;
#5981 = CARTESIAN_POINT ( 'NONE',  ( 0.01934165959544850363, 0.1998031496062994683, -0.02539370078740173925 ) ) ;
#5982 = ORIENTED_EDGE ( 'NONE', *, *, #4322, .F. ) ;
#5983 = PRESENTATION_LAYER_ASSIGNMENT (  '', '', ( #2446 ) ) ;
#5984 = ORIENTED_EDGE ( 'NONE', *, *, #1924, .F. ) ;
#5985 =( GEOMETRIC_REPRESENTATION_CONTEXT ( 3 ) GLOBAL_UNCERTAINTY_ASSIGNED_CONTEXT ( ( #4265 ) ) GLOBAL_UNIT_ASSIGNED_CONTEXT ( ( #4386, #2347, #2414 ) ) REPRESENTATION_CONTEXT ( 'NONE', 'WORKASPACE' ) );
#5986 = ORIENTED_EDGE ( 'NONE', *, *, #3531, .T. ) ;
#5987 = CARTESIAN_POINT ( 'NONE',  ( 0.06929133858267692847, 0.1564960629921263724, 0.03366141732283457061 ) ) ;
#5988 = SURFACE_STYLE_FILL_AREA ( #3613 ) ;
#5989 = CARTESIAN_POINT ( 'NONE',  ( 0.06018589945968484678, 0.1269685039370082036, 0.1245559781998425014 ) ) ;
#5990 = ORIENTED_EDGE ( 'NONE', *, *, #4317, .F. ) ;
#5991 = CIRCLE ( 'NONE', #1028, 0.003937007874015740171 ) ;
#5992 = CARTESIAN_POINT ( 'NONE',  ( 0.1948818897637792369, 0.2037401574803158200, 0.2486812620939762575 ) ) ;
#5993 = COLOUR_RGB ( '',0.7607843137254901578, 0.7607843137254901578, 0.0000000000000000000 ) ;
#5994 = FACE_OUTER_BOUND ( 'NONE', #4139, .T. ) ;
#5995 = DIRECTION ( 'NONE',  ( -1.000000000000000000, -1.602884491802569361E-15, 2.878783784372901366E-31 ) ) ;
#5996 = VECTOR ( 'NONE', #3648, 39.37007874015748143 ) ;
#5997 = CARTESIAN_POINT ( 'NONE',  ( 0.06018589945968484678, 0.1269685039370082313, 0.1336614173228346247 ) ) ;
#5998 = CARTESIAN_POINT ( 'NONE',  ( 0.1535433070866145389, -0.1722440944881885594, 0.01200787401574855001 ) ) ;
#5999 = COLOUR_RGB ( '',1.000000000000000000, 1.000000000000000000, 1.000000000000000000 ) ;
#6000 = EDGE_CURVE ( 'NONE', #648, #2445, #3480, .T. ) ;
#6001 = FACE_OUTER_BOUND ( 'NONE', #4396, .T. ) ;
#6002 = PRESENTATION_STYLE_ASSIGNMENT (( #5519 ) ) ;
#6003 = VECTOR ( 'NONE', #129, 39.37007874015748143 ) ;
#6004 = ADVANCED_FACE ( 'NONE', ( #3970 ), #3479, .T. ) ;
#6005 = DIRECTION ( 'NONE',  ( -1.296102601205000191E-12, -1.644517855228095916E-15, -1.000000000000000000 ) ) ;
#6006 = CARTESIAN_POINT ( 'NONE',  ( 0.06018589945968472882, 0.1998031496062996071, 0.02455597819984235014 ) ) ;
#6007 = ORIENTED_EDGE ( 'NONE', *, *, #3246, .T. ) ;
#6008 = CARTESIAN_POINT ( 'NONE',  ( -0.06929133858267744195, 0.1564960629921261781, 0.03366141732283457061 ) ) ;
#6009 = STYLED_ITEM ( 'NONE', ( #3941 ), #5938 ) ;
#6010 = DIRECTION ( 'NONE',  ( 1.602884491802569361E-15, -1.000000000000000000, 1.644517855226017859E-15 ) ) ;
#6011 = ORIENTED_EDGE ( 'NONE', *, *, #6040, .T. ) ;
#6012 = ORIENTED_EDGE ( 'NONE', *, *, #2743, .F. ) ;
#6013 = EDGE_CURVE ( 'NONE', #5879, #4262, #578, .T. ) ;
#6014 = AXIS2_PLACEMENT_3D ( 'NONE', #3840, #5147, #6121 ) ;
#6015 = UNCERTAINTY_MEASURE_WITH_UNIT (LENGTH_MEASURE( 1.000000000000000082E-05 ), #1960, 'distance_accuracy_value', 'NONE');
#6016 = DIRECTION ( 'NONE',  ( 1.602884491802569361E-15, -1.000000000000000000, 1.548860246407864322E-15 ) ) ;
#6017 = FILL_AREA_STYLE_COLOUR ( '', #5728 ) ;
#6018 = SURFACE_STYLE_FILL_AREA ( #1774 ) ;
#6019 =( NAMED_UNIT ( * ) SI_UNIT ( $, .STERADIAN. ) SOLID_ANGLE_UNIT ( ) );
#6020 = ORIENTED_EDGE ( 'NONE', *, *, #3532, .T. ) ;
#6021 =( LENGTH_UNIT ( ) NAMED_UNIT ( * ) SI_UNIT ( $, .METRE. ) );
#6022 = VECTOR ( 'NONE', #828, 39.37007874015748143 ) ;
#6023 = SURFACE_SIDE_STYLE ('',( #2693 ) ) ;
#6024 = FACE_OUTER_BOUND ( 'NONE', #2270, .T. ) ;
#6025 = SURFACE_STYLE_USAGE ( .BOTH. , #1697 ) ;
#6026 = COLOUR_RGB ( '',1.000000000000000000, 1.000000000000000000, 1.000000000000000000 ) ;
#6027 = MECHANICAL_DESIGN_GEOMETRIC_PRESENTATION_REPRESENTATION (  '', ( #3597 ), #327 ) ;
#6028 = SURFACE_SIDE_STYLE ('',( #3199 ) ) ;
#6029 =( LENGTH_UNIT ( ) NAMED_UNIT ( * ) SI_UNIT ( $, .METRE. ) );
#6030 = AXIS2_PLACEMENT_3D ( 'NONE', #1567, #2126, #582 ) ;
#6031 = MECHANICAL_DESIGN_GEOMETRIC_PRESENTATION_REPRESENTATION (  '', ( #2399 ), #2794 ) ;
#6032 = CARTESIAN_POINT ( 'NONE',  ( 0.01209712494558641202, 0.1269685039370081203, 0.1190400250338188581 ) ) ;
#6033 = VECTOR ( 'NONE', #5794, 39.37007874015748143 ) ;
#6034 = FILL_AREA_STYLE_COLOUR ( '', #1735 ) ;
#6035 = COLOUR_RGB ( '',0.7607843137254901578, 0.7607843137254901578, 0.0000000000000000000 ) ;
#6036 = CARTESIAN_POINT ( 'NONE',  ( -0.06929133858267744195, 0.1564960629921260948, -0.1253937007874016685 ) ) ;
#6037 = PRESENTATION_STYLE_ASSIGNMENT (( #4122 ) ) ;
#6038 = PRESENTATION_STYLE_ASSIGNMENT (( #1616 ) ) ;
#6039 = ORIENTED_EDGE ( 'NONE', *, *, #3242, .T. ) ;
#6040 = EDGE_CURVE ( 'NONE', #4300, #158, #2092, .T. ) ;
#6041 = AXIS2_PLACEMENT_3D ( 'NONE', #1425, #4373, #2901 ) ;
#6042 =( GEOMETRIC_REPRESENTATION_CONTEXT ( 3 ) GLOBAL_UNCERTAINTY_ASSIGNED_CONTEXT ( ( #3289 ) ) GLOBAL_UNIT_ASSIGNED_CONTEXT ( ( #584, #3585, #226 ) ) REPRESENTATION_CONTEXT ( 'NONE', 'WORKASPACE' ) );
#6043 = DIRECTION ( 'NONE',  ( -0.7213327287321930070, -1.723857616129877395E-17, 0.6925886906813946142 ) ) ;
#6044 = EDGE_LOOP ( 'NONE', ( #5695, #1819, #308, #1776 ) ) ;
#6045 = EDGE_CURVE ( 'NONE', #4917, #1529, #1152, .T. ) ;
#6046 = ORIENTED_EDGE ( 'NONE', *, *, #5532, .F. ) ;
#6047 = VECTOR ( 'NONE', #143, 39.37007874015748143 ) ;
#6048 = DIRECTION ( 'NONE',  ( -0.7956271577885686286, -1.875148439272791725E-15, -0.6057866173738771787 ) ) ;
#6049 = PLANE ( 'NONE',  #3303 ) ;
#6050 = DIRECTION ( 'NONE',  ( -2.348093788196917952E-30, 1.644517855226018450E-15, 1.000000000000000000 ) ) ;
#6051 =( NAMED_UNIT ( * ) SI_UNIT ( $, .STERADIAN. ) SOLID_ANGLE_UNIT ( ) );
#6052 = EDGE_CURVE ( 'NONE', #3103, #5901, #2561, .T. ) ;
#6053 = VERTEX_POINT ( 'NONE', #3510 ) ;
#6054 = EDGE_CURVE ( 'NONE', #560, #648, #4004, .T. ) ;
#6055 = COLOUR_RGB ( '',1.000000000000000000, 1.000000000000000000, 1.000000000000000000 ) ;
#6056 = SURFACE_STYLE_USAGE ( .BOTH. , #806 ) ;
#6057 = CARTESIAN_POINT ( 'NONE',  ( 0.01934165959544849669, 0.2037401574803152371, -0.02145669291338599474 ) ) ;
#6058 = DIRECTION ( 'NONE',  ( 1.594929680954394613E-15, -0.9950371902099890420, 0.09950371902100052512 ) ) ;
#6059 = CIRCLE ( 'NONE', #6267, 0.003937007874015741038 ) ;
#6060 = DIRECTION ( 'NONE',  ( 1.602884491802569361E-15, -1.000000000000000000, 1.644517855226018450E-15 ) ) ;
#6061 = LINE ( 'NONE', #683, #4411 ) ;
#6062 = LENGTH_MEASURE_WITH_UNIT ( LENGTH_MEASURE( 0.02539999999999999897 ), #140 );
#6063 =( NAMED_UNIT ( * ) SI_UNIT ( $, .STERADIAN. ) SOLID_ANGLE_UNIT ( ) );
#6064 = LENGTH_MEASURE_WITH_UNIT ( LENGTH_MEASURE( 0.02539999999999999897 ), #4603 );
#6065 = DIRECTION ( 'NONE',  ( -1.602884491802569361E-15, 1.000000000000000000, -1.644517855226018450E-15 ) ) ;
#6066 = CARTESIAN_POINT ( 'NONE',  ( 0.06743043410952737071, 0.1269685039370082313, -0.1107723084983622541 ) ) ;
#6067 = FACE_OUTER_BOUND ( 'NONE', #3884, .T. ) ;
#6068 = SURFACE_STYLE_USAGE ( .BOTH. , #4181 ) ;
#6069 = FACE_OUTER_BOUND ( 'NONE', #5590, .T. ) ;
#6070 = LENGTH_MEASURE_WITH_UNIT ( LENGTH_MEASURE( 0.02539999999999999897 ), #2207 );
#6071 = ORIENTED_EDGE ( 'NONE', *, *, #1604, .T. ) ;
#6072 = CARTESIAN_POINT ( 'NONE',  ( -0.06929133858267740032, 0.1269685039370080093, -0.1253937007874016407 ) ) ;
#6073 = EDGE_LOOP ( 'NONE', ( #3024, #4011, #1979, #2540, #5599, #5122 ) ) ;
#6074 = FACE_OUTER_BOUND ( 'NONE', #1569, .T. ) ;
#6075 = ORIENTED_EDGE ( 'NONE', *, *, #3972, .F. ) ;
#6076 = UNCERTAINTY_MEASURE_WITH_UNIT (LENGTH_MEASURE( 1.000000000000000082E-05 ), #5625, 'distance_accuracy_value', 'NONE');
#6077 = LINE ( 'NONE', #1711, #5682 ) ;
#6078 = DIRECTION ( 'NONE',  ( 1.602884491802569361E-15, -1.000000000000000000, 1.644517855226017859E-15 ) ) ;
#6079 =( LENGTH_UNIT ( ) NAMED_UNIT ( * ) SI_UNIT ( $, .METRE. ) );
#6080 = CARTESIAN_POINT ( 'NONE',  ( 0.1948818897637793202, 0.1564960629921266222, 0.1820866141732282728 ) ) ;
#6081 = STYLED_ITEM ( 'NONE', ( #3060 ), #6159 ) ;
#6082 = ORIENTED_EDGE ( 'NONE', *, *, #3031, .T. ) ;
#6083 = LINE ( 'NONE', #1777, #2045 ) ;
#6084 = EDGE_CURVE ( 'NONE', #3615, #1846, #1497, .T. ) ;
#6085 = DIRECTION ( 'NONE',  ( 1.602884491802569361E-15, -1.000000000000000000, 1.644517855226018450E-15 ) ) ;
#6086 = ORIENTED_EDGE ( 'NONE', *, *, #2028, .T. ) ;
#6087 = CARTESIAN_POINT ( 'NONE',  ( -0.08720472440944879167, -0.06003937007874045328, -0.09251968503936990051 ) ) ;
#6088 = EDGE_CURVE ( 'NONE', #1902, #734, #2945, .T. ) ;
#6089 = EDGE_CURVE ( 'NONE', #531, #1769, #4693, .T. ) ;
#6090 = DIRECTION ( 'NONE',  ( -2.348093788196917952E-30, 1.644517855226018450E-15, 1.000000000000000000 ) ) ;
#6091 = PLANE ( 'NONE',  #2263 ) ;
#6092 = VECTOR ( 'NONE', #727, 39.37007874015748143 ) ;
#6093 =( CONVERSION_BASED_UNIT ( 'INCH', #815 ) LENGTH_UNIT ( ) NAMED_UNIT ( #1035 ) );
#6094 = DIRECTION ( 'NONE',  ( -0.7715274047096022381, -2.282905139954358816E-15, -0.6361960890968018090 ) ) ;
#6095 = MECHANICAL_DESIGN_GEOMETRIC_PRESENTATION_REPRESENTATION (  '', ( #5574 ), #5274 ) ;
#6096 = PRESENTATION_LAYER_ASSIGNMENT (  '', '', ( #5275 ) ) ;
#6097 = EDGE_CURVE ( 'NONE', #2387, #5493, #1194, .T. ) ;
#6098 = DIRECTION ( 'NONE',  ( -2.348093788196917952E-30, 1.644517855226018450E-15, 1.000000000000000000 ) ) ;
#6099 = DIRECTION ( 'NONE',  ( 0.0000000000000000000, 1.387778780781445478E-15, 1.000000000000000000 ) ) ;
#6100 = VECTOR ( 'NONE', #1359, 39.37007874015748143 ) ;
#6101 = VECTOR ( 'NONE', #1144, 39.37007874015748143 ) ;
#6102 = LINE ( 'NONE', #5579, #1442 ) ;
#6103 = CARTESIAN_POINT ( 'NONE',  ( 0.06429804372452725680, 0.2037401574803154036, -0.07857498828362222132 ) ) ;
#6104 = CARTESIAN_POINT ( 'NONE',  ( -0.1948818897637798475, 0.1564960629921260116, -0.1738188976377948169 ) ) ;
#6105 =( NAMED_UNIT ( * ) PLANE_ANGLE_UNIT ( ) SI_UNIT ( $, .RADIAN. ) );
#6106 = VECTOR ( 'NONE', #5784, 39.37007874015748143 ) ;
#6107 = TOROIDAL_SURFACE ( 'NONE', #385, 0.005168431248992125769, 0.003937007874015747977 ) ;
#6108 = CARTESIAN_POINT ( 'NONE',  ( -0.1464566929133855611, -0.1722440944881890867, 0.09311023622047295834 ) ) ;
#6109 = CARTESIAN_POINT ( 'NONE',  ( -0.007480314960630252488, 0.2037401574803152371, 0.004133858267716384455 ) ) ;
#6110 = EDGE_LOOP ( 'NONE', ( #3784, #2426, #3334, #3150 ) ) ;
#6111 = FILL_AREA_STYLE_COLOUR ( '', #3863 ) ;
#6112 = CARTESIAN_POINT ( 'NONE',  ( 0.01934165962471621689, 0.1998031496062994405, 0.07460629921259827324 ) ) ;
#6113 = ORIENTED_EDGE ( 'NONE', *, *, #5038, .F. ) ;
#6114 = CARTESIAN_POINT ( 'NONE',  ( 0.01830074866882645118, 0.1998031496062994405, 0.07854330708661402816 ) ) ;
#6115 = ORIENTED_EDGE ( 'NONE', *, *, #1241, .F. ) ;
#6116 = VECTOR ( 'NONE', #6245, 39.37007874015748143 ) ;
#6117 = DIRECTION ( 'NONE',  ( 9.631373050316002764E-14, -1.644517855225863834E-15, -1.000000000000000000 ) ) ;
#6118 = DIRECTION ( 'NONE',  ( 1.594929680954371539E-16, -0.09950371902099727772, 0.9950371902099893751 ) ) ;
#6119 = DIRECTION ( 'NONE',  ( -2.364801230464485631E-30, 1.644517855226018450E-15, 1.000000000000000000 ) ) ;
#6120 = DIRECTION ( 'NONE',  ( -1.602884491802569361E-15, 1.000000000000000000, -1.644517855226017859E-15 ) ) ;
#6121 = DIRECTION ( 'NONE',  ( 0.0000000000000000000, 0.0000000000000000000, -1.000000000000000000 ) ) ;
#6122 = CARTESIAN_POINT ( 'NONE',  ( 0.06018589945968484678, 0.1269685039370083146, -0.06633858267716538637 ) ) ;
#6123 = LENGTH_MEASURE_WITH_UNIT ( LENGTH_MEASURE( 0.02539999999999999897 ), #2689 );
#6124 = VERTEX_POINT ( 'NONE', #3601 ) ;
#6125 = SURFACE_SIDE_STYLE ('',( #4658 ) ) ;
#6126 = CARTESIAN_POINT ( 'NONE',  ( -0.1499999999999997446, -0.1564960629921260671, 0.1135826771653548339 ) ) ;
#6127 = DIRECTION ( 'NONE',  ( -2.348093788196917952E-30, 1.644517855226018450E-15, 1.000000000000000000 ) ) ;
#6128 = VECTOR ( 'NONE', #5725, 39.37007874015748143 ) ;
#6129 = EDGE_CURVE ( 'NONE', #3541, #3103, #735, .T. ) ;
#6130 = ADVANCED_FACE ( 'NONE', ( #4617 ), #2237, .T. ) ;
#6131 = COLOUR_RGB ( '',0.7607843137254901578, 0.7607843137254901578, 0.0000000000000000000 ) ;
#6132 = ORIENTED_EDGE ( 'NONE', *, *, #5101, .T. ) ;
#6133 = FILL_AREA_STYLE ('',( #5049 ) ) ;
#6134 = VECTOR ( 'NONE', #4486, 39.37007874015748143 ) ;
#6135 = CARTESIAN_POINT ( 'NONE',  ( 0.06122681038629890909, 0.1998031496062996903, -0.07027559055118126619 ) ) ;
#6136 = LINE ( 'NONE', #4272, #2565 ) ;
#6137 =( NAMED_UNIT ( * ) PLANE_ANGLE_UNIT ( ) SI_UNIT ( $, .RADIAN. ) );
#6138 = AXIS2_PLACEMENT_3D ( 'NONE', #6219, #5741, #6090 ) ;
#6139 = CARTESIAN_POINT ( 'NONE',  ( -0.1948818897637795144, -0.05413385826771657111, -0.1738188976377951778 ) ) ;
#6140 = CARTESIAN_POINT ( 'NONE',  ( 0.1535433070866143168, -0.02263779527559011892, 0.1151574803149608972 ) ) ;
#6141 = EDGE_LOOP ( 'NONE', ( #3239, #6020, #132, #6226 ) ) ;
#6142 =( NAMED_UNIT ( * ) PLANE_ANGLE_UNIT ( ) SI_UNIT ( $, .RADIAN. ) );
#6143 = VERTEX_POINT ( 'NONE', #6072 ) ;
#6144 = ORIENTED_EDGE ( 'NONE', *, *, #4359, .T. ) ;
#6145 = UNCERTAINTY_MEASURE_WITH_UNIT (LENGTH_MEASURE( 1.000000000000000082E-05 ), #5509, 'distance_accuracy_value', 'NONE');
#6146 = PRESENTATION_LAYER_ASSIGNMENT (  '', '', ( #1797 ) ) ;
#6147 = DIRECTION ( 'NONE',  ( -1.602884491802569361E-15, 1.000000000000000000, -1.644517855226018450E-15 ) ) ;
#6148 = DIRECTION ( 'NONE',  ( -1.000000000000000000, -1.602884491802569361E-15, 2.711709361697226329E-31 ) ) ;
#6149 = VECTOR ( 'NONE', #5973, 39.37007874015748143 ) ;
#6150 = DIRECTION ( 'NONE',  ( -2.348093788196917952E-30, 1.644517855226018450E-15, 1.000000000000000000 ) ) ;
#6151 = DIMENSIONAL_EXPONENTS ( 1.000000000000000000, 0.0000000000000000000, 0.0000000000000000000, 0.0000000000000000000, 0.0000000000000000000, 0.0000000000000000000, 0.0000000000000000000 ) ;
#6152 = ORIENTED_EDGE ( 'NONE', *, *, #5102, .F. ) ;
#6153 = FILL_AREA_STYLE ('',( #574 ) ) ;
#6154 = STYLED_ITEM ( 'NONE', ( #254 ), #2832 ) ;
#6155 = FILL_AREA_STYLE ('',( #382 ) ) ;
#6156 = DIRECTION ( 'NONE',  ( 1.602884491802569361E-15, -1.000000000000000000, 1.644517855226017859E-15 ) ) ;
#6157 = MECHANICAL_DESIGN_GEOMETRIC_PRESENTATION_REPRESENTATION (  '', ( #3324 ), #5757 ) ;
#6158 =( NAMED_UNIT ( * ) SI_UNIT ( $, .STERADIAN. ) SOLID_ANGLE_UNIT ( ) );
#6159 = ADVANCED_FACE ( 'NONE', ( #267 ), #3637, .F. ) ;
#6160 = UNCERTAINTY_MEASURE_WITH_UNIT (LENGTH_MEASURE( 1.000000000000000082E-05 ), #2688, 'distance_accuracy_value', 'NONE');
#6161 = ORIENTED_EDGE ( 'NONE', *, *, #5150, .T. ) ;
#6162 = VERTEX_POINT ( 'NONE', #6008 ) ;
#6163 = FILL_AREA_STYLE_COLOUR ( '', #749 ) ;
#6164 = SURFACE_SIDE_STYLE ('',( #2121 ) ) ;
#6165 = DIRECTION ( 'NONE',  ( 1.602884491802569361E-15, -1.000000000000000000, 1.644517855226017859E-15 ) ) ;
#6166 = CARTESIAN_POINT ( 'NONE',  ( 0.01934165959544855914, 0.1643700787401577434, -0.1162882616643937939 ) ) ;
#6167 =( NAMED_UNIT ( * ) SI_UNIT ( $, .STERADIAN. ) SOLID_ANGLE_UNIT ( ) );
#6168 = EDGE_CURVE ( 'NONE', #4857, #1023, #5550, .T. ) ;
#6169 = EDGE_CURVE ( 'NONE', #2887, #4723, #3148, .T. ) ;
#6170 = EDGE_CURVE ( 'NONE', #3748, #1716, #1162, .T. ) ;
#6171 = DIRECTION ( 'NONE',  ( -1.602884491802569361E-15, 1.000000000000000000, -1.644517855226017859E-15 ) ) ;
#6172 = SURFACE_SIDE_STYLE ('',( #4249 ) ) ;
#6173 = ORIENTED_EDGE ( 'NONE', *, *, #6088, .T. ) ;
#6174 = CARTESIAN_POINT ( 'NONE',  ( 0.06018589945968478433, 0.1643700787401578822, 0.03366141732283455673 ) ) ;
#6175 = FILL_AREA_STYLE_COLOUR ( '', #5607 ) ;
#6176 = EDGE_LOOP ( 'NONE', ( #1091, #417, #3043, #5767, #4674, #700 ) ) ;
#6177 = AXIS2_PLACEMENT_3D ( 'NONE', #905, #3384, #5338 ) ;
#6178 = FACE_OUTER_BOUND ( 'NONE', #5385, .T. ) ;
#6179 = DIMENSIONAL_EXPONENTS ( 1.000000000000000000, 0.0000000000000000000, 0.0000000000000000000, 0.0000000000000000000, 0.0000000000000000000, 0.0000000000000000000, 0.0000000000000000000 ) ;
#6180 = FACE_OUTER_BOUND ( 'NONE', #407, .T. ) ;
#6181 = DIRECTION ( 'NONE',  ( -1.000000000000000000, -1.602884491802569361E-15, 2.878783784372901366E-31 ) ) ;
#6182 = ORIENTED_EDGE ( 'NONE', *, *, #3101, .F. ) ;
#6183 = PLANE ( 'NONE',  #5270 ) ;
#6184 = ORIENTED_EDGE ( 'NONE', *, *, #88, .T. ) ;
#6185 = LENGTH_MEASURE_WITH_UNIT ( LENGTH_MEASURE( 0.02539999999999999897 ), #845 );
#6186 = VERTEX_POINT ( 'NONE', #5106 ) ;
#6187 = DIRECTION ( 'NONE',  ( 0.0000000000000000000, 0.0000000000000000000, 1.000000000000000000 ) ) ;
#6188 = SURFACE_STYLE_USAGE ( .BOTH. , #955 ) ;
#6189 = LINE ( 'NONE', #3294, #3907 ) ;
#6190 = PRESENTATION_LAYER_ASSIGNMENT (  '', '', ( #3552 ) ) ;
#6191 = PRESENTATION_STYLE_ASSIGNMENT (( #3398 ) ) ;
#6192 = ORIENTED_EDGE ( 'NONE', *, *, #977, .F. ) ;
#6193 = ORIENTED_EDGE ( 'NONE', *, *, #4915, .T. ) ;
#6194 = ORIENTED_EDGE ( 'NONE', *, *, #4007, .F. ) ;
#6195 = CARTESIAN_POINT ( 'NONE',  ( 0.01209712494559034984, 0.1269685039370080926, 0.08922769150163382956 ) ) ;
#6196 = AXIS2_PLACEMENT_3D ( 'NONE', #3373, #4434, #5297 ) ;
#6197 = FILL_AREA_STYLE_COLOUR ( '', #4184 ) ;
#6198 = SURFACE_STYLE_USAGE ( .BOTH. , #4608 ) ;
#6199 = CARTESIAN_POINT ( 'NONE',  ( 0.08720472440944881942, -0.06003937007873985654, 0.1007874015748034119 ) ) ;
#6200 = VECTOR ( 'NONE', #5972, 39.37007874015748143 ) ;
#6201 = ADVANCED_FACE ( 'NONE', ( #767 ), #4529, .T. ) ;
#6202 = LINE ( 'NONE', #3794, #310 ) ;
#6203 = ORIENTED_EDGE ( 'NONE', *, *, #2110, .F. ) ;
#6204 = EDGE_CURVE ( 'NONE', #1378, #4321, #5169, .T. ) ;
#6205 = VECTOR ( 'NONE', #3225, 39.37007874015748143 ) ;
#6206 = PRESENTATION_LAYER_ASSIGNMENT (  '', '', ( #1964 ) ) ;
#6207 =( CONVERSION_BASED_UNIT ( 'INCH', #1294 ) LENGTH_UNIT ( ) NAMED_UNIT ( #5687 ) );
#6208 =( LENGTH_UNIT ( ) NAMED_UNIT ( * ) SI_UNIT ( $, .METRE. ) );
#6209 = SURFACE_STYLE_USAGE ( .BOTH. , #2345 ) ;
#6210 = PRESENTATION_LAYER_ASSIGNMENT (  '', '', ( #1861 ) ) ;
#6211 = CARTESIAN_POINT ( 'NONE',  ( -0.1948818897637795144, -0.05413385826771657111, 0.1820866141732286614 ) ) ;
#6212 = CARTESIAN_POINT ( 'NONE',  ( -0.06929133858267744195, 0.1564960629921261226, 0.1336614173228345692 ) ) ;
#6213 = EDGE_CURVE ( 'NONE', #1732, #3327, #4710, .T. ) ;
#6214 = LINE ( 'NONE', #3804, #3372 ) ;
#6215 = ORIENTED_EDGE ( 'NONE', *, *, #1955, .F. ) ;
#6216 = LENGTH_MEASURE_WITH_UNIT ( LENGTH_MEASURE( 0.02539999999999999897 ), #3807 );
#6217 =( GEOMETRIC_REPRESENTATION_CONTEXT ( 3 ) GLOBAL_UNCERTAINTY_ASSIGNED_CONTEXT ( ( #893 ) ) GLOBAL_UNIT_ASSIGNED_CONTEXT ( ( #4470, #2004, #2031 ) ) REPRESENTATION_CONTEXT ( 'NONE', 'WORKASPACE' ) );
#6218 = ORIENTED_EDGE ( 'NONE', *, *, #2071, .T. ) ;
#6219 = CARTESIAN_POINT ( 'NONE',  ( 0.06929133858267687296, 0.1958661417322838105, -0.1253937007874017240 ) ) ;
#6220 = COLOUR_RGB ( '',1.000000000000000000, 1.000000000000000000, 1.000000000000000000 ) ;
#6221 = LINE ( 'NONE', #4794, #5908 ) ;
#6222 = CARTESIAN_POINT ( 'NONE',  ( -0.1535433070866141225, -0.02263779527559058036, 0.01515748031496088298 ) ) ;
#6223 = UNCERTAINTY_MEASURE_WITH_UNIT (LENGTH_MEASURE( 1.000000000000000082E-05 ), #1518, 'distance_accuracy_value', 'NONE');
#6224 = ORIENTED_EDGE ( 'NONE', *, *, #3685, .T. ) ;
#6225 = VECTOR ( 'NONE', #5103, 39.37007874015748143 ) ;
#6226 = ORIENTED_EDGE ( 'NONE', *, *, #3650, .F. ) ;
#6227 = VERTEX_POINT ( 'NONE', #1897 ) ;
#6228 = CARTESIAN_POINT ( 'NONE',  ( 0.06889763779527553755, 0.04350393700787442280, 0.1702755905511812440 ) ) ;
#6229 = AXIS2_PLACEMENT_3D ( 'NONE', #3502, #5435, #1097 ) ;
#6230 = LENGTH_MEASURE_WITH_UNIT ( LENGTH_MEASURE( 0.02539999999999999897 ), #4743 );
#6231 = CARTESIAN_POINT ( 'NONE',  ( -0.06929133858267744195, 0.1564960629921260948, -0.1253937007874016685 ) ) ;
#6232 =( CONVERSION_BASED_UNIT ( 'INCH', #538 ) LENGTH_UNIT ( ) NAMED_UNIT ( #1638 ) );
#6233 = PRESENTATION_STYLE_ASSIGNMENT (( #6300 ) ) ;
#6234 =( NAMED_UNIT ( * ) SI_UNIT ( $, .STERADIAN. ) SOLID_ANGLE_UNIT ( ) );
#6235 = PRESENTATION_LAYER_ASSIGNMENT (  '', '', ( #3597 ) ) ;
#6236 = FILL_AREA_STYLE ('',( #4216 ) ) ;
#6237 = DIMENSIONAL_EXPONENTS ( 1.000000000000000000, 0.0000000000000000000, 0.0000000000000000000, 0.0000000000000000000, 0.0000000000000000000, 0.0000000000000000000, 0.0000000000000000000 ) ;
#6238 = VECTOR ( 'NONE', #4824, 39.37007874015748854 ) ;
#6239 =( GEOMETRIC_REPRESENTATION_CONTEXT ( 3 ) GLOBAL_UNCERTAINTY_ASSIGNED_CONTEXT ( ( #4326 ) ) GLOBAL_UNIT_ASSIGNED_CONTEXT ( ( #164, #3654, #3624 ) ) REPRESENTATION_CONTEXT ( 'NONE', 'WORKASPACE' ) );
#6240 = ORIENTED_EDGE ( 'NONE', *, *, #570, .T. ) ;
#6241 = ADVANCED_FACE ( 'NONE', ( #1290 ), #3756, .F. ) ;
#6242 = CARTESIAN_POINT ( 'NONE',  ( 0.06929133858267698398, 0.1269685039370082313, 0.1245559781998425014 ) ) ;
#6243 = SURFACE_STYLE_USAGE ( .BOTH. , #4846 ) ;
#6244 = CIRCLE ( 'NONE', #558, 0.009105439123007872879 ) ;
#6245 = DIRECTION ( 'NONE',  ( 1.000000000000000000, 1.602884491802569361E-15, -2.711709361697226329E-31 ) ) ;
#6246 = AXIS2_PLACEMENT_3D ( 'NONE', #5213, #449, #6280 ) ;
#6247 = SURFACE_STYLE_USAGE ( .BOTH. , #2748 ) ;
#6248 = ORIENTED_EDGE ( 'NONE', *, *, #3937, .T. ) ;
#6249 = APPLICATION_PROTOCOL_DEFINITION ( 'draft international standard', 'automotive_design', 1998, #317 ) ;
#6250 = DIRECTION ( 'NONE',  ( 1.000000000000000000, 1.602884491802569361E-15, -2.711709361697224578E-31 ) ) ;
#6251 = ORIENTED_EDGE ( 'NONE', *, *, #5969, .F. ) ;
#6252 = STYLED_ITEM ( 'NONE', ( #5526 ), #1523 ) ;
#6253 = ADVANCED_FACE ( 'NONE', ( #1833 ), #2405, .T. ) ;
#6254 = EDGE_LOOP ( 'NONE', ( #1565, #3014, #4155, #4945 ) ) ;
#6255 = ADVANCED_FACE ( 'NONE', ( #5149 ), #1328, .T. ) ;
#6256 = CARTESIAN_POINT ( 'NONE',  ( 0.08720472440944884718, -0.06003937007874016879, -0.09251968503936990051 ) ) ;
#6257 = LENGTH_MEASURE_WITH_UNIT ( LENGTH_MEASURE( 0.02539999999999999897 ), #2388 );
#6258 = SURFACE_STYLE_USAGE ( .BOTH. , #6288 ) ;
#6259 = MECHANICAL_DESIGN_GEOMETRIC_PRESENTATION_REPRESENTATION (  '', ( #1903 ), #4534 ) ;
#6260 = SURFACE_SIDE_STYLE ('',( #3397 ) ) ;
#6261 = PRESENTATION_LAYER_ASSIGNMENT (  '', '', ( #5336 ) ) ;
#6262 = ORIENTED_EDGE ( 'NONE', *, *, #395, .T. ) ;
#6263 = EDGE_LOOP ( 'NONE', ( #1689, #4890, #526, #3568 ) ) ;
#6264 = FACE_OUTER_BOUND ( 'NONE', #2619, .T. ) ;
#6265 = EDGE_LOOP ( 'NONE', ( #5748, #1103, #3874, #5412, #5232, #3988, #4948, #3917 ) ) ;
#6266 = LINE ( 'NONE', #1930, #1594 ) ;
#6267 = AXIS2_PLACEMENT_3D ( 'NONE', #901, #2368, #2966 ) ;
#6268 = FILL_AREA_STYLE_COLOUR ( '', #3360 ) ;
#6269 = LINE ( 'NONE', #929, #2454 ) ;
#6270 =( LENGTH_UNIT ( ) NAMED_UNIT ( * ) SI_UNIT ( $, .METRE. ) );
#6271 = LINE ( 'NONE', #52, #5128 ) ;
#6272 =( NAMED_UNIT ( * ) PLANE_ANGLE_UNIT ( ) SI_UNIT ( $, .RADIAN. ) );
#6273 = CARTESIAN_POINT ( 'NONE',  ( 0.06018589945968479821, 0.1564960629921264001, -0.06633858267716544188 ) ) ;
#6274 = LENGTH_MEASURE_WITH_UNIT ( LENGTH_MEASURE( 0.02539999999999999897 ), #3862 );
#6275 = FILL_AREA_STYLE_COLOUR ( '', #4165 ) ;
#6276 = ORIENTED_EDGE ( 'NONE', *, *, #606, .T. ) ;
#6277 =( LENGTH_UNIT ( ) NAMED_UNIT ( * ) SI_UNIT ( $, .METRE. ) );
#6278 = CARTESIAN_POINT ( 'NONE',  ( 0.04940944881889762497, -0.05413385826771629356, 0.1007874015748033980 ) ) ;
#6279 = SURFACE_STYLE_USAGE ( .BOTH. , #2244 ) ;
#6280 = DIRECTION ( 'NONE',  ( -2.348093788196917952E-30, 1.644517855226018450E-15, 1.000000000000000000 ) ) ;
#6281 = FACE_OUTER_BOUND ( 'NONE', #1407, .T. ) ;
#6282 = CARTESIAN_POINT ( 'NONE',  ( 0.06018589945968479821, 0.1564960629921263724, 0.03366141732283457061 ) ) ;
#6283 = EDGE_LOOP ( 'NONE', ( #2128, #6075, #5314, #2427, #238, #6012, #5622, #5182 ) ) ;
#6284 = UNCERTAINTY_MEASURE_WITH_UNIT (LENGTH_MEASURE( 1.000000000000000082E-05 ), #4614, 'distance_accuracy_value', 'NONE');
#6285 = ORIENTED_EDGE ( 'NONE', *, *, #3651, .T. ) ;
#6286 = CARTESIAN_POINT ( 'NONE',  ( -0.1464566929133855611, -0.1722440944881890035, -0.08799212598425146248 ) ) ;
#6287 = SURFACE_STYLE_FILL_AREA ( #422 ) ;
#6288 = SURFACE_SIDE_STYLE ('',( #849 ) ) ;
#6289 = ADVANCED_FACE ( 'NONE', ( #5537 ), #5562, .T. ) ;
#6290 = CARTESIAN_POINT ( 'NONE',  ( 0.06018589943271623194, 0.1998031496062995516, -0.02539370078740173925 ) ) ;
#6291 = EDGE_CURVE ( 'NONE', #5353, #4917, #746, .T. ) ;
#6292 = VERTEX_POINT ( 'NONE', #6122 ) ;
#6293 = ORIENTED_EDGE ( 'NONE', *, *, #4241, .F. ) ;
#6294 = CARTESIAN_POINT ( 'NONE',  ( 0.06929133858267698398, 0.1269685039370082036, -0.01628826166424806460 ) ) ;
#6295 = DIRECTION ( 'NONE',  ( -6.762023144706918568E-10, 1.000000000000000000, 8.919191143228396171E-14 ) ) ;
#6296 = VECTOR ( 'NONE', #1220, 39.37007874015748143 ) ;
#6297 = EDGE_CURVE ( 'NONE', #429, #4430, #6083, .T. ) ;
#6298 = CARTESIAN_POINT ( 'NONE',  ( -0.06889763779527567633, 0.04350393700787420076, 0.1702755905511812440 ) ) ;
#6299 = PLANE ( 'NONE',  #2409 ) ;
#6300 = SURFACE_STYLE_USAGE ( .BOTH. , #1426 ) ;
#6301 = LINE ( 'NONE', #1386, #1481 ) ;
#6302 = AXIS2_PLACEMENT_3D ( 'NONE', #5705, #3252, #4754 ) ;
#6303 = CARTESIAN_POINT ( 'NONE',  ( 0.06018589945968478433, 0.1643700787401578545, 0.1336614173228345692 ) ) ;
#6304 =( CONVERSION_BASED_UNIT ( 'INCH', #6274 ) LENGTH_UNIT ( ) NAMED_UNIT ( #540 ) );
#6305 = SURFACE_STYLE_FILL_AREA ( #543 ) ;
#6306 = VECTOR ( 'NONE', #900, 39.37007874015748143 ) ;
#6307 = DIMENSIONAL_EXPONENTS ( 1.000000000000000000, 0.0000000000000000000, 0.0000000000000000000, 0.0000000000000000000, 0.0000000000000000000, 0.0000000000000000000, 0.0000000000000000000 ) ;
#6308 = CARTESIAN_POINT ( 'NONE',  ( 0.01934165959548794084, 0.1564960629921262059, -0.02539370078740165945 ) ) ;
#6309 =( CONVERSION_BASED_UNIT ( 'INCH', #2443 ) LENGTH_UNIT ( ) NAMED_UNIT ( #465 ) );
ENDSEC;
END-ISO-10303-21;
